bag_id,footprint_area_m2,point_count,roof_density_pts_m2,below_10,has_verblijfsobject,gebruiksdoel,bouwjaar,status,building_class_points,building_class_ratio,ground_class_points,ground_class_ratio
0503100000001494,62.02,3673,59.22,false,true,woonfunctie,1965,Pand in gebruik,3057,0.8323,4,0.0011
0503100000001495,62.00,3737,60.27,false,true,woonfunctie,1965,Pand in gebruik,3095,0.8282,7,0.0019
0503100000001496,6.95,381,54.79,false,false,,1991,Pand in gebruik,329,0.8635,0,0.0000
0503100000001498,60.51,3574,59.06,false,true,woonfunctie,1991,Pand in gebruik,2863,0.8011,2,0.0006
0503100000001499,884.56,74928,84.71,false,true,"overige gebruiksfunctie,woonfunctie",1963,Pand in gebruik,45603,0.6086,20,0.0003
0503100000001500,18.34,2496,136.09,false,true,overige gebruiksfunctie,1961,Pand in gebruik,592,0.2372,1,0.0004
0503100000001501,16.85,1372,81.41,false,true,overige gebruiksfunctie,1961,Pand in gebruik,302,0.2201,0,0.0000
0503100000001502,118.27,2203,18.63,false,true,winkelfunctie,1974,Pand in gebruik,2086,0.9469,7,0.0032
0503100000001545,424.16,12504,29.48,false,true,sportfunctie,1967,Pand in gebruik,10987,0.8787,14,0.0011
0503100000001546,15.42,574,37.21,false,false,,1967,Pand in gebruik,379,0.6603,8,0.0139
0503100000001547,53.37,4754,89.08,false,true,woonfunctie,1969,Pand in gebruik,4574,0.9621,0,0.0000
0503100000001928,61.99,2962,47.78,false,true,woonfunctie,1969,Pand in gebruik,2637,0.8903,0,0.0000
0503100000001929,18.36,2057,112.04,false,true,overige gebruiksfunctie,1966,Pand in gebruik,930,0.4521,8,0.0039
0503100000001930,63.67,3081,48.39,false,true,woonfunctie,1969,Pand in gebruik,2633,0.8546,1,0.0003
0503100000001931,64.11,3154,49.20,false,true,woonfunctie,1969,Pand in gebruik,2644,0.8383,6,0.0019
0503100000001932,582.64,16526,28.36,false,true,onderwijsfunctie,1969,Pand in gebruik,14463,0.8752,14,0.0008
0503100000001933,51.54,1925,37.35,false,true,woonfunctie,1967,Pand in gebruik,1650,0.8571,2,0.0010
0503100000001934,10.32,363,35.18,false,true,overige gebruiksfunctie,1964,Pand in gebruik,319,0.8788,3,0.0083
0503100000001935,1401.57,45675,32.59,false,true,"bijeenkomstfunctie,gezondheidszorgfunctie,winkelfunctie",1964,Pand in gebruik,44441,0.9730,6,0.0001
0503100000001936,53.96,2134,39.55,false,true,woonfunctie,1967,Pand in gebruik,1715,0.8037,4,0.0019
0503100000001937,51.81,1931,37.27,false,true,woonfunctie,1967,Pand in gebruik,1668,0.8638,1,0.0005
0503100000001938,51.49,1911,37.11,false,true,woonfunctie,1967,Pand in gebruik,1642,0.8592,0,0.0000
0503100000001939,9.24,303,32.79,false,false,,1967,Pand in gebruik,225,0.7426,2,0.0066
0503100000000020,1970.55,165027,83.75,false,true,"overige gebruiksfunctie,woonfunctie",1965,Pand in gebruik,97567,0.5912,165,0.0010
0503100000000021,780.12,50623,64.89,false,true,"overige gebruiksfunctie,woonfunctie",1965,Pand in gebruik,28213,0.5573,62,0.0012
0503100000000022,853.34,33197,38.90,false,true,woonfunctie,1962,Pand in gebruik,27822,0.8381,25,0.0008
0503100000002020,51.66,1889,36.57,false,true,woonfunctie,1967,Pand in gebruik,1730,0.9158,0,0.0000
0503100000002021,51.51,1878,36.46,false,true,woonfunctie,1967,Pand in gebruik,1718,0.9148,0,0.0000
0503100000002022,9.37,394,42.06,false,false,,1967,Pand in gebruik,312,0.7919,1,0.0025
0503100000002023,53.54,2213,41.33,false,true,woonfunctie,1967,Pand in gebruik,1815,0.8202,3,0.0014
0503100000002024,9.26,366,39.50,false,false,,1967,Pand in gebruik,314,0.8579,0,0.0000
0503100000002025,51.76,1949,37.65,false,true,woonfunctie,1967,Pand in gebruik,1744,0.8948,0,0.0000
0503100000002026,52.67,3112,59.09,false,true,woonfunctie,1966,Pand in gebruik,2748,0.8830,1,0.0003
0503100000002027,9.35,363,38.81,false,false,,1967,Pand in gebruik,310,0.8540,1,0.0028
0503100000002028,9.24,538,58.21,false,false,,1966,Pand in gebruik,476,0.8848,6,0.0112
0503100000002029,9.21,564,61.21,false,false,,1966,Pand in gebruik,477,0.8457,4,0.0071
0503100000002030,9.31,377,40.48,false,false,,1967,Pand in gebruik,296,0.7851,0,0.0000
0503100000002031,51.75,1984,38.34,false,true,woonfunctie,1967,Pand in gebruik,1744,0.8790,0,0.0000
0503100000002032,50.94,3912,76.79,false,true,woonfunctie,1966,Pand in gebruik,3563,0.9108,7,0.0018
0503100000002033,52.04,2187,42.02,false,true,woonfunctie,1966,Pand in gebruik,1685,0.7705,4,0.0018
0503100000002034,1296.50,45886,35.39,false,true,onderwijsfunctie,2020,Pand in gebruik,40100,0.8739,20,0.0004
0503100000001710,62.14,1649,26.54,false,true,woonfunctie,1969,Pand in gebruik,1472,0.8927,0,0.0000
0503100000001711,54.96,1528,27.80,false,true,woonfunctie,1969,Pand in gebruik,1402,0.9175,0,0.0000
0503100000001712,60.97,1588,26.04,false,true,woonfunctie,1966,Pand in gebruik,1520,0.9572,0,0.0000
0503100000001713,62.26,1894,30.42,false,true,woonfunctie,1966,Pand in gebruik,1753,0.9256,0,0.0000
0503100000001714,60.89,3312,54.39,false,true,woonfunctie,1966,Pand in gebruik,3078,0.9293,0,0.0000
0503100000001715,61.03,1687,27.64,false,true,woonfunctie,1966,Pand in gebruik,1504,0.8915,0,0.0000
0503100000001716,60.81,1733,28.50,false,true,woonfunctie,1966,Pand in gebruik,1608,0.9279,0,0.0000
0503100000001717,62.11,1909,30.74,false,true,woonfunctie,1966,Pand in gebruik,1552,0.8130,2,0.0010
0503100000001718,60.90,1740,28.57,false,true,woonfunctie,1966,Pand in gebruik,1562,0.8977,0,0.0000
0503100000001719,61.01,3270,53.59,false,true,woonfunctie,1966,Pand in gebruik,3028,0.9260,0,0.0000
0503100000001720,62.34,3844,61.66,false,true,woonfunctie,1966,Pand in gebruik,3108,0.8085,2,0.0005
0503100000001721,60.88,3502,57.53,false,true,woonfunctie,1965,Pand in gebruik,3107,0.8872,1,0.0003
0503100000001722,62.84,3772,60.03,false,true,woonfunctie,1965,Pand in gebruik,3204,0.8494,5,0.0013
0503100000001723,60.82,3356,55.18,false,true,woonfunctie,1965,Pand in gebruik,3024,0.9011,1,0.0003
0503100000001724,51.69,1732,33.51,false,true,winkelfunctie,1992,Pand in gebruik,1668,0.9630,2,0.0012
0503100000000144,1231.36,66944,54.37,false,true,bijeenkomstfunctie,2004,Pand in gebruik,62914,0.9398,40,0.0006
0503100000000166,60.69,1827,30.10,false,true,woonfunctie,1966,Pand in gebruik,1642,0.8987,0,0.0000
0503100000000167,60.90,3456,56.75,false,true,woonfunctie,1965,Pand in gebruik,3056,0.8843,10,0.0029
0503100000000168,1346.90,61038,45.32,false,true,"winkelfunctie,woonfunctie",1964,Pand in gebruik,54170,0.8875,4,0.0001
0503100000000169,1543.76,46511,30.13,false,true,winkelfunctie,1968,Pand in gebruik,45570,0.9798,17,0.0004
0503100000000190,59.51,2883,48.45,false,true,woonfunctie,1966,Pand in gebruik,2281,0.7912,9,0.0031
0503100000000191,50.59,2306,45.58,false,true,woonfunctie,1966,Pand in gebruik,2062,0.8942,2,0.0009
0503100000000193,1989.60,86204,43.33,false,true,"overige gebruiksfunctie,woonfunctie",1965,Pand in gebruik,61015,0.7078,45,0.0005
0503100000000195,682.54,24502,35.90,false,true,onderwijsfunctie,1969,Pand in gebruik,20737,0.8463,17,0.0007
0503100000004387,9.28,278,29.95,false,false,,1966,Pand in gebruik,238,0.8561,1,0.0036
0503100000009003,54.93,1983,36.10,false,true,woonfunctie,1969,Pand in gebruik,1727,0.8709,0,0.0000
0503100000009004,104.11,3251,31.23,false,true,woonfunctie,1969,Pand in gebruik,2532,0.7788,11,0.0034
0503100000009005,55.02,1798,32.68,false,true,woonfunctie,1969,Pand in gebruik,1493,0.8304,0,0.0000
0503100000009006,54.99,2304,41.90,false,true,woonfunctie,1969,Pand in gebruik,2069,0.8980,0,0.0000
0503100000009007,55.00,2435,44.27,false,true,woonfunctie,1969,Pand in gebruik,2211,0.9080,0,0.0000
0503100000009008,71.74,8425,117.44,false,true,overige gebruiksfunctie,1966,Pand in gebruik,3004,0.3566,11,0.0013
0503100000009009,69.91,2072,29.64,false,true,woonfunctie,1969,Pand in gebruik,1675,0.8084,0,0.0000
0503100000009010,54.41,1573,28.91,false,true,woonfunctie,1969,Pand in gebruik,1439,0.9148,0,0.0000
0503100000009011,54.81,1618,29.52,false,true,woonfunctie,1969,Pand in gebruik,1462,0.9036,0,0.0000
0503100000009012,56.46,1601,28.35,false,true,woonfunctie,1969,Pand in gebruik,1479,0.9238,0,0.0000
0503100000009013,55.10,1586,28.79,false,true,woonfunctie,1969,Pand in gebruik,1460,0.9206,0,0.0000
0503100000009014,55.03,1611,29.28,false,true,woonfunctie,1969,Pand in gebruik,1492,0.9261,0,0.0000
0503100000009015,54.71,1581,28.90,false,true,woonfunctie,1969,Pand in gebruik,1450,0.9171,0,0.0000
0503100000009016,54.92,1627,29.62,false,true,woonfunctie,1969,Pand in gebruik,1457,0.8955,0,0.0000
0503100000009017,56.12,2004,35.71,false,true,woonfunctie,1969,Pand in gebruik,1494,0.7455,5,0.0025
0503100000009018,55.06,1578,28.66,false,true,woonfunctie,1969,Pand in gebruik,1453,0.9208,0,0.0000
0503100000009019,18.51,506,27.33,false,false,,1967,Pand in gebruik,462,0.9130,1,0.0020
0503100000009020,894.81,25356,28.34,false,true,onderwijsfunctie,1967,Pand in gebruik,22333,0.8808,20,0.0008
0503100000009021,18.40,1932,105.02,false,true,overige gebruiksfunctie,1966,Pand in gebruik,444,0.2298,0,0.0000
0503100000009022,583.31,15217,26.09,false,true,onderwijsfunctie,1969,Pand in gebruik,14206,0.9336,6,0.0004
0503100000011454,18.39,538,29.25,false,true,overige gebruiksfunctie,1966,Pand in gebruik,460,0.8550,4,0.0074
0503100000011455,6.83,393,57.58,false,false,,1991,Pand in gebruik,330,0.8397,5,0.0127
0503100000011456,7.00,384,54.89,false,false,,1991,Pand in gebruik,324,0.8438,6,0.0156
0503100000011457,6.90,1077,156.13,false,false,,1991,Pand in gebruik,345,0.3203,0,0.0000
0503100000011458,61.23,6997,114.27,false,true,woonfunctie,1991,Pand in gebruik,2788,0.3985,0,0.0000
0503100000011459,6.98,413,59.15,false,false,,1991,Pand in gebruik,361,0.8741,4,0.0097
0503100000008848,62.25,3520,56.55,false,true,woonfunctie,1969,Pand in gebruik,3096,0.8795,0,0.0000
0503100000008849,29.09,1698,58.36,false,true,overige gebruiksfunctie,1964,Pand in gebruik,1427,0.8404,10,0.0059
0503100000008850,422.91,15221,35.99,false,true,sportfunctie,1967,Pand in gebruik,13425,0.8820,15,0.0010
0503100000008851,17.62,571,32.41,false,true,overige gebruiksfunctie,1970,Pand in gebruik,551,0.9650,1,0.0018
0503100000008852,18.00,602,33.44,false,true,overige gebruiksfunctie,1970,Pand in gebruik,570,0.9468,0,0.0000
0503100000008853,16.46,502,30.50,false,true,overige gebruiksfunctie,1970,Pand in gebruik,479,0.9542,0,0.0000
0503100000008854,16.54,537,32.46,false,true,overige gebruiksfunctie,1970,Pand in gebruik,515,0.9590,0,0.0000
0503100000008855,16.42,491,29.91,false,true,overige gebruiksfunctie,1970,Pand in gebruik,465,0.9470,0,0.0000
0503100000008856,24.77,813,32.82,false,true,overige gebruiksfunctie,1970,Pand in gebruik,791,0.9729,0,0.0000
0503100000008857,17.57,588,33.46,false,true,overige gebruiksfunctie,1970,Pand in gebruik,565,0.9609,0,0.0000
0503100000008858,24.12,839,34.78,false,true,overige gebruiksfunctie,1961,Pand in gebruik,786,0.9368,2,0.0024
0503100000008859,17.62,568,32.23,false,true,overige gebruiksfunctie,1970,Pand in gebruik,555,0.9771,0,0.0000
0503100000008860,18.89,1623,85.94,false,true,overige gebruiksfunctie,1970,Pand in gebruik,582,0.3586,0,0.0000
0503100000008861,16.53,895,54.14,false,true,overige gebruiksfunctie,1970,Pand in gebruik,488,0.5453,1,0.0011
0503100000008862,16.41,496,30.22,false,true,overige gebruiksfunctie,1970,Pand in gebruik,475,0.9577,0,0.0000
0503100000008863,16.53,514,31.09,false,true,overige gebruiksfunctie,1970,Pand in gebruik,489,0.9514,0,0.0000
0503100000008864,25.77,831,32.24,false,true,overige gebruiksfunctie,1970,Pand in gebruik,811,0.9759,1,0.0012
0503100000008865,17.25,581,33.68,false,true,overige gebruiksfunctie,1970,Pand in gebruik,561,0.9656,0,0.0000
0503100000008866,17.26,565,32.74,false,true,overige gebruiksfunctie,1970,Pand in gebruik,552,0.9770,0,0.0000
0503100000008867,17.49,583,33.33,false,true,overige gebruiksfunctie,1970,Pand in gebruik,554,0.9503,0,0.0000
0503100000008868,18.98,1030,54.26,false,true,overige gebruiksfunctie,1970,Pand in gebruik,600,0.5825,1,0.0010
0503100000008869,18.98,692,36.45,false,true,overige gebruiksfunctie,1970,Pand in gebruik,596,0.8613,1,0.0014
0503100000008870,16.47,508,30.85,false,true,overige gebruiksfunctie,1970,Pand in gebruik,481,0.9469,0,0.0000
0503100000008871,17.64,580,32.87,false,true,overige gebruiksfunctie,1970,Pand in gebruik,564,0.9724,0,0.0000
0503100000011548,6.95,459,66.01,false,false,,1991,Pand in gebruik,332,0.7233,3,0.0065
0503100000008872,17.19,573,33.33,false,true,overige gebruiksfunctie,1970,Pand in gebruik,553,0.9651,0,0.0000
0503100000011549,47.29,2451,51.83,false,true,woonfunctie,1991,Pand in gebruik,2267,0.9249,2,0.0008
0503100000011550,47.34,2441,51.57,false,true,woonfunctie,1991,Pand in gebruik,2271,0.9304,1,0.0004
0503100000011551,6.93,409,59.06,false,false,,1991,Pand in gebruik,349,0.8533,5,0.0122
0503100000011552,678.24,44349,65.39,false,true,woonfunctie,1963,Pand in gebruik,34574,0.7796,31,0.0007
0503100000011553,47.25,2460,52.06,false,true,woonfunctie,1991,Pand in gebruik,2264,0.9203,0,0.0000
0503100000011554,47.39,2446,51.62,false,true,woonfunctie,1991,Pand in gebruik,2232,0.9125,2,0.0008
0503100000008880,154.89,6118,39.50,false,true,winkelfunctie,1968,Pand in gebruik,5072,0.8290,1,0.0002
0503100000008881,73.93,1203,16.27,false,true,bijeenkomstfunctie,1989,Pand in gebruik,1166,0.9692,3,0.0025
0503100000011562,16.89,2127,125.95,false,true,overige gebruiksfunctie,1961,Pand in gebruik,559,0.2628,1,0.0005
0503100000011563,16.79,1843,109.76,false,true,overige gebruiksfunctie,1961,Pand in gebruik,559,0.3033,1,0.0005
0503100000011564,16.72,1022,61.11,false,true,overige gebruiksfunctie,1961,Pand in gebruik,308,0.3014,0,0.0000
0503100000011565,16.77,654,39.00,false,true,overige gebruiksfunctie,1961,Pand in gebruik,530,0.8104,1,0.0015
0503100000011566,16.89,1531,90.67,false,true,overige gebruiksfunctie,1961,Pand in gebruik,581,0.3795,0,0.0000
0503100000011567,16.88,1694,100.34,false,true,overige gebruiksfunctie,1961,Pand in gebruik,593,0.3501,1,0.0006
0503100000011568,10.39,226,21.75,false,true,overige gebruiksfunctie,1961,Pand in gebruik,199,0.8805,0,0.0000
0503100000011569,18.03,174,9.65,true,true,overige gebruiksfunctie,1961,Pand in gebruik,154,0.8851,2,0.0115
0503100000011570,16.86,233,13.82,false,true,overige gebruiksfunctie,1961,Pand in gebruik,219,0.9399,0,0.0000
0503100000011571,16.89,323,19.13,false,true,overige gebruiksfunctie,1961,Pand in gebruik,302,0.9350,0,0.0000
0503100000011572,17.03,352,20.67,false,true,overige gebruiksfunctie,1961,Pand in gebruik,317,0.9006,1,0.0028
0503100000010260,235.72,16902,71.71,false,true,industriefunctie,1970,Pand in gebruik,14888,0.8808,10,0.0006
0503100000010264,18.44,1431,77.60,false,true,overige gebruiksfunctie,1966,Pand in gebruik,793,0.5542,6,0.0042
0503100000010265,53.37,4790,89.76,false,true,woonfunctie,1969,Pand in gebruik,4628,0.9662,0,0.0000
0503100000010266,62.02,4246,68.46,false,true,woonfunctie,1969,Pand in gebruik,3912,0.9213,1,0.0002
0503100000010267,54.11,2962,54.74,false,true,woonfunctie,1969,Pand in gebruik,2684,0.9061,0,0.0000
0503100000010268,53.52,3318,61.99,false,true,woonfunctie,1969,Pand in gebruik,3127,0.9424,0,0.0000
0503100000010269,12.04,1884,156.44,false,false,,1989,Pand in gebruik,596,0.3163,2,0.0011
0503100000010270,54.94,5010,91.19,false,true,woonfunctie,1969,Pand in gebruik,4446,0.8874,2,0.0004
0503100000010271,54.89,3075,56.02,false,true,woonfunctie,1969,Pand in gebruik,2807,0.9128,0,0.0000
0503100000010272,98.43,7642,77.64,false,true,"gezondheidszorgfunctie,woonfunctie",1969,Pand in gebruik,3880,0.5077,9,0.0012
0503100000010273,54.93,3238,58.95,false,true,woonfunctie,1969,Pand in gebruik,2966,0.9160,0,0.0000
0503100000010274,55.01,3188,57.95,false,true,woonfunctie,1969,Pand in gebruik,2922,0.9166,0,0.0000
0503100000010275,56.62,2137,37.74,false,true,woonfunctie,1969,Pand in gebruik,1705,0.7978,0,0.0000
0503100000010276,62.26,1681,27.00,false,true,woonfunctie,1969,Pand in gebruik,1495,0.8894,0,0.0000
0503100000010277,56.22,1656,29.46,false,true,woonfunctie,1969,Pand in gebruik,1478,0.8925,0,0.0000
0503100000010278,54.90,3176,57.85,false,true,woonfunctie,1969,Pand in gebruik,2930,0.9225,0,0.0000
0503100000010279,54.86,2794,50.93,false,true,woonfunctie,1969,Pand in gebruik,2648,0.9477,0,0.0000
0503100000010281,56.49,3830,67.80,false,true,woonfunctie,1969,Pand in gebruik,2852,0.7446,2,0.0005
0503100000011657,16.80,2081,123.86,false,true,overige gebruiksfunctie,1961,Pand in gebruik,553,0.2657,3,0.0014
0503100000011658,16.86,1843,109.30,false,true,overige gebruiksfunctie,1961,Pand in gebruik,592,0.3212,0,0.0000
0503100000010364,61.83,2987,48.31,false,true,woonfunctie,1969,Pand in gebruik,2641,0.8842,0,0.0000
0503100000010365,76.35,4151,54.37,false,true,woonfunctie,1969,Pand in gebruik,3431,0.8265,10,0.0024
0503100000010366,71.00,3949,55.62,false,true,woonfunctie,1969,Pand in gebruik,3387,0.8577,3,0.0008
0503100000010367,54.78,2929,53.46,false,true,woonfunctie,1969,Pand in gebruik,2554,0.8720,0,0.0000
0503100000010368,56.44,3077,54.52,false,true,woonfunctie,1969,Pand in gebruik,2467,0.8018,5,0.0016
0503100000010369,63.76,3245,50.89,false,true,woonfunctie,1969,Pand in gebruik,2769,0.8533,0,0.0000
0503100000010370,61.91,3527,56.97,false,true,woonfunctie,1969,Pand in gebruik,2954,0.8375,0,0.0000
0503100000010371,55.01,3120,56.72,false,true,woonfunctie,1969,Pand in gebruik,2834,0.9083,0,0.0000
0503100000010372,56.55,3196,56.51,false,true,woonfunctie,1969,Pand in gebruik,2944,0.9212,0,0.0000
0503100000010373,54.66,1485,27.17,false,true,woonfunctie,1969,Pand in gebruik,1322,0.8902,0,0.0000
0503100000010374,54.96,3060,55.68,false,true,woonfunctie,1969,Pand in gebruik,2828,0.9242,0,0.0000
0503100000010375,54.72,1572,28.73,false,true,woonfunctie,1969,Pand in gebruik,1413,0.8989,0,0.0000
0503100000010376,54.77,3074,56.13,false,true,woonfunctie,1969,Pand in gebruik,2898,0.9427,0,0.0000
0503100000010377,54.38,2905,53.42,false,true,woonfunctie,1969,Pand in gebruik,2697,0.9284,0,0.0000
0503100000010379,63.45,1726,27.20,false,true,woonfunctie,1969,Pand in gebruik,1489,0.8627,2,0.0012
0503100000010380,61.08,1717,28.11,false,true,woonfunctie,1966,Pand in gebruik,1630,0.9493,0,0.0000
0503100000010381,60.87,1700,27.93,false,true,woonfunctie,1966,Pand in gebruik,1572,0.9247,0,0.0000
0503100000010382,60.68,1631,26.88,false,true,woonfunctie,1966,Pand in gebruik,1566,0.9601,0,0.0000
0503100000010383,111.43,3048,27.35,false,true,woonfunctie,1966,Pand in gebruik,2731,0.8960,0,0.0000
0503100000010384,60.79,1638,26.95,false,true,woonfunctie,1966,Pand in gebruik,1543,0.9420,0,0.0000
0503100000010385,63.49,1802,28.38,false,true,"gezondheidszorgfunctie,woonfunctie",1966,Pand in gebruik,1620,0.8990,0,0.0000
0503100000010386,60.91,1705,27.99,false,true,woonfunctie,1966,Pand in gebruik,1560,0.9150,0,0.0000
0503100000010387,60.88,1794,29.47,false,true,woonfunctie,1966,Pand in gebruik,1607,0.8958,0,0.0000
0503100000010388,60.91,1739,28.55,false,true,woonfunctie,1966,Pand in gebruik,1583,0.9103,0,0.0000
0503100000010389,61.02,1701,27.88,false,true,woonfunctie,1966,Pand in gebruik,1539,0.9048,0,0.0000
0503100000010390,60.96,1715,28.14,false,true,woonfunctie,1966,Pand in gebruik,1569,0.9149,0,0.0000
0503100000010391,62.15,1649,26.53,false,true,woonfunctie,1966,Pand in gebruik,1424,0.8636,0,0.0000
0503100000010392,60.73,1732,28.52,false,true,woonfunctie,1966,Pand in gebruik,1557,0.8990,0,0.0000
0503100000010393,60.98,3172,52.02,false,true,woonfunctie,1966,Pand in gebruik,2980,0.9395,0,0.0000
0503100000010394,62.41,1756,28.14,false,true,woonfunctie,1966,Pand in gebruik,1562,0.8895,0,0.0000
0503100000010395,60.89,2077,34.11,false,true,woonfunctie,1966,Pand in gebruik,1927,0.9278,0,0.0000
0503100000010396,60.93,5111,83.88,false,true,woonfunctie,1965,Pand in gebruik,4868,0.9525,0,0.0000
0503100000010397,71.41,4829,67.62,false,true,overige gebruiksfunctie,1966,Pand in gebruik,3516,0.7281,14,0.0029
0503100000010398,60.92,4662,76.53,false,true,woonfunctie,1965,Pand in gebruik,4379,0.9393,0,0.0000
0503100000010399,62.27,5786,92.92,false,true,woonfunctie,1965,Pand in gebruik,5462,0.9440,0,0.0000
0503100000010400,60.92,4060,66.65,false,true,woonfunctie,1965,Pand in gebruik,3764,0.9271,0,0.0000
0503100000010401,62.47,3599,57.61,false,true,woonfunctie,1965,Pand in gebruik,3055,0.8488,5,0.0014
0503100000010402,60.95,3578,58.71,false,true,woonfunctie,1965,Pand in gebruik,3268,0.9134,0,0.0000
0503100000010403,18.33,1688,92.11,false,true,overige gebruiksfunctie,1968,Pand in gebruik,1122,0.6647,20,0.0118
0503100000011806,18.43,2594,140.73,false,true,overige gebruiksfunctie,1966,Pand in gebruik,774,0.2984,6,0.0023
0503100000011807,18.49,577,31.21,false,true,overige gebruiksfunctie,1966,Pand in gebruik,468,0.8111,2,0.0035
0503100000011808,596.27,16454,27.59,false,true,"bijeenkomstfunctie,woonfunctie",1978,Pand in gebruik,14705,0.8937,17,0.0010
0503100000011809,61.06,1622,26.56,false,true,woonfunctie,1966,Pand in gebruik,1520,0.9371,0,0.0000
0503100000011810,124.80,3448,27.63,false,true,"gezondheidszorgfunctie,woonfunctie",1966,Pand in gebruik,2989,0.8669,16,0.0046
0503100000011811,62.25,1963,31.53,false,true,woonfunctie,1966,Pand in gebruik,1611,0.8207,3,0.0015
0503100000011812,68.03,1943,28.56,false,true,woonfunctie,1966,Pand in gebruik,1723,0.8868,1,0.0005
0503100000011813,60.86,1717,28.21,false,true,woonfunctie,1966,Pand in gebruik,1611,0.9383,0,0.0000
0503100000011814,60.87,1762,28.95,false,true,woonfunctie,1966,Pand in gebruik,1631,0.9257,0,0.0000
0503100000011815,62.31,2847,45.69,false,true,woonfunctie,1965,Pand in gebruik,2673,0.9389,0,0.0000
0503100000011816,61.04,1822,29.85,false,true,woonfunctie,1966,Pand in gebruik,1555,0.8535,6,0.0033
0503100000011817,60.87,2920,47.97,false,true,"gezondheidszorgfunctie,woonfunctie",1965,Pand in gebruik,2690,0.9212,0,0.0000
0503100000011818,60.01,2680,44.66,false,true,woonfunctie,1965,Pand in gebruik,2559,0.9549,0,0.0000
0503100000011819,62.59,1636,26.14,false,true,woonfunctie,1966,Pand in gebruik,1434,0.8765,0,0.0000
0503100000011820,60.31,2743,45.48,false,true,woonfunctie,1965,Pand in gebruik,2602,0.9486,0,0.0000
0503100000011821,61.07,1715,28.08,false,true,woonfunctie,1966,Pand in gebruik,1569,0.9149,3,0.0017
0503100000011822,61.06,2213,36.24,false,true,woonfunctie,1966,Pand in gebruik,1945,0.8789,4,0.0018
0503100000011823,60.39,2819,46.68,false,true,woonfunctie,1965,Pand in gebruik,2696,0.9564,0,0.0000
0503100000011824,60.89,2616,42.96,false,true,woonfunctie,1965,Pand in gebruik,2439,0.9323,0,0.0000
0503100000011825,60.98,3371,55.28,false,true,woonfunctie,1965,Pand in gebruik,3066,0.9095,4,0.0012
0503100000011826,60.92,3401,55.83,false,true,woonfunctie,1965,Pand in gebruik,3079,0.9053,5,0.0015
0503100000011827,55.79,3045,54.58,false,true,woonfunctie,1962,Pand in gebruik,2776,0.9117,2,0.0007
0503100000011828,49.37,2837,57.46,false,true,woonfunctie,1962,Pand in gebruik,2482,0.8749,1,0.0004
0503100000011829,65.01,3798,58.43,false,true,woonfunctie,1962,Pand in gebruik,3260,0.8583,4,0.0011
0503100000011830,55.65,3013,54.14,false,true,woonfunctie,1962,Pand in gebruik,2738,0.9087,1,0.0003
0503100000011831,55.73,3079,55.25,false,true,woonfunctie,1962,Pand in gebruik,2805,0.9110,2,0.0006
0503100000011832,55.08,3016,54.76,false,true,woonfunctie,1962,Pand in gebruik,2727,0.9042,0,0.0000
0503100000012850,10.72,315,29.39,false,true,overige gebruiksfunctie,1964,Pand in gebruik,217,0.6889,1,0.0032
0503100000012851,9.26,285,30.78,false,false,,1966,Pand in gebruik,252,0.8842,2,0.0070
0503100000012852,9.28,645,69.51,false,false,,1966,Pand in gebruik,246,0.3814,2,0.0031
0503100000010887,12.08,1122,92.86,false,false,,2003,Pand in gebruik,605,0.5392,5,0.0045
0503100000010888,23.45,1582,67.47,false,false,,2003,Pand in gebruik,1197,0.7566,6,0.0038
0503100000010889,6.90,377,54.63,false,false,,1991,Pand in gebruik,347,0.9204,1,0.0027
0503100000010890,1415.29,54099,38.22,false,true,onderwijsfunctie,1964,Pand in gebruik,49824,0.9210,39,0.0007
0503100000010893,18.00,1313,72.94,false,true,overige gebruiksfunctie,1961,Pand in gebruik,221,0.1683,2,0.0015
0503100000010894,16.87,1453,86.14,false,true,overige gebruiksfunctie,1961,Pand in gebruik,394,0.2712,0,0.0000
0503100000010895,16.86,1521,90.20,false,true,overige gebruiksfunctie,1961,Pand in gebruik,467,0.3070,0,0.0000
0503100000010896,16.78,1480,88.22,false,true,overige gebruiksfunctie,1961,Pand in gebruik,383,0.2588,0,0.0000
0503100000010897,16.67,1538,92.23,false,true,overige gebruiksfunctie,1961,Pand in gebruik,337,0.2191,0,0.0000
0503100000010898,16.83,1504,89.38,false,true,overige gebruiksfunctie,1961,Pand in gebruik,480,0.3191,0,0.0000
0503100000010899,16.70,1609,96.32,false,true,overige gebruiksfunctie,1961,Pand in gebruik,457,0.2840,0,0.0000
0503100000011915,16.94,636,37.55,false,true,overige gebruiksfunctie,1961,Pand in gebruik,604,0.9497,0,0.0000
0503100000011916,16.86,626,37.14,false,true,overige gebruiksfunctie,1961,Pand in gebruik,591,0.9441,0,0.0000
0503100000011917,10.39,1560,150.09,false,true,overige gebruiksfunctie,1961,Pand in gebruik,250,0.1603,0,0.0000
0503100000011918,16.84,515,30.58,false,true,overige gebruiksfunctie,1961,Pand in gebruik,478,0.9282,2,0.0039
0503100000011919,16.86,597,35.41,false,true,overige gebruiksfunctie,1961,Pand in gebruik,560,0.9380,0,0.0000
0503100000011920,17.98,668,37.15,false,true,overige gebruiksfunctie,1961,Pand in gebruik,637,0.9536,0,0.0000
0503100000011921,64.98,2572,39.58,false,true,overige gebruiksfunctie,1961,Pand in gebruik,2247,0.8736,1,0.0004
0503100000011922,16.84,605,35.92,false,true,overige gebruiksfunctie,1961,Pand in gebruik,574,0.9488,0,0.0000
0503100000011923,16.84,601,35.69,false,true,overige gebruiksfunctie,1961,Pand in gebruik,563,0.9368,0,0.0000
0503100000011924,18.12,526,29.02,false,true,overige gebruiksfunctie,1961,Pand in gebruik,474,0.9011,2,0.0038
0503100000011925,16.81,617,36.70,false,true,overige gebruiksfunctie,1961,Pand in gebruik,585,0.9481,1,0.0016
0503100000011926,16.86,644,38.19,false,true,overige gebruiksfunctie,1961,Pand in gebruik,610,0.9472,0,0.0000
0503100000013767,9.24,257,27.82,false,false,,1966,Pand in gebruik,237,0.9222,0,0.0000
0503100000013768,9.26,272,29.39,false,false,,1966,Pand in gebruik,218,0.8015,1,0.0037
0503100000013769,9.28,287,30.92,false,false,,1966,Pand in gebruik,217,0.7561,1,0.0035
0503100000013770,71.60,1973,27.56,false,true,overige gebruiksfunctie,1964,Pand in gebruik,1839,0.9321,9,0.0046
0503100000013771,9.26,251,27.11,false,false,,1966,Pand in gebruik,237,0.9442,0,0.0000
0503100000013772,9.24,337,36.48,false,false,,1966,Pand in gebruik,268,0.7953,0,0.0000
0503100000013773,10.65,1024,96.16,false,true,overige gebruiksfunctie,1964,Pand in gebruik,419,0.4092,3,0.0029
0503100000013774,10.34,751,72.65,false,false,,1966,Pand in gebruik,432,0.5752,0,0.0000
0503100000013775,10.52,539,51.24,false,false,,1966,Pand in gebruik,430,0.7978,10,0.0186
0503100000013776,10.33,709,68.63,false,false,,1966,Pand in gebruik,565,0.7969,0,0.0000
0503100000013777,10.37,511,49.30,false,false,,1966,Pand in gebruik,411,0.8043,7,0.0137
0503100000013778,50.95,3868,75.92,false,true,woonfunctie,1966,Pand in gebruik,3512,0.9080,9,0.0023
0503100000013779,51.84,4267,82.31,false,true,woonfunctie,1966,Pand in gebruik,3522,0.8254,12,0.0028
0503100000013780,51.85,3934,75.87,false,true,woonfunctie,1966,Pand in gebruik,3574,0.9085,5,0.0013
0503100000014644,76.25,2910,38.16,false,true,overige gebruiksfunctie,1964,Pand in gebruik,2546,0.8749,8,0.0027
0503100000014645,53.20,2117,39.79,false,true,woonfunctie,1967,Pand in gebruik,1811,0.8555,3,0.0014
0503100000014646,9.21,340,36.93,false,false,,1967,Pand in gebruik,321,0.9441,0,0.0000
0503100000014647,9.25,477,51.59,false,false,,1967,Pand in gebruik,312,0.6541,0,0.0000
0503100000014648,51.73,2066,39.93,false,true,woonfunctie,1967,Pand in gebruik,1762,0.8529,1,0.0005
0503100000014649,51.79,2157,41.65,false,true,woonfunctie,1967,Pand in gebruik,1792,0.8308,0,0.0000
0503100000014650,9.18,412,44.88,false,false,,1967,Pand in gebruik,317,0.7694,2,0.0049
0503100000014651,9.22,352,38.17,false,false,,1967,Pand in gebruik,314,0.8920,0,0.0000
0503100000014652,9.22,485,52.61,false,false,,1967,Pand in gebruik,243,0.5010,0,0.0000
0503100000014653,9.46,399,42.19,false,false,,1967,Pand in gebruik,203,0.5088,1,0.0025
0503100000014654,53.40,2218,41.54,false,true,woonfunctie,1967,Pand in gebruik,1767,0.7967,5,0.0023
0503100000014655,9.25,365,39.48,false,false,,1967,Pand in gebruik,309,0.8466,0,0.0000
0503100000013831,50.61,2791,55.15,false,true,woonfunctie,1966,Pand in gebruik,2513,0.9004,3,0.0011
0503100000013832,50.62,2650,52.35,false,true,woonfunctie,1966,Pand in gebruik,2389,0.9015,1,0.0004
0503100000013833,9.36,443,47.33,false,false,,1966,Pand in gebruik,368,0.8307,6,0.0135
0503100000013835,9.05,537,59.37,false,false,,1966,Pand in gebruik,439,0.8175,4,0.0074
0503100000013836,9.32,533,57.20,false,false,,1966,Pand in gebruik,471,0.8837,4,0.0075
0503100000013837,9.27,543,58.56,false,false,,1966,Pand in gebruik,463,0.8527,3,0.0055
0503100000013838,50.63,1790,35.35,false,true,woonfunctie,1966,Pand in gebruik,1629,0.9101,2,0.0011
0503100000013839,50.64,1826,36.06,false,true,woonfunctie,1966,Pand in gebruik,1646,0.9014,1,0.0005
0503100000013841,53.37,2993,56.08,false,true,woonfunctie,1966,Pand in gebruik,2732,0.9128,0,0.0000
0503100000013842,54.65,3133,57.33,false,true,woonfunctie,1966,Pand in gebruik,2768,0.8835,1,0.0003
0503100000013843,52.45,2906,55.40,false,true,woonfunctie,1966,Pand in gebruik,2630,0.9050,2,0.0007
0503100000013844,52.05,3293,63.27,false,true,woonfunctie,1966,Pand in gebruik,2638,0.8011,4,0.0012
0503100000013845,50.62,2885,56.99,false,true,woonfunctie,1966,Pand in gebruik,2600,0.9012,2,0.0007
0503100000013846,52.80,2939,55.66,false,true,woonfunctie,1966,Pand in gebruik,2664,0.9064,2,0.0007
0503100000013847,9.28,512,55.15,false,false,,1966,Pand in gebruik,471,0.9199,3,0.0059
0503100000013848,9.09,516,56.74,false,false,,1966,Pand in gebruik,452,0.8760,3,0.0058
0503100000013849,54.93,2707,49.28,false,true,woonfunctie,1966,Pand in gebruik,2136,0.7891,3,0.0011
0503100000013850,52.78,2995,56.75,false,true,woonfunctie,1966,Pand in gebruik,2683,0.8958,2,0.0007
0503100000013851,54.58,3185,58.35,false,true,woonfunctie,1966,Pand in gebruik,2690,0.8446,8,0.0025
0503100000013852,50.59,1793,35.45,false,true,woonfunctie,1966,Pand in gebruik,1635,0.9119,0,0.0000
0503100000013853,50.61,2852,56.35,false,true,woonfunctie,1966,Pand in gebruik,2573,0.9022,3,0.0011
0503100000013854,52.88,2951,55.81,false,true,woonfunctie,1966,Pand in gebruik,2657,0.9004,4,0.0014
0503100000013855,50.64,1789,35.33,false,true,woonfunctie,1966,Pand in gebruik,1622,0.9067,2,0.0011
0503100000013856,9.35,353,37.77,false,false,,1966,Pand in gebruik,286,0.8102,4,0.0113
0503100000013857,9.41,341,36.24,false,false,,1966,Pand in gebruik,303,0.8886,1,0.0029
0503100000013864,50.93,3907,76.71,false,true,woonfunctie,1966,Pand in gebruik,3527,0.9027,6,0.0015
0503100000013865,10.33,626,60.59,false,false,,1966,Pand in gebruik,528,0.8435,4,0.0064
0503100000013866,50.67,3815,75.29,false,true,woonfunctie,1966,Pand in gebruik,3480,0.9122,7,0.0018
0503100000013867,50.95,3888,76.32,false,true,woonfunctie,1966,Pand in gebruik,3515,0.9041,4,0.0010
0503100000013868,50.66,3843,75.86,false,true,woonfunctie,1966,Pand in gebruik,3512,0.9139,6,0.0016
0503100000013869,52.10,3987,76.52,false,true,woonfunctie,1966,Pand in gebruik,3567,0.8947,3,0.0008
0503100000013870,50.66,3793,74.87,false,true,woonfunctie,1966,Pand in gebruik,3513,0.9262,2,0.0005
0503100000013871,50.67,3815,75.29,false,true,woonfunctie,1966,Pand in gebruik,3477,0.9114,1,0.0003
0503100000013872,50.71,3791,74.76,false,true,woonfunctie,1966,Pand in gebruik,3473,0.9161,3,0.0008
0503100000013873,51.99,4163,80.07,false,true,woonfunctie,1966,Pand in gebruik,3550,0.8528,2,0.0005
0503100000013874,10.65,882,82.83,false,true,overige gebruiksfunctie,1964,Pand in gebruik,367,0.4161,0,0.0000
0503100000013875,51.99,3582,68.90,false,true,woonfunctie,1966,Pand in gebruik,2861,0.7987,7,0.0020
0503100000015201,9.29,480,51.69,false,false,,1966,Pand in gebruik,402,0.8375,0,0.0000
0503100000013876,50.71,3756,74.07,false,true,woonfunctie,1966,Pand in gebruik,3484,0.9276,1,0.0003
0503100000015202,9.28,497,53.54,false,false,,1966,Pand in gebruik,391,0.7867,11,0.0221
0503100000013877,50.71,3822,75.37,false,true,woonfunctie,1966,Pand in gebruik,3533,0.9244,1,0.0003
0503100000013878,50.71,3787,74.68,false,true,woonfunctie,1966,Pand in gebruik,3487,0.9208,5,0.0013
0503100000013880,50.71,3797,74.87,false,true,woonfunctie,1966,Pand in gebruik,3503,0.9226,0,0.0000
0503100000013881,50.72,3853,75.96,false,true,woonfunctie,1966,Pand in gebruik,3545,0.9201,0,0.0000
0503100000014718,9.29,376,40.46,false,false,,1967,Pand in gebruik,307,0.8165,7,0.0186
0503100000014719,51.64,2068,40.04,false,true,woonfunctie,1967,Pand in gebruik,1786,0.8636,0,0.0000
0503100000014720,9.24,674,72.92,false,false,,1967,Pand in gebruik,261,0.3872,1,0.0015
0503100000014721,9.19,663,72.18,false,false,,1967,Pand in gebruik,317,0.4781,0,0.0000
0503100000014722,9.04,376,41.60,false,false,,1967,Pand in gebruik,310,0.8245,2,0.0053
0503100000014723,51.61,2126,41.19,false,true,woonfunctie,1967,Pand in gebruik,1780,0.8373,0,0.0000
0503100000014724,9.18,357,38.89,false,false,,1967,Pand in gebruik,286,0.8011,0,0.0000
0503100000014725,52.81,2370,44.88,false,true,woonfunctie,1967,Pand in gebruik,1848,0.7797,9,0.0038
0503100000014726,51.80,2955,57.04,false,true,woonfunctie,1967,Pand in gebruik,2588,0.8758,1,0.0003
0503100000014727,9.09,342,37.64,false,false,,1967,Pand in gebruik,307,0.8977,1,0.0029
0503100000014728,155.58,7027,45.17,false,true,overige gebruiksfunctie,1965,Pand in gebruik,4621,0.6576,0,0.0000
0503100000014729,51.93,2469,47.55,false,true,woonfunctie,1967,Pand in gebruik,2057,0.8331,4,0.0016
0503100000014730,9.30,368,39.57,false,false,,1967,Pand in gebruik,303,0.8234,4,0.0109
0503100000014731,51.66,2848,55.13,false,true,woonfunctie,1967,Pand in gebruik,2490,0.8743,8,0.0028
0503100000014732,9.28,363,39.11,false,false,,1967,Pand in gebruik,324,0.8926,3,0.0083
0503100000014733,51.87,1955,37.69,false,true,woonfunctie,1967,Pand in gebruik,1671,0.8547,0,0.0000
0503100000014734,9.39,341,36.31,false,false,,1967,Pand in gebruik,297,0.8710,1,0.0029
0503100000014735,9.18,339,36.92,false,false,,1967,Pand in gebruik,297,0.8761,1,0.0029
0503100000014736,9.32,337,36.18,false,false,,1966,Pand in gebruik,305,0.9050,0,0.0000
0503100000014737,9.24,352,38.11,false,false,,1967,Pand in gebruik,298,0.8466,3,0.0085
0503100000014738,9.21,350,38.00,false,false,,1967,Pand in gebruik,291,0.8314,3,0.0086
0503100000014739,51.67,1888,36.54,false,true,woonfunctie,1967,Pand in gebruik,1646,0.8718,6,0.0032
0503100000014740,9.23,383,41.48,false,false,,1967,Pand in gebruik,285,0.7441,3,0.0078
0503100000014741,53.36,2061,38.63,false,true,woonfunctie,1967,Pand in gebruik,1668,0.8093,11,0.0053
0503100000014742,9.25,357,38.61,false,false,,1967,Pand in gebruik,300,0.8403,1,0.0028
0503100000014743,9.24,334,36.13,false,false,,1967,Pand in gebruik,291,0.8713,2,0.0060
0503100000014744,51.62,1903,36.87,false,true,woonfunctie,1967,Pand in gebruik,1629,0.8560,6,0.0032
0503100000014745,51.84,1905,36.75,false,true,woonfunctie,1967,Pand in gebruik,1673,0.8782,2,0.0010
0503100000014746,9.23,316,34.23,false,false,,1967,Pand in gebruik,302,0.9557,0,0.0000
0503100000014747,51.56,1941,37.64,false,true,woonfunctie,1967,Pand in gebruik,1656,0.8532,0,0.0000
0503100000014748,53.14,1794,33.76,false,true,woonfunctie,1967,Pand in gebruik,1601,0.8924,0,0.0000
0503100000014749,9.25,350,37.85,false,false,,1967,Pand in gebruik,282,0.8057,6,0.0171
0503100000014750,9.14,382,41.81,false,false,,1967,Pand in gebruik,295,0.7723,3,0.0079
0503100000015286,9.08,337,37.12,false,false,,1967,Pand in gebruik,311,0.9228,0,0.0000
0503100000015287,9.28,553,59.58,false,false,,1966,Pand in gebruik,467,0.8445,4,0.0072
0503100000015288,9.22,372,40.35,false,false,,1967,Pand in gebruik,325,0.8737,1,0.0027
0503100000015289,69.86,2682,38.39,false,true,woonfunctie,1967,Pand in gebruik,2348,0.8755,33,0.0123
0503100000015290,51.36,1893,36.86,false,true,woonfunctie,1967,Pand in gebruik,1729,0.9134,0,0.0000
0503100000015291,52.51,3054,58.16,false,true,woonfunctie,1966,Pand in gebruik,2743,0.8982,2,0.0007
0503100000015292,52.54,2993,56.97,false,true,woonfunctie,1966,Pand in gebruik,2695,0.9004,3,0.0010
0503100000015293,51.74,2081,40.22,false,true,woonfunctie,1967,Pand in gebruik,1800,0.8650,1,0.0005
0503100000015294,51.61,2000,38.75,false,true,woonfunctie,1967,Pand in gebruik,1764,0.8820,0,0.0000
0503100000015295,51.65,1985,38.43,false,true,woonfunctie,1967,Pand in gebruik,1731,0.8720,1,0.0005
0503100000015296,9.17,326,35.56,false,false,,1967,Pand in gebruik,319,0.9785,1,0.0031
0503100000015297,52.54,2716,51.69,false,true,woonfunctie,1966,Pand in gebruik,2416,0.8895,2,0.0007
0503100000015298,52.64,3113,59.14,false,true,woonfunctie,1966,Pand in gebruik,2724,0.8750,0,0.0000
0503100000015299,53.92,2976,55.19,false,true,woonfunctie,1967,Pand in gebruik,2638,0.8864,1,0.0003
0503100000015300,52.54,3028,57.63,false,true,woonfunctie,1966,Pand in gebruik,2718,0.8976,3,0.0010
0503100000015301,9.21,540,58.66,false,false,,1966,Pand in gebruik,493,0.9130,2,0.0037
0503100000015302,9.24,541,58.57,false,false,,1966,Pand in gebruik,491,0.9076,5,0.0092
0503100000015303,9.17,323,35.24,false,false,,1967,Pand in gebruik,285,0.8824,0,0.0000
0503100000015304,52.54,2071,39.42,false,true,woonfunctie,1966,Pand in gebruik,1796,0.8672,1,0.0005
0503100000015305,70.14,4156,59.25,false,true,woonfunctie,1966,Pand in gebruik,3536,0.8508,145,0.0349
0503100000015306,52.66,3106,58.98,false,true,woonfunctie,1966,Pand in gebruik,2761,0.8889,1,0.0003
0503100000015307,51.47,2148,41.73,false,true,woonfunctie,1967,Pand in gebruik,1952,0.9088,0,0.0000
0503100000015308,9.22,535,58.01,false,false,,1966,Pand in gebruik,484,0.9047,2,0.0037
0503100000015309,9.21,551,59.84,false,false,,1966,Pand in gebruik,474,0.8603,3,0.0054
0503100000015310,9.16,529,57.75,false,false,,1966,Pand in gebruik,470,0.8885,2,0.0038
0503100000015311,9.12,533,58.43,false,false,,1966,Pand in gebruik,469,0.8799,0,0.0000
0503100000015312,52.66,3160,60.01,false,true,woonfunctie,1966,Pand in gebruik,2803,0.8870,3,0.0009
0503100000015313,9.18,546,59.48,false,false,,1966,Pand in gebruik,482,0.8828,0,0.0000
0503100000015314,51.67,3233,62.56,false,true,woonfunctie,1966,Pand in gebruik,2575,0.7965,11,0.0034
0503100000015315,8.95,644,71.96,false,false,,1966,Pand in gebruik,599,0.9301,2,0.0031
0503100000015316,50.92,2867,56.30,false,true,woonfunctie,1966,Pand in gebruik,2593,0.9044,4,0.0014
0503100000015317,52.66,3148,59.78,false,true,woonfunctie,1966,Pand in gebruik,2811,0.8929,3,0.0010
0503100000015318,54.58,2989,54.76,false,true,woonfunctie,1966,Pand in gebruik,2376,0.7949,5,0.0017
0503100000014835,59.22,2092,35.33,false,true,woonfunctie,1967,Pand in gebruik,1875,0.8963,3,0.0014
0503100000014836,51.97,1788,34.40,false,true,woonfunctie,1967,Pand in gebruik,1582,0.8848,0,0.0000
0503100000014837,53.71,2023,37.67,false,true,woonfunctie,1967,Pand in gebruik,1737,0.8586,0,0.0000
0503100000014838,54.20,2247,41.45,false,true,woonfunctie,1967,Pand in gebruik,1725,0.7677,16,0.0071
0503100000014839,9.20,496,53.92,false,false,,1967,Pand in gebruik,292,0.5887,4,0.0081
0503100000014840,9.25,751,81.17,false,false,,1967,Pand in gebruik,287,0.3822,2,0.0027
0503100000014841,9.39,373,39.72,false,false,,1966,Pand in gebruik,289,0.7748,2,0.0054
0503100000014842,9.29,340,36.61,false,false,,1967,Pand in gebruik,284,0.8353,0,0.0000
0503100000014843,51.96,1693,32.58,false,true,woonfunctie,1967,Pand in gebruik,1582,0.9344,2,0.0012
0503100000014844,9.24,744,80.50,false,false,,1967,Pand in gebruik,275,0.3696,3,0.0040
0503100000014845,71.37,3332,46.68,false,true,overige gebruiksfunctie,1964,Pand in gebruik,2080,0.6242,8,0.0024
0503100000014846,9.26,299,32.28,false,false,,1967,Pand in gebruik,223,0.7458,1,0.0033
0503100000014847,51.71,1899,36.73,false,true,woonfunctie,1967,Pand in gebruik,1639,0.8631,0,0.0000
0503100000014848,56.73,2121,37.38,false,true,woonfunctie,1967,Pand in gebruik,1775,0.8369,0,0.0000
0503100000014849,9.25,338,36.52,false,false,,1967,Pand in gebruik,205,0.6065,0,0.0000
0503100000014850,66.14,2181,32.98,false,true,woonfunctie,1967,Pand in gebruik,1966,0.9014,4,0.0018
0503100000014851,9.25,404,43.68,false,false,,1967,Pand in gebruik,300,0.7426,4,0.0099
0503100000014852,52.91,1880,35.53,false,true,woonfunctie,1967,Pand in gebruik,1681,0.8941,2,0.0011
0503100000014853,9.25,345,37.31,false,false,,1967,Pand in gebruik,299,0.8667,2,0.0058
0503100000014854,53.11,2155,40.57,false,true,woonfunctie,1967,Pand in gebruik,1678,0.7787,2,0.0009
0503100000014855,9.23,341,36.95,false,false,,1967,Pand in gebruik,258,0.7566,2,0.0059
0503100000014856,9.37,782,83.47,false,false,,1967,Pand in gebruik,259,0.3312,5,0.0064
0503100000014857,9.25,390,42.17,false,false,,1967,Pand in gebruik,214,0.5487,1,0.0026
0503100000014858,9.29,312,33.58,false,false,,1966,Pand in gebruik,289,0.9263,0,0.0000
0503100000015400,9.15,418,45.68,false,false,,1966,Pand in gebruik,374,0.8947,1,0.0024
0503100000015401,9.14,521,57.00,false,false,,1966,Pand in gebruik,447,0.8580,0,0.0000
0503100000015402,54.56,3419,62.66,false,true,woonfunctie,1966,Pand in gebruik,2946,0.8617,5,0.0015
0503100000015403,9.28,479,51.62,false,false,,1966,Pand in gebruik,409,0.8539,1,0.0021
0503100000015404,51.68,2895,56.02,false,true,woonfunctie,1966,Pand in gebruik,2600,0.8981,2,0.0007
0503100000015405,51.99,3301,63.49,false,true,woonfunctie,1966,Pand in gebruik,2579,0.7813,15,0.0045
0503100000015406,52.10,4273,82.02,false,true,woonfunctie,1966,Pand in gebruik,3569,0.8352,14,0.0033
0503100000015407,9.40,556,59.13,false,false,,1966,Pand in gebruik,502,0.9029,5,0.0090
0503100000015408,50.93,2903,56.99,false,true,woonfunctie,1966,Pand in gebruik,2597,0.8946,3,0.0010
0503100000015409,50.59,2835,56.04,false,true,woonfunctie,1966,Pand in gebruik,2557,0.9019,0,0.0000
0503100000015410,52.91,3027,57.21,false,true,woonfunctie,1966,Pand in gebruik,2693,0.8897,2,0.0007
0503100000015411,9.00,357,39.65,false,false,,1966,Pand in gebruik,292,0.8179,3,0.0084
0503100000015412,50.59,2834,56.02,false,true,woonfunctie,1966,Pand in gebruik,2569,0.9065,2,0.0007
0503100000015413,50.59,2828,55.90,false,true,woonfunctie,1966,Pand in gebruik,2542,0.8989,3,0.0011
0503100000015414,52.00,3074,59.11,false,true,woonfunctie,1966,Pand in gebruik,2670,0.8686,3,0.0010
0503100000015415,52.92,2858,54.01,false,true,woonfunctie,1966,Pand in gebruik,2526,0.8838,0,0.0000
0503100000015416,50.89,2896,56.90,false,true,woonfunctie,1966,Pand in gebruik,2587,0.8933,3,0.0010
0503100000015417,9.39,342,36.42,false,false,,1966,Pand in gebruik,308,0.9006,0,0.0000
0503100000015418,52.80,2981,56.45,false,true,woonfunctie,1966,Pand in gebruik,2667,0.8947,5,0.0017
0503100000015419,9.24,365,39.48,false,false,,1966,Pand in gebruik,305,0.8356,3,0.0082
0503100000015420,66.26,3629,54.77,false,true,woonfunctie,1966,Pand in gebruik,3283,0.9047,3,0.0008
0503100000015421,9.17,544,59.35,false,false,,1966,Pand in gebruik,478,0.8787,3,0.0055
0503100000015422,9.32,528,56.67,false,false,,1966,Pand in gebruik,469,0.8883,2,0.0038
0503100000015423,9.07,502,55.33,false,false,,1966,Pand in gebruik,457,0.9104,2,0.0040
0503100000015424,50.64,1838,36.29,false,true,woonfunctie,1966,Pand in gebruik,1635,0.8896,0,0.0000
0503100000015425,50.65,1764,34.83,false,true,woonfunctie,1966,Pand in gebruik,1590,0.9014,5,0.0028
0503100000015426,9.27,545,58.79,false,false,,1966,Pand in gebruik,482,0.8844,5,0.0092
0503100000015427,9.24,538,58.25,false,false,,1966,Pand in gebruik,473,0.8792,1,0.0019
0503100000015428,52.90,2893,54.69,false,true,woonfunctie,1966,Pand in gebruik,2627,0.9081,1,0.0003
0503100000015429,9.13,552,60.45,false,false,,1966,Pand in gebruik,466,0.8442,5,0.0091
0503100000015430,9.33,553,59.25,false,false,,1966,Pand in gebruik,452,0.8174,2,0.0036
0503100000015431,52.90,2929,55.36,false,true,woonfunctie,1966,Pand in gebruik,2593,0.8853,0,0.0000
0503100000015432,52.04,1865,35.84,false,true,woonfunctie,1966,Pand in gebruik,1676,0.8987,0,0.0000
0503100000019096,52.67,1567,29.75,false,true,woonfunctie,1966,Pand in gebruik,1334,0.8513,5,0.0032
0503100000019097,9.17,289,31.51,false,false,,1966,Pand in gebruik,257,0.8893,1,0.0035
0503100000019098,52.48,2745,52.31,false,true,woonfunctie,1966,Pand in gebruik,2199,0.8011,8,0.0029
0503100000019099,52.49,2389,45.52,false,true,woonfunctie,1966,Pand in gebruik,2207,0.9238,4,0.0017
0503100000019100,52.48,2665,50.78,false,true,woonfunctie,1966,Pand in gebruik,2232,0.8375,3,0.0011
0503100000019101,9.18,436,47.47,false,false,,1966,Pand in gebruik,384,0.8807,5,0.0115
0503100000019102,52.83,1582,29.94,false,true,woonfunctie,1966,Pand in gebruik,1380,0.8723,1,0.0006
0503100000019103,52.64,1395,26.50,false,true,woonfunctie,1966,Pand in gebruik,1324,0.9491,3,0.0022
0503100000019104,52.64,1361,25.86,false,true,woonfunctie,1966,Pand in gebruik,1309,0.9618,0,0.0000
0503100000019105,52.62,1366,25.96,false,true,woonfunctie,1966,Pand in gebruik,1298,0.9502,4,0.0029
0503100000019106,52.60,1433,27.24,false,true,woonfunctie,1966,Pand in gebruik,1299,0.9065,0,0.0000
0503100000019107,52.57,2043,38.86,false,true,woonfunctie,1966,Pand in gebruik,1602,0.7841,8,0.0039
0503100000019108,52.48,2589,49.33,false,true,woonfunctie,1966,Pand in gebruik,2273,0.8779,2,0.0008
0503100000019109,52.47,2625,50.03,false,true,woonfunctie,1966,Pand in gebruik,2269,0.8644,2,0.0008
0503100000019110,52.48,2600,49.54,false,true,woonfunctie,1966,Pand in gebruik,2265,0.8712,2,0.0008
0503100000019111,52.48,2602,49.58,false,true,woonfunctie,1966,Pand in gebruik,2266,0.8709,2,0.0008
0503100000019112,52.48,2445,46.59,false,true,woonfunctie,1966,Pand in gebruik,2108,0.8622,2,0.0008
0503100000019113,52.48,1586,30.22,false,true,woonfunctie,1966,Pand in gebruik,1386,0.8739,1,0.0006
0503100000019114,52.47,1818,34.65,false,true,woonfunctie,1966,Pand in gebruik,1530,0.8416,3,0.0017
0503100000019115,52.13,2791,53.53,false,true,woonfunctie,1966,Pand in gebruik,2167,0.7764,10,0.0036
0503100000019116,52.45,2570,49.00,false,true,woonfunctie,1966,Pand in gebruik,2233,0.8689,6,0.0023
0503100000019117,52.45,2545,48.52,false,true,woonfunctie,1966,Pand in gebruik,2237,0.8790,6,0.0024
0503100000019513,52.70,1807,34.29,false,true,woonfunctie,1966,Pand in gebruik,1657,0.9170,3,0.0017
0503100000019514,52.69,1799,34.14,false,true,woonfunctie,1966,Pand in gebruik,1678,0.9327,3,0.0017
0503100000019517,52.28,1829,34.98,false,true,woonfunctie,1966,Pand in gebruik,1651,0.9027,1,0.0005
0503100000019518,52.28,1920,36.73,false,true,woonfunctie,1966,Pand in gebruik,1688,0.8792,3,0.0016
0503100000019519,52.30,2024,38.70,false,true,woonfunctie,1966,Pand in gebruik,1679,0.8295,1,0.0005
0503100000019520,52.28,1910,36.54,false,true,woonfunctie,1966,Pand in gebruik,1670,0.8743,2,0.0010
0503100000019521,9.19,343,37.32,false,false,,1966,Pand in gebruik,280,0.8163,5,0.0146
0503100000019522,9.56,356,37.24,false,false,,1966,Pand in gebruik,286,0.8034,1,0.0028
0503100000019523,9.25,337,36.42,false,false,,1966,Pand in gebruik,291,0.8635,1,0.0030
0503100000019524,9.02,310,34.38,false,false,,1966,Pand in gebruik,291,0.9387,0,0.0000
0503100000019525,9.67,343,35.47,false,false,,1966,Pand in gebruik,317,0.9242,1,0.0029
0503100000019526,9.29,334,35.94,false,false,,1966,Pand in gebruik,289,0.8653,1,0.0030
0503100000019527,9.62,372,38.68,false,false,,1966,Pand in gebruik,318,0.8548,2,0.0054
0503100000019528,9.44,329,34.86,false,false,,1966,Pand in gebruik,311,0.9453,0,0.0000
0503100000019529,8.97,332,37.01,false,false,,1966,Pand in gebruik,279,0.8404,3,0.0090
0503100000019530,9.54,353,37.01,false,false,,1966,Pand in gebruik,306,0.8669,3,0.0085
0503100000019531,9.28,607,65.38,false,false,,1966,Pand in gebruik,287,0.4728,3,0.0049
0503100000019532,8.85,327,36.94,false,false,,1966,Pand in gebruik,291,0.8899,1,0.0031
0503100000019533,9.50,344,36.20,false,false,,1966,Pand in gebruik,304,0.8837,2,0.0058
0503100000019534,52.35,1834,35.04,false,true,woonfunctie,1966,Pand in gebruik,1678,0.9149,3,0.0016
0503100000019535,52.34,1856,35.46,false,true,woonfunctie,1966,Pand in gebruik,1696,0.9138,1,0.0005
0503100000019536,52.35,1856,35.46,false,true,woonfunctie,1966,Pand in gebruik,1686,0.9084,0,0.0000
0503100000019537,52.34,1845,35.25,false,true,woonfunctie,1966,Pand in gebruik,1656,0.8976,2,0.0011
0503100000019538,52.34,1870,35.73,false,true,woonfunctie,1966,Pand in gebruik,1678,0.8973,0,0.0000
0503100000019539,52.34,2057,39.30,false,true,woonfunctie,1966,Pand in gebruik,1685,0.8192,2,0.0010
0503100000019540,9.22,355,38.49,false,false,,1966,Pand in gebruik,297,0.8366,5,0.0141
0503100000019541,9.24,363,39.27,false,false,,1966,Pand in gebruik,273,0.7521,3,0.0083
0503100000019542,9.22,328,35.56,false,false,,1966,Pand in gebruik,278,0.8476,0,0.0000
0503100000019543,9.22,348,37.75,false,false,,1966,Pand in gebruik,280,0.8046,4,0.0115
0503100000019544,9.26,364,39.32,false,false,,1966,Pand in gebruik,293,0.8049,5,0.0137
0503100000019545,9.23,335,36.31,false,false,,1966,Pand in gebruik,300,0.8955,3,0.0090
0503100000019546,9.22,337,36.53,false,false,,1966,Pand in gebruik,294,0.8724,0,0.0000
0503100000020027,61.42,3495,56.91,false,true,woonfunctie,1967,Pand in gebruik,2992,0.8561,4,0.0011
0503100000020029,9.20,549,59.66,false,false,,1966,Pand in gebruik,490,0.8925,1,0.0018
0503100000020031,9.80,531,54.16,false,false,,1966,Pand in gebruik,475,0.8945,0,0.0000
0503100000018687,1955.80,101271,51.78,false,true,"overige gebruiksfunctie,woonfunctie",1966,Pand in gebruik,85489,0.8442,64,0.0006
0503100000018688,1572.31,78928,50.20,false,true,"winkelfunctie,woonfunctie",1967,Pand in gebruik,72021,0.9125,364,0.0046
0503100000018689,464.99,17365,37.35,false,true,onderwijsfunctie,1967,Pand in gebruik,15190,0.8747,27,0.0016
0503100000018690,2100.60,86290,41.08,false,true,"overige gebruiksfunctie,woonfunctie",1965,Pand in gebruik,56275,0.6522,87,0.0010
0503100000018691,53.28,1578,29.62,false,true,woonfunctie,1966,Pand in gebruik,1364,0.8644,2,0.0013
0503100000019194,52.45,2556,48.73,false,true,woonfunctie,1966,Pand in gebruik,2242,0.8772,3,0.0012
0503100000018692,52.92,1543,29.16,false,true,woonfunctie,1966,Pand in gebruik,1375,0.8911,1,0.0006
0503100000019195,52.46,2510,47.85,false,true,woonfunctie,1966,Pand in gebruik,2213,0.8817,3,0.0012
0503100000018693,52.52,2722,51.83,false,true,woonfunctie,1966,Pand in gebruik,2151,0.7902,5,0.0018
0503100000019196,52.45,2612,49.80,false,true,woonfunctie,1966,Pand in gebruik,2253,0.8626,0,0.0000
0503100000018694,52.52,2160,41.12,false,true,woonfunctie,1966,Pand in gebruik,1835,0.8495,0,0.0000
0503100000019197,52.45,2523,48.10,false,true,woonfunctie,1966,Pand in gebruik,2218,0.8791,1,0.0004
0503100000019198,52.45,2593,49.44,false,true,woonfunctie,1966,Pand in gebruik,2262,0.8723,0,0.0000
0503100000018695,52.52,1629,31.02,false,true,woonfunctie,1966,Pand in gebruik,1389,0.8527,3,0.0018
0503100000019199,9.19,492,53.52,false,false,,1966,Pand in gebruik,395,0.8028,5,0.0102
0503100000018696,10.18,411,40.39,false,true,overige gebruiksfunctie,1965,Pand in gebruik,342,0.8321,2,0.0049
0503100000019200,9.17,437,47.65,false,false,,1966,Pand in gebruik,386,0.8833,0,0.0000
0503100000018697,16.80,627,37.31,false,false,,1967,Pand in gebruik,569,0.9075,1,0.0016
0503100000019201,9.17,494,53.89,false,false,,1966,Pand in gebruik,383,0.7753,2,0.0040
0503100000018698,50.32,1439,28.60,false,true,woonfunctie,1966,Pand in gebruik,1312,0.9117,3,0.0021
0503100000019202,9.21,477,51.79,false,false,,1966,Pand in gebruik,394,0.8260,4,0.0084
0503100000018699,50.32,1441,28.64,false,true,woonfunctie,1966,Pand in gebruik,1311,0.9098,6,0.0042
0503100000019203,9.18,459,49.99,false,false,,1966,Pand in gebruik,372,0.8105,4,0.0087
0503100000019204,9.17,450,49.06,false,false,,1966,Pand in gebruik,400,0.8889,3,0.0067
0503100000018700,51.21,1615,31.54,false,true,woonfunctie,1966,Pand in gebruik,1360,0.8421,2,0.0012
0503100000019205,9.17,458,49.93,false,false,,1966,Pand in gebruik,390,0.8515,5,0.0109
0503100000018701,52.71,1535,29.12,false,true,woonfunctie,1966,Pand in gebruik,1372,0.8938,0,0.0000
0503100000019206,9.17,460,50.15,false,false,,1966,Pand in gebruik,383,0.8326,2,0.0043
0503100000019207,9.13,245,26.84,false,false,,1966,Pand in gebruik,228,0.9306,2,0.0082
0503100000019208,9.17,252,27.48,false,false,,1966,Pand in gebruik,235,0.9325,2,0.0079
0503100000019209,9.13,416,45.56,false,false,,1966,Pand in gebruik,347,0.8341,3,0.0072
0503100000019210,9.17,282,30.74,false,false,,1966,Pand in gebruik,240,0.8511,1,0.0035
0503100000019211,9.17,403,43.93,false,false,,1966,Pand in gebruik,367,0.9107,0,0.0000
0503100000018704,52.39,1654,31.57,false,true,woonfunctie,1966,Pand in gebruik,1374,0.8307,5,0.0030
0503100000019212,9.17,442,48.18,false,false,,1966,Pand in gebruik,380,0.8597,0,0.0000
0503100000018705,52.37,1479,28.24,false,true,woonfunctie,1966,Pand in gebruik,1360,0.9195,1,0.0007
0503100000019213,9.17,454,49.50,false,false,,1966,Pand in gebruik,369,0.8128,3,0.0066
0503100000019214,9.19,479,52.11,false,false,,1966,Pand in gebruik,361,0.7537,9,0.0188
0503100000018706,53.76,1611,29.96,false,true,woonfunctie,1966,Pand in gebruik,1389,0.8622,1,0.0006
0503100000019215,9.15,436,47.64,false,false,,1966,Pand in gebruik,393,0.9014,1,0.0023
0503100000018707,52.30,1509,28.85,false,true,woonfunctie,1966,Pand in gebruik,1368,0.9066,3,0.0020
0503100000019216,9.17,453,49.40,false,false,,1966,Pand in gebruik,391,0.8631,0,0.0000
0503100000018708,803.26,69488,86.51,false,true,"overige gebruiksfunctie,woonfunctie",1966,Pand in gebruik,57158,0.8226,78,0.0011
0503100000019217,9.17,452,49.28,false,false,,1966,Pand in gebruik,378,0.8363,5,0.0111
0503100000018709,85.54,2353,27.51,false,true,winkelfunctie,1996,Pand in gebruik,2207,0.9380,3,0.0013
0503100000019218,9.19,475,51.67,false,false,,1966,Pand in gebruik,378,0.7958,5,0.0105
0503100000019219,9.17,417,45.47,false,false,,1966,Pand in gebruik,354,0.8489,0,0.0000
0503100000019220,9.14,465,50.88,false,false,,1966,Pand in gebruik,330,0.7097,4,0.0086
0503100000019221,9.04,420,46.45,false,false,,1966,Pand in gebruik,376,0.8952,2,0.0048
0503100000019222,9.34,420,44.97,false,false,,1966,Pand in gebruik,382,0.9095,6,0.0143
0503100000019223,52.72,2755,52.25,false,true,woonfunctie,1966,Pand in gebruik,2276,0.8261,0,0.0000
0503100000019224,52.67,2472,46.94,false,true,woonfunctie,1966,Pand in gebruik,2261,0.9146,1,0.0004
0503100000019225,52.60,2466,46.88,false,true,woonfunctie,1966,Pand in gebruik,2250,0.9124,3,0.0012
0503100000019226,52.55,2430,46.24,false,true,woonfunctie,1966,Pand in gebruik,2217,0.9123,2,0.0008
0503100000019227,9.17,427,46.55,false,false,,1966,Pand in gebruik,422,0.9883,0,0.0000
0503100000019617,9.20,348,37.83,false,false,,1966,Pand in gebruik,296,0.8506,2,0.0057
0503100000019618,9.30,334,35.92,false,false,,1966,Pand in gebruik,293,0.8772,0,0.0000
0503100000019619,52.13,1822,34.95,false,true,woonfunctie,1966,Pand in gebruik,1647,0.9040,10,0.0055
0503100000019620,52.16,1808,34.66,false,true,woonfunctie,1966,Pand in gebruik,1658,0.9170,2,0.0011
0503100000019621,52.18,1832,35.11,false,true,woonfunctie,1966,Pand in gebruik,1647,0.8990,3,0.0016
0503100000019622,52.20,1847,35.38,false,true,woonfunctie,1966,Pand in gebruik,1657,0.8971,4,0.0022
0503100000019623,52.23,1822,34.89,false,true,woonfunctie,1966,Pand in gebruik,1665,0.9138,2,0.0011
0503100000019624,52.25,1852,35.45,false,true,woonfunctie,1966,Pand in gebruik,1666,0.8996,4,0.0022
0503100000019625,52.28,2025,38.73,false,true,woonfunctie,1966,Pand in gebruik,1681,0.8301,3,0.0015
0503100000019626,52.74,1910,36.22,false,true,woonfunctie,1966,Pand in gebruik,1686,0.8827,2,0.0010
0503100000019627,52.69,1871,35.51,false,true,woonfunctie,1966,Pand in gebruik,1685,0.9006,2,0.0011
0503100000019628,52.64,1870,35.53,false,true,woonfunctie,1966,Pand in gebruik,1669,0.8925,0,0.0000
0503100000019629,52.64,2045,38.85,false,true,woonfunctie,1966,Pand in gebruik,1644,0.8039,4,0.0020
0503100000019630,52.63,1801,34.22,false,true,woonfunctie,1966,Pand in gebruik,1657,0.9200,1,0.0006
0503100000019631,52.63,1826,34.69,false,true,woonfunctie,1966,Pand in gebruik,1715,0.9392,1,0.0005
0503100000019632,52.63,1799,34.18,false,true,woonfunctie,1966,Pand in gebruik,1678,0.9327,4,0.0022
0503100000019633,9.67,340,35.17,false,false,,1966,Pand in gebruik,296,0.8706,2,0.0059
0503100000019634,9.45,344,36.40,false,false,,1966,Pand in gebruik,298,0.8663,2,0.0058
0503100000019635,9.00,333,37.00,false,false,,1966,Pand in gebruik,287,0.8619,2,0.0060
0503100000019636,9.06,323,35.67,false,false,,1966,Pand in gebruik,284,0.8793,1,0.0031
0503100000019637,8.76,377,43.02,false,false,,1966,Pand in gebruik,285,0.7560,0,0.0000
0503100000019638,8.93,321,35.96,false,false,,1966,Pand in gebruik,275,0.8567,2,0.0062
0503100000019639,9.50,330,34.75,false,false,,1966,Pand in gebruik,275,0.8333,0,0.0000
0503100000019640,9.59,364,37.95,false,false,,1966,Pand in gebruik,305,0.8379,3,0.0082
0503100000019641,9.02,329,36.48,false,false,,1966,Pand in gebruik,293,0.8906,3,0.0091
0503100000019642,9.08,293,32.26,false,false,,1966,Pand in gebruik,279,0.9522,0,0.0000
0503100000019643,9.52,358,37.59,false,false,,1966,Pand in gebruik,308,0.8603,2,0.0056
0503100000019644,9.44,325,34.44,false,false,,1966,Pand in gebruik,296,0.9108,3,0.0092
0503100000019645,8.99,319,35.49,false,false,,1966,Pand in gebruik,278,0.8715,0,0.0000
0503100000020129,1970.98,121207,61.50,false,true,"overige gebruiksfunctie,woonfunctie",1965,Pand in gebruik,77316,0.6379,78,0.0006
0503100000020130,1325.14,54554,41.17,false,true,"onderwijsfunctie,sportfunctie",1969,Pand in gebruik,50631,0.9281,58,0.0011
0503100000020131,53.01,1575,29.71,false,true,woonfunctie,1966,Pand in gebruik,1348,0.8559,5,0.0032
0503100000020134,9.74,494,50.74,false,false,,1966,Pand in gebruik,402,0.8138,6,0.0121
0503100000020135,9.72,439,45.15,false,false,,1966,Pand in gebruik,381,0.8679,4,0.0091
0503100000020136,9.72,470,48.35,false,false,,1966,Pand in gebruik,391,0.8319,10,0.0213
0503100000020137,9.72,437,44.94,false,false,,1966,Pand in gebruik,405,0.9268,1,0.0023
0503100000020138,9.76,488,49.99,false,false,,1966,Pand in gebruik,392,0.8033,9,0.0184
0503100000018783,10.65,555,52.12,false,true,overige gebruiksfunctie,1964,Pand in gebruik,458,0.8252,4,0.0072
0503100000020139,9.72,467,48.02,false,false,,1966,Pand in gebruik,407,0.8715,4,0.0086
0503100000018784,152.90,5469,35.77,false,true,overige gebruiksfunctie,1969,Pand in gebruik,4639,0.8482,3,0.0005
0503100000020140,9.72,441,45.35,false,false,,1966,Pand in gebruik,399,0.9048,2,0.0045
0503100000018785,55.27,3342,60.47,false,true,woonfunctie,1966,Pand in gebruik,2892,0.8654,0,0.0000
0503100000020141,9.74,416,42.69,false,false,,1966,Pand in gebruik,407,0.9784,1,0.0024
0503100000018786,55.34,3343,60.40,false,true,woonfunctie,1966,Pand in gebruik,2909,0.8702,0,0.0000
0503100000020142,9.72,455,46.79,false,false,,1966,Pand in gebruik,408,0.8967,0,0.0000
0503100000018787,55.41,3445,62.18,false,true,woonfunctie,1966,Pand in gebruik,2882,0.8366,1,0.0003
0503100000020143,9.72,488,50.19,false,false,,1966,Pand in gebruik,420,0.8607,3,0.0061
0503100000018788,50.52,1683,33.31,false,true,woonfunctie,1966,Pand in gebruik,1330,0.7903,8,0.0048
0503100000020144,9.73,453,46.56,false,false,,1966,Pand in gebruik,404,0.8918,0,0.0000
0503100000018789,50.53,1528,30.24,false,true,woonfunctie,1966,Pand in gebruik,1341,0.8776,0,0.0000
0503100000018790,50.53,1520,30.08,false,true,woonfunctie,1966,Pand in gebruik,1349,0.8875,1,0.0007
0503100000018791,50.53,1497,29.62,false,true,woonfunctie,1966,Pand in gebruik,1304,0.8711,2,0.0013
0503100000018792,50.52,1503,29.75,false,true,woonfunctie,1966,Pand in gebruik,1329,0.8842,0,0.0000
0503100000018793,50.31,1541,30.63,false,true,woonfunctie,1966,Pand in gebruik,1334,0.8657,9,0.0058
0503100000020150,9.72,589,60.62,false,false,,1966,Pand in gebruik,522,0.8862,1,0.0017
0503100000018794,52.73,1509,28.62,false,true,woonfunctie,1966,Pand in gebruik,1256,0.8323,1,0.0007
0503100000020151,9.78,597,61.05,false,false,,1966,Pand in gebruik,507,0.8492,3,0.0050
0503100000018795,52.72,1497,28.39,false,true,woonfunctie,1966,Pand in gebruik,1285,0.8584,1,0.0007
0503100000020152,9.80,606,61.84,false,false,,1966,Pand in gebruik,527,0.8696,0,0.0000
0503100000018796,52.73,1481,28.09,false,true,woonfunctie,1966,Pand in gebruik,1337,0.9028,2,0.0014
0503100000020153,9.77,594,60.79,false,false,,1966,Pand in gebruik,504,0.8485,3,0.0051
0503100000018797,52.44,1647,31.41,false,true,woonfunctie,1966,Pand in gebruik,1339,0.8130,2,0.0012
0503100000019292,356.03,19418,54.54,false,true,woonfunctie,1972,Pand in gebruik,13070,0.6731,14,0.0007
0503100000020154,9.72,827,85.09,false,false,,1966,Pand in gebruik,520,0.6288,3,0.0036
0503100000018798,52.44,1513,28.85,false,true,woonfunctie,1966,Pand in gebruik,1346,0.8896,1,0.0007
0503100000019293,207.81,12203,58.72,false,true,woonfunctie,1968,Pand in gebruik,8730,0.7154,9,0.0007
0503100000020155,9.79,592,60.44,false,false,,1966,Pand in gebruik,509,0.8598,3,0.0051
0503100000018799,52.42,1492,28.46,false,true,woonfunctie,1966,Pand in gebruik,1318,0.8834,1,0.0007
0503100000019294,207.85,9613,46.25,false,true,woonfunctie,1968,Pand in gebruik,8678,0.9027,0,0.0000
0503100000020156,9.72,568,58.46,false,false,,1966,Pand in gebruik,500,0.8803,1,0.0018
0503100000018800,52.42,1452,27.70,false,true,woonfunctie,1966,Pand in gebruik,1289,0.8877,1,0.0007
0503100000019295,207.94,6705,32.24,false,true,woonfunctie,1968,Pand in gebruik,5733,0.8550,0,0.0000
0503100000018801,52.40,1456,27.78,false,true,woonfunctie,1966,Pand in gebruik,1279,0.8784,1,0.0007
0503100000019296,301.76,21856,72.43,false,true,woonfunctie,1971,Pand in gebruik,12037,0.5507,25,0.0011
0503100000019297,9.17,257,28.02,false,false,,1966,Pand in gebruik,235,0.9144,0,0.0000
0503100000018802,52.39,1382,26.38,false,true,woonfunctie,1966,Pand in gebruik,1247,0.9023,1,0.0007
0503100000019298,9.18,276,30.08,false,false,,1966,Pand in gebruik,238,0.8623,1,0.0036
0503100000020160,9.74,590,60.58,false,false,,1966,Pand in gebruik,512,0.8678,1,0.0017
0503100000018803,52.40,1464,27.94,false,true,woonfunctie,1966,Pand in gebruik,1312,0.8962,0,0.0000
0503100000019299,9.13,265,29.03,false,false,,1966,Pand in gebruik,223,0.8415,0,0.0000
0503100000019684,354.90,11296,31.83,false,true,woonfunctie,1971,Pand in gebruik,8945,0.7919,3,0.0003
0503100000020161,9.72,542,55.78,false,false,,1966,Pand in gebruik,492,0.9077,3,0.0055
0503100000019300,9.13,264,28.92,false,false,,1966,Pand in gebruik,229,0.8674,2,0.0076
0503100000018804,53.41,1628,30.48,false,true,woonfunctie,1966,Pand in gebruik,1409,0.8655,5,0.0031
0503100000019685,323.24,10212,31.59,false,true,woonfunctie,1971,Pand in gebruik,8162,0.7993,8,0.0008
0503100000020162,9.70,578,59.57,false,false,,1966,Pand in gebruik,504,0.8720,0,0.0000
0503100000019301,9.19,281,30.57,false,false,,1966,Pand in gebruik,240,0.8541,0,0.0000
0503100000018805,52.42,1436,27.40,false,true,woonfunctie,1966,Pand in gebruik,1351,0.9408,1,0.0007
0503100000019686,208.94,7120,34.08,false,true,woonfunctie,1968,Pand in gebruik,5189,0.7288,5,0.0007
0503100000020163,9.79,552,56.40,false,false,,1966,Pand in gebruik,519,0.9402,2,0.0036
0503100000018806,52.40,1472,28.09,false,true,woonfunctie,1966,Pand in gebruik,1376,0.9348,3,0.0020
0503100000019302,9.17,279,30.42,false,false,,1966,Pand in gebruik,235,0.8423,1,0.0036
0503100000020164,9.72,538,55.37,false,false,,1966,Pand in gebruik,504,0.9368,4,0.0074
0503100000018807,52.97,1561,29.47,false,true,woonfunctie,1966,Pand in gebruik,1354,0.8674,1,0.0006
0503100000019303,9.26,275,29.71,false,false,,1966,Pand in gebruik,243,0.8836,1,0.0036
0503100000018808,52.95,1562,29.50,false,true,woonfunctie,1966,Pand in gebruik,1365,0.8739,2,0.0013
0503100000019304,9.21,257,27.90,false,false,,1966,Pand in gebruik,233,0.9066,1,0.0039
0503100000019305,9.17,274,29.87,false,false,,1966,Pand in gebruik,245,0.8942,0,0.0000
0503100000018809,53.64,1650,30.76,false,true,woonfunctie,1966,Pand in gebruik,1393,0.8442,0,0.0000
0503100000019306,9.15,274,29.95,false,false,,1966,Pand in gebruik,244,0.8905,0,0.0000
0503100000019307,9.17,251,27.37,false,false,,1966,Pand in gebruik,164,0.6534,0,0.0000
0503100000018811,52.88,1561,29.52,false,true,woonfunctie,1966,Pand in gebruik,1391,0.8911,1,0.0006
0503100000019308,9.13,282,30.90,false,false,,1966,Pand in gebruik,242,0.8582,1,0.0035
0503100000018812,52.89,1502,28.40,false,true,woonfunctie,1966,Pand in gebruik,1373,0.9141,0,0.0000
0503100000019309,9.24,267,28.90,false,false,,1966,Pand in gebruik,228,0.8539,1,0.0037
0503100000018813,52.66,1648,31.29,false,true,woonfunctie,1966,Pand in gebruik,1350,0.8192,5,0.0030
0503100000019310,9.21,277,30.06,false,false,,1966,Pand in gebruik,240,0.8664,1,0.0036
0503100000018814,52.65,1575,29.91,false,true,woonfunctie,1966,Pand in gebruik,1363,0.8654,0,0.0000
0503100000019311,9.19,256,27.85,false,false,,1966,Pand in gebruik,231,0.9023,0,0.0000
0503100000018815,52.66,1541,29.26,false,true,woonfunctie,1966,Pand in gebruik,1377,0.8936,1,0.0006
0503100000019312,9.17,253,27.59,false,false,,1966,Pand in gebruik,232,0.9170,0,0.0000
0503100000019313,9.17,289,31.51,false,false,,1966,Pand in gebruik,247,0.8547,1,0.0035
0503100000019314,9.22,275,29.84,false,false,,1966,Pand in gebruik,237,0.8618,0,0.0000
0503100000019315,9.19,254,27.62,false,false,,1966,Pand in gebruik,229,0.9016,0,0.0000
0503100000019316,9.17,256,27.91,false,false,,1966,Pand in gebruik,226,0.8828,0,0.0000
0503100000019317,9.20,275,29.91,false,false,,1966,Pand in gebruik,241,0.8764,2,0.0073
0503100000019318,9.17,264,28.78,false,false,,1966,Pand in gebruik,234,0.8864,1,0.0038
0503100000019319,9.17,254,27.70,false,false,,1966,Pand in gebruik,234,0.9213,0,0.0000
0503100000019320,9.17,284,30.97,false,false,,1966,Pand in gebruik,259,0.9120,1,0.0035
0503100000019321,9.19,280,30.46,false,false,,1966,Pand in gebruik,241,0.8607,0,0.0000
0503100000019367,323.53,21226,65.61,false,true,woonfunctie,1971,Pand in gebruik,12996,0.6123,13,0.0006
0503100000019368,355.12,25209,70.99,false,true,woonfunctie,1971,Pand in gebruik,14567,0.5778,17,0.0007
0503100000019369,208.94,13970,66.86,false,true,woonfunctie,1968,Pand in gebruik,11336,0.8115,17,0.0012
0503100000019370,209.03,11943,57.14,false,true,woonfunctie,1968,Pand in gebruik,11310,0.9470,5,0.0004
0503100000019371,302.56,21612,71.43,false,true,woonfunctie,1972,Pand in gebruik,12793,0.5919,32,0.0015
0503100000019372,324.92,19293,59.38,false,true,"gezondheidszorgfunctie,woonfunctie",1972,Pand in gebruik,12993,0.6735,18,0.0009
0503100000019373,322.88,18898,58.53,false,true,woonfunctie,1972,Pand in gebruik,12674,0.6707,24,0.0013
0503100000019374,208.04,5828,28.01,false,true,woonfunctie,1968,Pand in gebruik,5155,0.8845,0,0.0000
0503100000019375,208.52,11964,57.38,false,true,woonfunctie,1968,Pand in gebruik,9832,0.8218,2,0.0002
0503100000019751,208.26,5729,27.51,false,true,woonfunctie,1967,Pand in gebruik,5238,0.9143,0,0.0000
0503100000019376,321.14,14626,45.54,false,true,bijeenkomstfunctie,2009,Pand in gebruik,13505,0.9234,7,0.0005
0503100000019752,301.37,12455,41.33,false,true,woonfunctie,1972,Pand in gebruik,8517,0.6838,10,0.0008
0503100000019377,323.75,21200,65.48,false,true,woonfunctie,1971,Pand in gebruik,12998,0.6131,9,0.0004
0503100000019753,322.84,11686,36.20,false,true,woonfunctie,1972,Pand in gebruik,8995,0.7697,1,0.0001
0503100000019378,209.23,12187,58.25,false,true,woonfunctie,1968,Pand in gebruik,11659,0.9567,5,0.0004
0503100000019754,300.72,11277,37.50,false,true,woonfunctie,1971,Pand in gebruik,7547,0.6692,12,0.0011
0503100000019379,209.29,12315,58.84,false,true,woonfunctie,1968,Pand in gebruik,11453,0.9300,7,0.0006
0503100000019380,209.12,12098,57.85,false,true,woonfunctie,1968,Pand in gebruik,11305,0.9345,3,0.0002
0503100000019755,208.87,6219,29.77,false,true,woonfunctie,1968,Pand in gebruik,5472,0.8799,0,0.0000
0503100000019756,208.89,5976,28.61,false,true,woonfunctie,1968,Pand in gebruik,5477,0.9165,0,0.0000
0503100000019757,208.91,5724,27.40,false,true,woonfunctie,1968,Pand in gebruik,5212,0.9106,0,0.0000
0503100000019758,208.25,6144,29.50,false,true,woonfunctie,1967,Pand in gebruik,5243,0.8534,3,0.0005
0503100000019759,354.08,12677,35.80,false,true,woonfunctie,1972,Pand in gebruik,9917,0.7823,4,0.0003
0503100000019760,322.79,11628,36.02,false,true,woonfunctie,1972,Pand in gebruik,8985,0.7727,4,0.0003
0503100000019761,208.26,5642,27.09,false,true,woonfunctie,1967,Pand in gebruik,5194,0.9206,0,0.0000
0503100000019762,208.26,6744,32.38,false,true,woonfunctie,1967,Pand in gebruik,5367,0.7958,1,0.0001
0503100000019763,208.26,6002,28.82,false,true,woonfunctie,1967,Pand in gebruik,5383,0.8969,0,0.0000
0503100000018871,1302.10,90488,69.49,false,true,"bijeenkomstfunctie,winkelfunctie,woonfunctie",1971,Pand in gebruik,40309,0.4455,27,0.0003
0503100000019764,208.26,5954,28.59,false,true,woonfunctie,1967,Pand in gebruik,5384,0.9043,0,0.0000
0503100000018872,1651.21,58215,35.26,false,true,"bijeenkomstfunctie,gezondheidszorgfunctie,kantoorfunctie,woonfunctie",1969,Pand in gebruik,53362,0.9166,10,0.0002
0503100000019765,208.25,6118,29.38,false,true,woonfunctie,1967,Pand in gebruik,5259,0.8596,0,0.0000
0503100000019766,208.82,6036,28.91,false,true,woonfunctie,1968,Pand in gebruik,5366,0.8890,0,0.0000
0503100000018875,978.06,36395,37.21,false,true,woonfunctie,1991,Pand in gebruik,32128,0.8828,14,0.0004
0503100000019767,208.82,6126,29.34,false,true,woonfunctie,1968,Pand in gebruik,5474,0.8936,0,0.0000
0503100000018877,60.01,2063,34.38,false,true,winkelfunctie,1992,Pand in gebruik,1926,0.9336,3,0.0015
0503100000019768,210.03,6032,28.72,false,true,woonfunctie,1967,Pand in gebruik,5332,0.8840,1,0.0002
0503100000018878,2406.97,80039,33.25,false,true,"overige gebruiksfunctie,sportfunctie,woonfunctie",2007,Pand in gebruik,74864,0.9353,47,0.0006
0503100000019769,208.13,6051,29.07,false,true,woonfunctie,1967,Pand in gebruik,5350,0.8842,2,0.0003
0503100000018879,52.66,1508,28.64,false,true,woonfunctie,1966,Pand in gebruik,1297,0.8601,1,0.0007
0503100000019770,208.50,7450,35.73,false,true,woonfunctie,1967,Pand in gebruik,5398,0.7246,6,0.0008
0503100000018880,52.65,1494,28.37,false,true,woonfunctie,1966,Pand in gebruik,1336,0.8942,0,0.0000
0503100000019771,208.38,6284,30.16,false,true,woonfunctie,1967,Pand in gebruik,5396,0.8587,3,0.0005
0503100000018881,52.52,1539,29.30,false,true,woonfunctie,1966,Pand in gebruik,1378,0.8954,2,0.0013
0503100000018882,52.52,1571,29.91,false,true,woonfunctie,1966,Pand in gebruik,1381,0.8791,2,0.0013
0503100000018883,52.51,1605,30.56,false,true,woonfunctie,1966,Pand in gebruik,1403,0.8741,1,0.0006
0503100000018884,52.52,1594,30.35,false,true,woonfunctie,1966,Pand in gebruik,1390,0.8720,0,0.0000
0503100000018885,9.17,267,29.12,false,false,,1966,Pand in gebruik,235,0.8801,2,0.0075
0503100000018886,9.17,270,29.44,false,false,,1966,Pand in gebruik,231,0.8556,1,0.0037
0503100000018887,9.17,246,26.83,false,false,,1966,Pand in gebruik,222,0.9024,0,0.0000
0503100000018888,9.19,278,30.24,false,false,,1966,Pand in gebruik,227,0.8165,4,0.0144
0503100000018889,9.19,239,26.00,false,false,,1966,Pand in gebruik,217,0.9079,0,0.0000
0503100000018890,9.17,279,30.42,false,false,,1966,Pand in gebruik,225,0.8065,5,0.0179
0503100000018891,9.17,262,28.57,false,false,,1966,Pand in gebruik,222,0.8473,0,0.0000
0503100000018892,52.30,1427,27.29,false,true,woonfunctie,1966,Pand in gebruik,1358,0.9516,2,0.0014
0503100000018893,52.30,1450,27.73,false,true,woonfunctie,1966,Pand in gebruik,1361,0.9386,8,0.0055
0503100000018894,52.30,1428,27.31,false,true,woonfunctie,1966,Pand in gebruik,1348,0.9440,2,0.0014
0503100000018895,52.29,1442,27.57,false,true,woonfunctie,1966,Pand in gebruik,1364,0.9459,0,0.0000
0503100000018896,52.93,1554,29.36,false,true,woonfunctie,1966,Pand in gebruik,1381,0.8887,0,0.0000
0503100000018897,52.95,1597,30.16,false,true,woonfunctie,1966,Pand in gebruik,1394,0.8729,1,0.0006
0503100000018898,10.20,488,47.83,false,false,,1966,Pand in gebruik,420,0.8607,5,0.0102
0503100000018899,63.62,1761,27.68,false,true,woonfunctie,1966,Pand in gebruik,1634,0.9279,7,0.0040
0503100000018900,50.32,1411,28.04,false,true,woonfunctie,1966,Pand in gebruik,1300,0.9213,3,0.0021
0503100000018901,50.31,1413,28.08,false,true,woonfunctie,1966,Pand in gebruik,1289,0.9122,5,0.0035
0503100000018902,50.31,1430,28.42,false,true,woonfunctie,1966,Pand in gebruik,1324,0.9259,6,0.0042
0503100000018903,49.08,1426,29.06,false,true,woonfunctie,1966,Pand in gebruik,1301,0.9123,0,0.0000
0503100000018904,50.10,1413,28.20,false,true,woonfunctie,1966,Pand in gebruik,1327,0.9391,0,0.0000
0503100000018905,68.54,1830,26.70,false,true,woonfunctie,1966,Pand in gebruik,1733,0.9470,2,0.0011
0503100000018906,69.22,1884,27.22,false,true,woonfunctie,1966,Pand in gebruik,1592,0.8450,3,0.0016
0503100000018907,50.09,1539,30.73,false,true,woonfunctie,1966,Pand in gebruik,1351,0.8778,3,0.0019
0503100000018908,50.09,1422,28.39,false,true,woonfunctie,1966,Pand in gebruik,1336,0.9395,1,0.0007
0503100000018909,50.08,1416,28.27,false,true,woonfunctie,1966,Pand in gebruik,1338,0.9449,1,0.0007
0503100000018910,50.09,1420,28.35,false,true,woonfunctie,1966,Pand in gebruik,1341,0.9444,4,0.0028
0503100000018911,50.08,1430,28.55,false,true,woonfunctie,1966,Pand in gebruik,1330,0.9301,4,0.0028
0503100000018912,50.08,1423,28.41,false,true,woonfunctie,1966,Pand in gebruik,1338,0.9403,4,0.0028
0503100000019427,52.14,2666,51.13,false,true,woonfunctie,1966,Pand in gebruik,2455,0.9209,1,0.0004
0503100000019428,9.05,346,38.22,false,false,,1966,Pand in gebruik,278,0.8035,1,0.0029
0503100000019429,52.34,1872,35.77,false,true,woonfunctie,1966,Pand in gebruik,1685,0.9001,5,0.0027
0503100000019430,52.33,1873,35.79,false,true,woonfunctie,1966,Pand in gebruik,1700,0.9076,2,0.0011
0503100000019432,52.34,1884,36.00,false,true,woonfunctie,1966,Pand in gebruik,1689,0.8965,2,0.0011
0503100000019433,52.34,1808,34.55,false,true,woonfunctie,1966,Pand in gebruik,1712,0.9469,2,0.0011
0503100000019434,8.88,772,86.91,false,false,,1966,Pand in gebruik,228,0.2953,1,0.0013
0503100000019435,52.12,1857,35.63,false,true,woonfunctie,1966,Pand in gebruik,1676,0.9025,0,0.0000
0503100000019436,52.09,1889,36.26,false,true,woonfunctie,1966,Pand in gebruik,1689,0.8941,2,0.0011
0503100000019437,52.06,1867,35.86,false,true,woonfunctie,1966,Pand in gebruik,1681,0.9004,1,0.0005
0503100000019438,52.05,1829,35.14,false,true,woonfunctie,1966,Pand in gebruik,1649,0.9016,1,0.0005
0503100000019439,52.05,1955,37.56,false,true,woonfunctie,1966,Pand in gebruik,1669,0.8537,3,0.0015
0503100000019440,52.62,2379,45.21,false,true,woonfunctie,1966,Pand in gebruik,1675,0.7041,2,0.0008
0503100000019441,52.60,1858,35.32,false,true,woonfunctie,1966,Pand in gebruik,1661,0.8940,4,0.0022
0503100000019442,52.58,1876,35.68,false,true,woonfunctie,1966,Pand in gebruik,1671,0.8907,0,0.0000
0503100000019443,52.65,1931,36.68,false,true,woonfunctie,1966,Pand in gebruik,1673,0.8664,1,0.0005
0503100000019444,52.69,1817,34.48,false,true,woonfunctie,1966,Pand in gebruik,1662,0.9147,0,0.0000
0503100000018964,1613.87,58492,36.24,false,true,"kantoorfunctie,onderwijsfunctie",1965,Pand in gebruik,51430,0.8793,23,0.0004
0503100000018965,2465.25,83753,33.97,false,true,kantoorfunctie,1964,Pand in gebruik,79506,0.9493,6,0.0001
0503100000019839,323.60,12303,38.02,false,true,woonfunctie,1972,Pand in gebruik,9662,0.7853,2,0.0002
0503100000019840,1562.38,58485,37.43,false,true,"gezondheidszorgfunctie,kantoorfunctie,woonfunctie",2004,Pand in gebruik,50930,0.8708,24,0.0004
0503100000019841,1257.37,158768,126.27,false,true,"winkelfunctie,woonfunctie",1965,Pand in gebruik,85531,0.5387,78,0.0005
0503100000018977,1302.00,59036,45.34,false,true,"overige gebruiksfunctie,woonfunctie",1969,Pand in gebruik,41897,0.7097,30,0.0005
0503100000018978,2121.87,72898,34.36,false,true,woonfunctie,1969,Pand in gebruik,66792,0.9162,19,0.0003
0503100000018979,50.32,1695,33.69,false,true,woonfunctie,1966,Pand in gebruik,1288,0.7599,4,0.0024
0503100000019842,970.43,51074,52.63,false,true,bijeenkomstfunctie,1968,Pand in gebruik,47924,0.9383,68,0.0013
0503100000018980,50.09,1423,28.41,false,true,woonfunctie,1966,Pand in gebruik,1330,0.9346,3,0.0021
0503100000019843,18.32,1035,56.51,false,true,overige gebruiksfunctie,1966,Pand in gebruik,471,0.4551,2,0.0019
0503100000018981,52.54,1556,29.62,false,true,woonfunctie,1966,Pand in gebruik,1296,0.8329,2,0.0013
0503100000019844,608.73,21142,34.73,false,true,woonfunctie,1979,Pand in gebruik,19132,0.9049,43,0.0020
0503100000019845,1126.08,74496,66.16,false,true,"kantoorfunctie,woonfunctie",1967,Pand in gebruik,38863,0.5217,48,0.0006
0503100000018982,52.53,1404,26.73,false,true,woonfunctie,1966,Pand in gebruik,1299,0.9252,3,0.0021
0503100000019846,208.03,8432,40.53,false,true,woonfunctie,1967,Pand in gebruik,6990,0.8290,1,0.0001
0503100000018983,52.53,1385,26.36,false,true,woonfunctie,1966,Pand in gebruik,1252,0.9040,2,0.0014
0503100000019847,207.86,8700,41.85,false,true,woonfunctie,1967,Pand in gebruik,6932,0.7968,0,0.0000
0503100000018984,52.53,1295,24.65,false,true,woonfunctie,1966,Pand in gebruik,1195,0.9228,5,0.0039
0503100000019848,354.39,14420,40.69,false,true,woonfunctie,1972,Pand in gebruik,10471,0.7261,1,0.0001
0503100000018985,53.64,1429,26.64,false,true,woonfunctie,1966,Pand in gebruik,1235,0.8642,2,0.0014
0503100000019849,323.56,13526,41.80,false,true,woonfunctie,1972,Pand in gebruik,10540,0.7792,5,0.0004
0503100000018986,52.38,1413,26.98,false,true,woonfunctie,1966,Pand in gebruik,1330,0.9413,2,0.0014
0503100000019850,300.97,20611,68.48,false,true,woonfunctie,1972,Pand in gebruik,14067,0.6825,17,0.0008
0503100000018987,52.41,1434,27.36,false,true,woonfunctie,1966,Pand in gebruik,1350,0.9414,2,0.0014
0503100000018988,52.45,1432,27.30,false,true,woonfunctie,1966,Pand in gebruik,1338,0.9344,5,0.0035
0503100000018989,52.52,1515,28.85,false,true,woonfunctie,1966,Pand in gebruik,1350,0.8911,2,0.0013
0503100000018990,52.36,1535,29.32,false,true,woonfunctie,1966,Pand in gebruik,1343,0.8749,3,0.0020
0503100000018991,9.19,279,30.35,false,false,,1966,Pand in gebruik,244,0.8746,6,0.0215
0503100000018992,9.17,255,27.81,false,false,,1966,Pand in gebruik,232,0.9098,3,0.0118
0503100000018993,9.15,245,26.78,false,false,,1966,Pand in gebruik,236,0.9633,0,0.0000
0503100000019852,59.95,2580,43.04,false,true,woonfunctie,1965,Pand in gebruik,2480,0.9612,0,0.0000
0503100000018994,9.17,246,26.83,false,false,,1966,Pand in gebruik,186,0.7561,0,0.0000
0503100000018995,9.17,247,26.92,false,false,,1966,Pand in gebruik,234,0.9474,0,0.0000
0503100000019853,118.55,4920,41.50,false,true,woonfunctie,1966,Verbouwing pand,4279,0.8697,7,0.0014
0503100000018996,9.17,255,27.81,false,false,,1966,Pand in gebruik,240,0.9412,1,0.0039
0503100000019854,653.34,22900,35.05,false,true,woonfunctie,1965,Pand in gebruik,21005,0.9172,23,0.0010
0503100000018997,9.22,264,28.62,false,false,,1966,Pand in gebruik,241,0.9129,2,0.0076
0503100000019855,56.36,1272,22.57,false,true,overige gebruiksfunctie,1968,Pand in gebruik,1139,0.8954,7,0.0055
0503100000018998,9.19,270,29.37,false,false,,1966,Pand in gebruik,238,0.8815,2,0.0074
0503100000019856,208.10,14272,68.58,false,true,woonfunctie,1967,Pand in gebruik,10363,0.7261,5,0.0004
0503100000018999,9.17,263,28.68,false,false,,1966,Pand in gebruik,238,0.9049,3,0.0114
0503100000019857,208.08,12015,57.74,false,true,woonfunctie,1967,Pand in gebruik,10248,0.8529,3,0.0002
0503100000019001,49.27,1593,32.33,false,true,industriefunctie,1974,Pand in gebruik,1327,0.8330,6,0.0038
0503100000023519,14.34,463,32.28,false,true,overige gebruiksfunctie,1970,Pand in gebruik,455,0.9827,0,0.0000
0503100000023520,14.35,458,31.92,false,true,overige gebruiksfunctie,1970,Pand in gebruik,447,0.9760,0,0.0000
0503100000023521,14.35,456,31.79,false,true,overige gebruiksfunctie,1970,Pand in gebruik,449,0.9846,0,0.0000
0503100000023522,14.35,453,31.58,false,true,overige gebruiksfunctie,1970,Pand in gebruik,447,0.9868,0,0.0000
0503100000023523,14.35,639,44.54,false,true,overige gebruiksfunctie,1970,Pand in gebruik,460,0.7199,0,0.0000
0503100000023042,9.15,522,57.05,false,false,,1966,Pand in gebruik,231,0.4425,1,0.0019
0503100000023043,9.17,891,97.17,false,false,,1966,Pand in gebruik,150,0.1684,46,0.0516
0503100000023044,9.24,473,51.17,false,false,,1966,Pand in gebruik,207,0.4376,0,0.0000
0503100000023045,9.22,261,28.30,false,false,,1966,Pand in gebruik,238,0.9119,2,0.0077
0503100000023046,9.17,257,28.02,false,false,,1966,Pand in gebruik,235,0.9144,1,0.0039
0503100000023047,9.08,266,29.31,false,false,,1966,Pand in gebruik,228,0.8571,2,0.0075
0503100000023048,9.17,257,28.01,false,false,,1966,Pand in gebruik,242,0.9416,1,0.0039
0503100000023049,9.30,260,27.95,false,false,,1966,Pand in gebruik,230,0.8846,6,0.0231
0503100000023050,9.17,850,92.66,false,false,,1966,Pand in gebruik,239,0.2812,2,0.0024
0503100000023051,9.20,286,31.10,false,false,,1966,Pand in gebruik,243,0.8497,4,0.0140
0503100000023052,481.53,38274,79.48,false,true,woonfunctie,1965,Pand in gebruik,31784,0.8304,61,0.0016
0503100000023053,675.60,35199,52.10,false,true,woonfunctie,1961,Pand in gebruik,29906,0.8496,34,0.0010
0503100000023054,676.98,28289,41.79,false,true,woonfunctie,1961,Pand in gebruik,23340,0.8251,33,0.0012
0503100000019926,195.68,11499,58.76,false,true,bijeenkomstfunctie,1961,Pand in gebruik,9624,0.8369,5,0.0004
0503100000019937,2088.16,131713,63.08,false,true,woonfunctie,1969,Pand in gebruik,112438,0.8537,49,0.0004
0503100000019938,629.95,35253,55.96,false,true,bijeenkomstfunctie,2002,Pand in gebruik,26586,0.7541,30,0.0009
0503100000019948,9.71,554,57.03,false,false,,1966,Pand in gebruik,460,0.8303,1,0.0018
0503100000019949,9.76,568,58.20,false,false,,1966,Pand in gebruik,493,0.8680,2,0.0035
0503100000023605,14.34,460,32.07,false,true,overige gebruiksfunctie,1970,Pand in gebruik,455,0.9891,0,0.0000
0503100000023606,14.35,669,46.63,false,true,overige gebruiksfunctie,1970,Pand in gebruik,439,0.6562,0,0.0000
0503100000023607,14.35,464,32.34,false,true,overige gebruiksfunctie,1970,Pand in gebruik,456,0.9828,0,0.0000
0503100000023608,14.35,459,31.99,false,true,overige gebruiksfunctie,1970,Pand in gebruik,445,0.9695,0,0.0000
0503100000023609,14.34,457,31.86,false,true,overige gebruiksfunctie,1970,Pand in gebruik,450,0.9847,0,0.0000
0503100000023610,14.34,459,32.00,false,true,overige gebruiksfunctie,1970,Pand in gebruik,453,0.9869,0,0.0000
0503100000023611,14.35,465,32.41,false,true,overige gebruiksfunctie,1970,Pand in gebruik,456,0.9806,0,0.0000
0503100000023612,14.32,495,34.56,false,true,overige gebruiksfunctie,1970,Pand in gebruik,442,0.8929,2,0.0040
0503100000023613,14.35,455,31.71,false,true,overige gebruiksfunctie,1970,Pand in gebruik,446,0.9802,0,0.0000
0503100000023614,14.27,474,33.21,false,true,overige gebruiksfunctie,1970,Pand in gebruik,444,0.9367,2,0.0042
0503100000023615,14.35,457,31.86,false,true,overige gebruiksfunctie,1970,Pand in gebruik,452,0.9891,0,0.0000
0503100000023616,14.34,471,32.84,false,true,overige gebruiksfunctie,1970,Pand in gebruik,461,0.9788,0,0.0000
0503100000023617,14.35,477,33.25,false,true,overige gebruiksfunctie,1970,Pand in gebruik,464,0.9727,0,0.0000
0503100000023618,14.35,457,31.86,false,true,overige gebruiksfunctie,1970,Pand in gebruik,447,0.9781,0,0.0000
0503100000023619,14.35,494,34.44,false,true,overige gebruiksfunctie,1970,Pand in gebruik,478,0.9676,0,0.0000
0503100000023620,14.34,457,31.86,false,true,overige gebruiksfunctie,1970,Pand in gebruik,449,0.9825,0,0.0000
0503100000023621,14.35,477,33.25,false,true,overige gebruiksfunctie,1970,Pand in gebruik,465,0.9748,0,0.0000
0503100000023622,14.34,476,33.19,false,true,overige gebruiksfunctie,1970,Pand in gebruik,466,0.9790,0,0.0000
0503100000023623,14.34,471,32.84,false,true,overige gebruiksfunctie,1970,Pand in gebruik,461,0.9788,0,0.0000
0503100000023624,14.35,856,59.67,false,true,overige gebruiksfunctie,1970,Pand in gebruik,457,0.5339,0,0.0000
0503100000023625,14.35,464,32.34,false,true,overige gebruiksfunctie,1970,Pand in gebruik,455,0.9806,0,0.0000
0503100000023626,14.35,943,65.73,false,true,overige gebruiksfunctie,1970,Pand in gebruik,454,0.4814,0,0.0000
0503100000023627,14.35,1199,83.58,false,true,overige gebruiksfunctie,1970,Pand in gebruik,452,0.3770,0,0.0000
0503100000023157,9.29,357,38.44,false,false,,1966,Pand in gebruik,288,0.8067,1,0.0028
0503100000025532,651.06,19669,30.21,false,true,woonfunctie,1993,Pand in gebruik,17791,0.9045,32,0.0016
0503100000025533,19374.55,684486,35.33,false,true,"bijeenkomstfunctie,overige gebruiksfunctie,winkelfunctie,woonfunctie",1968,Pand in gebruik,608805,0.8894,105,0.0002
0503100000025535,2936.95,80646,27.46,false,true,"bijeenkomstfunctie,gezondheidszorgfunctie,woonfunctie",1966,Pand in gebruik,73338,0.9094,30,0.0004
0503100000025536,2777.94,148273,53.38,false,true,"gezondheidszorgfunctie,woonfunctie",1976,Pand in gebruik,112714,0.7602,68,0.0005
0503100000025584,266.61,10086,37.83,false,false,,1992,Pand in gebruik,8014,0.7946,4,0.0004
0503100000026163,196.18,5329,27.16,false,false,,2005,Pand in gebruik,4819,0.9043,1,0.0002
0503100000023386,1405.64,67069,47.71,false,true,woonfunctie,1969,Pand in gebruik,44896,0.6694,40,0.0006
0503100000023387,14.35,495,34.51,false,true,overige gebruiksfunctie,1970,Pand in gebruik,452,0.9131,1,0.0020
0503100000023388,14.34,485,33.81,false,true,overige gebruiksfunctie,1970,Pand in gebruik,476,0.9814,0,0.0000
0503100000023389,14.34,468,32.63,false,true,overige gebruiksfunctie,1970,Pand in gebruik,456,0.9744,0,0.0000
0503100000023390,14.35,490,34.16,false,true,overige gebruiksfunctie,1970,Pand in gebruik,478,0.9755,0,0.0000
0503100000023391,14.35,472,32.90,false,true,overige gebruiksfunctie,1970,Pand in gebruik,461,0.9767,0,0.0000
0503100000023392,14.34,478,33.33,false,true,overige gebruiksfunctie,1970,Pand in gebruik,470,0.9833,0,0.0000
0503100000023393,14.35,702,48.93,false,true,overige gebruiksfunctie,1970,Pand in gebruik,464,0.6610,0,0.0000
0503100000023394,14.35,931,64.90,false,true,overige gebruiksfunctie,1970,Pand in gebruik,468,0.5027,0,0.0000
0503100000023398,317.39,10793,34.01,false,true,gezondheidszorgfunctie,1969,Pand in gebruik,10211,0.9461,0,0.0000
0503100000023407,112.93,3774,33.42,false,true,bijeenkomstfunctie,2005,Pand in gebruik,3575,0.9473,4,0.0011
0503100000025721,18.74,633,33.78,false,true,overige gebruiksfunctie,1970,Pand in gebruik,598,0.9447,1,0.0016
0503100000023496,61.36,2121,34.56,false,true,woonfunctie,1969,Pand in gebruik,1992,0.9392,2,0.0009
0503100000023497,61.37,2085,33.98,false,true,woonfunctie,1969,Pand in gebruik,1993,0.9559,1,0.0005
0503100000023500,325.86,11578,35.53,false,true,woonfunctie,1969,Pand in gebruik,10124,0.8744,6,0.0005
0503100000023503,14.35,466,32.48,false,true,overige gebruiksfunctie,1970,Pand in gebruik,459,0.9850,0,0.0000
0503100000023504,14.35,559,38.97,false,true,overige gebruiksfunctie,1970,Pand in gebruik,459,0.8211,0,0.0000
0503100000023505,14.34,461,32.14,false,true,overige gebruiksfunctie,1970,Pand in gebruik,455,0.9870,0,0.0000
0503100000023506,14.35,493,34.36,false,true,overige gebruiksfunctie,1970,Pand in gebruik,474,0.9615,0,0.0000
0503100000023507,14.34,469,32.70,false,true,overige gebruiksfunctie,1970,Pand in gebruik,464,0.9893,0,0.0000
0503100000023508,14.34,681,47.48,false,true,overige gebruiksfunctie,1970,Pand in gebruik,457,0.6711,0,0.0000
0503100000023509,14.35,1270,88.53,false,true,overige gebruiksfunctie,1970,Pand in gebruik,469,0.3693,0,0.0000
0503100000023510,14.34,460,32.07,false,true,overige gebruiksfunctie,1970,Pand in gebruik,449,0.9761,0,0.0000
0503100000023511,14.35,1611,112.30,false,true,overige gebruiksfunctie,1970,Pand in gebruik,466,0.2893,0,0.0000
0503100000023512,14.35,460,32.06,false,true,overige gebruiksfunctie,1970,Pand in gebruik,454,0.9870,0,0.0000
0503100000023513,14.35,1608,112.08,false,true,overige gebruiksfunctie,1970,Pand in gebruik,459,0.2854,0,0.0000
0503100000023514,14.35,465,32.41,false,true,overige gebruiksfunctie,1970,Pand in gebruik,459,0.9871,0,0.0000
0503100000023515,14.35,1098,76.54,false,true,overige gebruiksfunctie,1970,Pand in gebruik,465,0.4235,0,0.0000
0503100000023516,14.34,501,34.93,false,true,winkelfunctie,1970,Pand in gebruik,449,0.8962,0,0.0000
0503100000023517,14.34,456,31.79,false,true,overige gebruiksfunctie,1970,Pand in gebruik,446,0.9781,0,0.0000
0503100000023518,14.35,452,31.51,false,true,overige gebruiksfunctie,1970,Pand in gebruik,440,0.9735,0,0.0000
0503100000025343,260.13,18288,70.30,false,true,onderwijsfunctie,1992,Pand in gebruik,13740,0.7513,30,0.0016
0503100000027562,1144.82,60395,52.76,false,true,"overige gebruiksfunctie,woonfunctie",1965,Pand in gebruik,33926,0.5617,42,0.0007
0503100000025368,4707.97,151063,32.09,false,true,"bijeenkomstfunctie,gezondheidszorgfunctie,kantoorfunctie,woonfunctie",1971,Pand in gebruik,133751,0.8854,77,0.0005
0503100000028043,154.60,5292,34.23,false,true,winkelfunctie,1968,Pand in gebruik,5048,0.9539,3,0.0006
0503100000028562,17.71,628,35.45,false,true,overige gebruiksfunctie,1970,Pand in gebruik,524,0.8344,1,0.0016
0503100000028563,19.05,718,37.69,false,true,overige gebruiksfunctie,1970,Pand in gebruik,607,0.8454,3,0.0042
0503100000028564,17.65,567,32.12,false,true,overige gebruiksfunctie,1970,Pand in gebruik,539,0.9506,0,0.0000
0503100000028565,16.54,538,32.52,false,true,overige gebruiksfunctie,1970,Pand in gebruik,528,0.9814,0,0.0000
0503100000028571,9.24,339,36.67,false,false,,1967,Pand in gebruik,294,0.8673,0,0.0000
0503100000028572,51.87,1748,33.70,false,true,woonfunctie,1967,Pand in gebruik,1625,0.9296,0,0.0000
0503100000028573,51.78,1937,37.41,false,true,woonfunctie,1967,Pand in gebruik,1653,0.8534,1,0.0005
0503100000028574,9.21,339,36.80,false,false,,1967,Pand in gebruik,284,0.8378,2,0.0059
0503100000028575,51.73,1790,34.60,false,true,woonfunctie,1967,Pand in gebruik,1644,0.9184,1,0.0006
0503100000026755,53.82,4894,90.93,false,true,woonfunctie,1969,Pand in gebruik,4666,0.9534,0,0.0000
0503100000028157,18.03,553,30.67,false,true,overige gebruiksfunctie,1961,Pand in gebruik,323,0.5841,0,0.0000
0503100000026756,62.30,2907,46.66,false,true,woonfunctie,1969,Pand in gebruik,2684,0.9233,0,0.0000
0503100000028158,16.86,2227,132.10,false,true,overige gebruiksfunctie,1961,Pand in gebruik,500,0.2245,0,0.0000
0503100000028159,105.69,2936,27.78,false,true,winkelfunctie,1974,Pand in gebruik,1841,0.6270,8,0.0027
0503100000026757,63.04,3053,48.43,false,true,woonfunctie,1969,Pand in gebruik,2579,0.8447,2,0.0007
0503100000026758,53.99,5014,92.87,false,true,woonfunctie,1969,Pand in gebruik,4660,0.9294,0,0.0000
0503100000026759,54.01,4476,82.88,false,true,woonfunctie,1969,Pand in gebruik,4136,0.9240,2,0.0004
0503100000026760,54.01,4830,89.43,false,true,woonfunctie,1969,Pand in gebruik,4478,0.9271,0,0.0000
0503100000026761,53.50,4716,88.15,false,true,woonfunctie,1969,Pand in gebruik,4450,0.9436,0,0.0000
0503100000026762,62.84,5590,88.95,false,true,woonfunctie,1969,Pand in gebruik,5100,0.9123,0,0.0000
0503100000026763,55.77,2148,38.51,false,true,woonfunctie,1969,Pand in gebruik,1841,0.8571,0,0.0000
0503100000026764,55.60,2211,39.77,false,true,woonfunctie,1969,Pand in gebruik,1922,0.8693,0,0.0000
0503100000026765,76.50,4230,55.29,false,true,woonfunctie,1969,Pand in gebruik,3385,0.8002,10,0.0024
0503100000026766,55.31,3168,57.28,false,true,woonfunctie,1969,Pand in gebruik,2852,0.9003,0,0.0000
0503100000026767,62.11,1626,26.18,false,true,woonfunctie,1969,Pand in gebruik,1513,0.9305,0,0.0000
0503100000026768,61.36,1773,28.90,false,true,woonfunctie,1966,Pand in gebruik,1546,0.8720,0,0.0000
0503100000026769,61.42,1736,28.26,false,true,woonfunctie,1966,Pand in gebruik,1547,0.8911,0,0.0000
0503100000026770,61.34,3258,53.12,false,true,woonfunctie,1966,Pand in gebruik,3022,0.9276,0,0.0000
0503100000026771,61.59,1819,29.53,false,true,woonfunctie,1966,Pand in gebruik,1689,0.9285,0,0.0000
0503100000026772,61.32,1820,29.68,false,true,woonfunctie,1966,Pand in gebruik,1606,0.8824,0,0.0000
0503100000026773,61.22,1846,30.15,false,true,woonfunctie,1966,Pand in gebruik,1674,0.9068,0,0.0000
0503100000026774,61.45,3605,58.67,false,true,woonfunctie,1965,Pand in gebruik,3187,0.8840,7,0.0019
0503100000026775,61.33,4619,75.31,false,true,woonfunctie,1965,Pand in gebruik,4345,0.9407,0,0.0000
0503100000026776,61.51,4228,68.73,false,true,woonfunctie,1965,Pand in gebruik,3910,0.9248,0,0.0000
0503100000026777,61.50,1748,28.42,false,true,woonfunctie,1966,Pand in gebruik,1616,0.9245,0,0.0000
0503100000026848,61.46,1941,31.58,false,true,woonfunctie,1966,Pand in gebruik,1647,0.8485,8,0.0041
0503100000026849,61.55,2112,34.31,false,true,woonfunctie,1966,Pand in gebruik,1778,0.8419,10,0.0047
0503100000026850,60.72,2714,44.70,false,true,woonfunctie,1965,Pand in gebruik,2513,0.9259,0,0.0000
0503100000026851,61.24,2776,45.33,false,true,woonfunctie,1965,Pand in gebruik,2534,0.9128,0,0.0000
0503100000026852,60.07,2608,43.42,false,true,woonfunctie,1965,Pand in gebruik,2523,0.9674,0,0.0000
0503100000026853,60.00,2792,46.53,false,true,woonfunctie,1965,Pand in gebruik,2543,0.9108,1,0.0004
0503100000026854,61.35,3446,56.17,false,true,woonfunctie,1965,Pand in gebruik,3088,0.8961,4,0.0012
0503100000026855,62.66,3308,52.79,false,true,woonfunctie,1969,Pand in gebruik,2972,0.8984,0,0.0000
0503100000026856,55.91,3418,61.13,false,true,woonfunctie,1969,Pand in gebruik,2970,0.8689,0,0.0000
0503100000026857,55.64,1664,29.90,false,true,woonfunctie,1969,Pand in gebruik,1443,0.8672,0,0.0000
0503100000026858,55.78,1546,27.71,false,true,woonfunctie,1969,Pand in gebruik,1388,0.8978,0,0.0000
0503100000026859,55.33,1996,36.08,false,true,woonfunctie,1969,Pand in gebruik,1764,0.8838,0,0.0000
0503100000026860,56.32,2669,47.39,false,true,woonfunctie,1969,Pand in gebruik,2514,0.9419,0,0.0000
0503100000026861,55.58,3150,56.68,false,true,woonfunctie,1969,Pand in gebruik,2896,0.9194,2,0.0006
0503100000026862,55.56,3120,56.15,false,true,woonfunctie,1969,Pand in gebruik,2956,0.9474,0,0.0000
0503100000026863,61.44,1812,29.49,false,true,woonfunctie,1966,Pand in gebruik,1642,0.9062,0,0.0000
0503100000026864,61.46,1776,28.90,false,true,woonfunctie,1966,Pand in gebruik,1613,0.9082,0,0.0000
0503100000026865,61.33,1711,27.90,false,true,woonfunctie,1966,Pand in gebruik,1558,0.9106,0,0.0000
0503100000026866,61.60,1681,27.29,false,true,woonfunctie,1966,Pand in gebruik,1578,0.9387,0,0.0000
0503100000026867,67.99,1826,26.86,false,true,woonfunctie,1966,Pand in gebruik,1654,0.9058,0,0.0000
0503100000026868,61.52,1777,28.88,false,true,woonfunctie,1966,Pand in gebruik,1573,0.8852,0,0.0000
0503100000026869,61.67,3360,54.49,false,true,woonfunctie,1966,Pand in gebruik,3040,0.9048,2,0.0006
0503100000026870,55.57,1731,31.15,false,true,woonfunctie,1969,Pand in gebruik,1494,0.8631,1,0.0006
0503100000026871,55.22,1606,29.08,false,true,woonfunctie,1969,Pand in gebruik,1459,0.9085,0,0.0000
0503100000026872,55.77,1750,31.38,false,true,woonfunctie,1969,Pand in gebruik,1514,0.8651,0,0.0000
0503100000026873,55.81,1635,29.30,false,true,woonfunctie,1969,Pand in gebruik,1503,0.9193,0,0.0000
0503100000028265,55.85,3076,55.07,false,true,woonfunctie,1962,Pand in gebruik,2807,0.9125,2,0.0007
0503100000028266,16.95,628,37.04,false,true,overige gebruiksfunctie,1961,Pand in gebruik,589,0.9379,1,0.0016
0503100000030105,51.75,2074,40.07,false,true,woonfunctie,1967,Pand in gebruik,1744,0.8409,0,0.0000
0503100000030106,51.76,2060,39.80,false,true,woonfunctie,1967,Pand in gebruik,1774,0.8612,2,0.0010
0503100000030107,9.25,382,41.32,false,false,,1967,Pand in gebruik,259,0.6780,7,0.0183
0503100000030108,52.08,2662,51.11,false,true,woonfunctie,1967,Pand in gebruik,2316,0.8700,8,0.0030
0503100000030109,9.24,329,35.62,false,false,,1967,Pand in gebruik,296,0.8997,2,0.0061
0503100000030110,9.23,450,48.75,false,false,,1967,Pand in gebruik,292,0.6489,2,0.0044
0503100000030111,51.62,1912,37.04,false,true,woonfunctie,1967,Pand in gebruik,1655,0.8656,2,0.0010
0503100000030112,53.71,2118,39.44,false,true,woonfunctie,1967,Pand in gebruik,1721,0.8126,5,0.0024
0503100000030113,51.72,1858,35.93,false,true,woonfunctie,1967,Pand in gebruik,1657,0.8918,0,0.0000
0503100000030114,9.25,348,37.63,false,false,,1967,Pand in gebruik,282,0.8103,6,0.0172
0503100000030115,65.34,2366,36.21,false,true,woonfunctie,1967,Pand in gebruik,2019,0.8533,7,0.0030
0503100000029726,1401.05,64724,46.20,false,true,"overige gebruiksfunctie,woonfunctie",1966,Pand in gebruik,41502,0.6412,62,0.0010
0503100000026954,62.98,1755,27.87,false,true,woonfunctie,1969,Pand in gebruik,1525,0.8689,0,0.0000
0503100000026955,61.09,3411,55.84,false,true,woonfunctie,1965,Pand in gebruik,3058,0.8965,6,0.0018
0503100000026956,61.31,3406,55.55,false,true,woonfunctie,1965,Pand in gebruik,3086,0.9060,6,0.0018
0503100000027952,47.20,2447,51.84,false,true,woonfunctie,1991,Pand in gebruik,2240,0.9154,4,0.0016
0503100000027975,16.85,1513,89.77,false,true,overige gebruiksfunctie,1961,Pand in gebruik,457,0.3020,1,0.0007
0503100000031080,58.94,3195,54.21,false,true,woonfunctie,1991,Pand in gebruik,2910,0.9108,4,0.0013
0503100000030233,9.17,578,63.02,false,false,,1966,Pand in gebruik,493,0.8529,9,0.0156
0503100000030234,9.16,531,57.97,false,false,,1966,Pand in gebruik,466,0.8776,4,0.0075
0503100000030235,52.66,3109,59.04,false,true,woonfunctie,1966,Pand in gebruik,2737,0.8803,2,0.0006
0503100000030236,9.15,538,58.78,false,false,,1966,Pand in gebruik,467,0.8680,4,0.0074
0503100000030237,53.25,2020,37.93,false,true,woonfunctie,1967,Pand in gebruik,1800,0.8911,0,0.0000
0503100000030238,50.59,2832,55.98,false,true,woonfunctie,1966,Pand in gebruik,2550,0.9004,1,0.0004
0503100000031164,60.92,1723,28.28,false,true,woonfunctie,1966,Pand in gebruik,1605,0.9315,0,0.0000
0503100000031165,60.85,2030,33.36,false,true,woonfunctie,1966,Pand in gebruik,1804,0.8887,8,0.0039
0503100000031166,60.90,3522,57.84,false,true,woonfunctie,1965,Pand in gebruik,3126,0.8876,0,0.0000
0503100000031167,55.64,3045,54.73,false,true,woonfunctie,1962,Pand in gebruik,2807,0.9218,2,0.0007
0503100000031168,16.79,592,35.25,false,true,overige gebruiksfunctie,1961,Pand in gebruik,547,0.9240,0,0.0000
0503100000031584,1236.81,42140,34.07,false,true,"bijeenkomstfunctie,woonfunctie",1966,Pand in gebruik,39396,0.9349,12,0.0003
0503100000031585,14.35,468,32.62,false,true,overige gebruiksfunctie,1970,Pand in gebruik,458,0.9786,0,0.0000
0503100000030808,832.84,62731,75.32,false,true,onderwijsfunctie,1967,Pand in gebruik,57631,0.9187,30,0.0005
0503100000031589,61.47,2175,35.39,false,true,woonfunctie,1969,Pand in gebruik,1992,0.9159,1,0.0005
0503100000031590,14.35,466,32.48,false,true,overige gebruiksfunctie,1970,Pand in gebruik,461,0.9893,0,0.0000
0503100000031591,14.35,464,32.34,false,true,overige gebruiksfunctie,1970,Pand in gebruik,457,0.9849,0,0.0000
0503100000031592,14.35,444,30.95,false,true,overige gebruiksfunctie,1970,Pand in gebruik,436,0.9820,0,0.0000
0503100000031593,14.35,478,33.32,false,true,overige gebruiksfunctie,1970,Pand in gebruik,456,0.9540,0,0.0000
0503100000031594,14.34,489,34.09,false,true,overige gebruiksfunctie,1970,Pand in gebruik,475,0.9714,0,0.0000
0503100000031595,14.35,479,33.39,false,true,overige gebruiksfunctie,1970,Pand in gebruik,445,0.9290,2,0.0042
0503100000031596,14.35,628,43.78,false,true,overige gebruiksfunctie,1970,Pand in gebruik,458,0.7293,0,0.0000
0503100000030304,52.91,3061,57.85,false,true,woonfunctie,1966,Pand in gebruik,2702,0.8827,5,0.0016
0503100000029404,9.19,334,36.33,false,false,,1967,Pand in gebruik,303,0.9072,3,0.0090
0503100000030305,50.60,2483,49.08,false,true,woonfunctie,1966,Pand in gebruik,2253,0.9074,2,0.0008
0503100000029405,9.15,493,53.86,false,false,,1967,Pand in gebruik,313,0.6349,0,0.0000
0503100000029407,808.56,68833,85.13,false,true,woonfunctie,1962,Pand in gebruik,45631,0.6629,56,0.0008
0503100000029413,808.89,39043,48.27,false,true,woonfunctie,1962,Pand in gebruik,25782,0.6603,21,0.0005
0503100000031633,675.30,44930,66.53,false,true,woonfunctie,1961,Pand in gebruik,35849,0.7979,24,0.0005
0503100000031644,60.97,1827,29.97,false,true,woonfunctie,1966,Pand in gebruik,1646,0.9009,0,0.0000
0503100000031245,1062.70,36973,34.79,false,true,bijeenkomstfunctie,1970,Pand in gebruik,33733,0.9124,0,0.0000
0503100000031261,55.35,1548,27.97,false,true,woonfunctie,1969,Pand in gebruik,1423,0.9193,0,0.0000
0503100000032612,52.37,2038,38.92,false,true,woonfunctie,1966,Pand in gebruik,1708,0.8381,3,0.0015
0503100000032613,52.83,1973,37.35,false,true,woonfunctie,1966,Pand in gebruik,1694,0.8586,3,0.0015
0503100000032614,8.78,283,32.25,false,false,,1966,Pand in gebruik,275,0.9717,1,0.0035
0503100000032615,9.18,346,37.70,false,false,,1966,Pand in gebruik,294,0.8497,1,0.0029
0503100000032616,9.01,311,34.51,false,false,,1966,Pand in gebruik,295,0.9486,0,0.0000
0503100000032617,52.27,1853,35.45,false,true,woonfunctie,1966,Pand in gebruik,1660,0.8958,4,0.0022
0503100000032618,52.97,2012,37.98,false,true,woonfunctie,1966,Pand in gebruik,1694,0.8419,5,0.0025
0503100000030400,9.28,288,31.02,false,false,,1966,Pand in gebruik,244,0.8472,0,0.0000
0503100000031733,62.00,2983,48.11,false,true,woonfunctie,1969,Pand in gebruik,2624,0.8797,0,0.0000
0503100000031734,9.23,562,60.87,false,false,,1967,Pand in gebruik,273,0.4858,0,0.0000
0503100000030967,16.82,1445,85.93,false,true,overige gebruiksfunctie,1961,Pand in gebruik,499,0.3453,0,0.0000
0503100000030968,16.91,1672,98.87,false,true,overige gebruiksfunctie,1961,Pand in gebruik,371,0.2219,0,0.0000
0503100000031312,24.24,2417,99.71,false,true,overige gebruiksfunctie,1970,Pand in gebruik,700,0.2896,0,0.0000
0503100000032697,9.42,341,36.20,false,false,,1966,Pand in gebruik,298,0.8739,2,0.0059
0503100000030023,9.75,456,46.76,false,false,,1966,Pand in gebruik,403,0.8838,0,0.0000
0503100000030025,9.72,600,61.73,false,false,,1966,Pand in gebruik,526,0.8767,2,0.0033
0503100000031359,323.35,10217,31.60,false,true,woonfunctie,1971,Pand in gebruik,8203,0.8029,6,0.0006
0503100000031360,208.26,5475,26.29,false,true,woonfunctie,1967,Pand in gebruik,5095,0.9306,0,0.0000
0503100000031361,208.85,6025,28.85,false,true,woonfunctie,1968,Pand in gebruik,5383,0.8934,0,0.0000
0503100000031362,653.27,25829,39.54,false,true,woonfunctie,1965,Pand in gebruik,23749,0.9195,29,0.0011
0503100000031363,962.34,58570,60.86,false,true,woonfunctie,1967,Pand in gebruik,30270,0.5168,26,0.0004
0503100000031364,972.36,58032,59.68,false,true,"gezondheidszorgfunctie,woonfunctie",1971,Pand in gebruik,31209,0.5378,20,0.0003
0503100000031365,208.05,10754,51.69,false,true,woonfunctie,1967,Pand in gebruik,8829,0.8210,0,0.0000
0503100000031367,29.15,1488,51.05,false,true,overige gebruiksfunctie,1964,Pand in gebruik,1231,0.8273,10,0.0067
0503100000031368,55.12,2250,40.82,false,true,woonfunctie,1966,Pand in gebruik,1880,0.8356,0,0.0000
0503100000030498,9.32,269,28.85,false,false,,1966,Pand in gebruik,242,0.8996,2,0.0074
0503100000031377,59.88,5684,94.92,false,true,woonfunctie,2009,Pand in gebruik,4238,0.7456,0,0.0000
0503100000031378,56.68,4340,76.57,false,true,woonfunctie,2009,Pand in gebruik,3720,0.8571,0,0.0000
0503100000031379,56.68,3379,59.62,false,true,woonfunctie,2009,Pand in gebruik,2953,0.8739,0,0.0000
0503100000031380,55.65,2412,43.34,false,true,woonfunctie,2009,Pand in gebruik,1851,0.7674,0,0.0000
0503100000034084,8.93,652,73.05,false,false,,2011,Pand in gebruik,278,0.4264,0,0.0000
0503100000031381,56.67,2182,38.51,false,true,woonfunctie,2009,Pand in gebruik,1870,0.8570,0,0.0000
0503100000030049,1236.04,55028,44.52,false,true,"overige gebruiksfunctie,winkelfunctie,woonfunctie",2009,Pand in gebruik,38284,0.6957,2,0.0000
0503100000031382,56.67,2322,40.97,false,true,woonfunctie,2009,Pand in gebruik,1982,0.8536,0,0.0000
0503100000030050,56.66,2114,37.31,false,true,woonfunctie,2009,Pand in gebruik,1839,0.8699,0,0.0000
0503100000031383,56.67,2183,38.52,false,true,woonfunctie,2009,Pand in gebruik,1842,0.8438,0,0.0000
0503100000030051,56.66,2140,37.77,false,true,woonfunctie,2009,Pand in gebruik,1905,0.8902,0,0.0000
0503100000031822,53.63,2252,41.99,false,true,woonfunctie,1967,Pand in gebruik,1828,0.8117,1,0.0004
0503100000030052,781.72,43736,55.95,false,true,woonfunctie,2009,Pand in gebruik,36138,0.8263,0,0.0000
0503100000031823,9.21,374,40.59,false,false,,1967,Pand in gebruik,321,0.8583,2,0.0053
0503100000031824,800.43,38388,47.96,false,true,"overige gebruiksfunctie,woonfunctie",1966,Pand in gebruik,30128,0.7848,41,0.0011
0503100000031405,54.95,2768,50.37,false,true,woonfunctie,1969,Pand in gebruik,2450,0.8851,0,0.0000
0503100000031406,17.47,585,33.49,false,true,overige gebruiksfunctie,1970,Pand in gebruik,557,0.9521,1,0.0017
0503100000031407,17.38,566,32.57,false,true,overige gebruiksfunctie,1970,Pand in gebruik,556,0.9823,0,0.0000
0503100000031408,17.25,565,32.75,false,true,overige gebruiksfunctie,1970,Pand in gebruik,543,0.9611,1,0.0018
0503100000031409,17.29,566,32.73,false,true,overige gebruiksfunctie,1970,Pand in gebruik,554,0.9788,0,0.0000
0503100000031429,795.48,33263,41.82,false,true,"overige gebruiksfunctie,woonfunctie",1966,Pand in gebruik,18066,0.5431,18,0.0005
0503100000031431,50.52,1526,30.21,false,true,woonfunctie,1966,Pand in gebruik,1331,0.8722,2,0.0013
0503100000031432,52.72,1504,28.53,false,true,woonfunctie,1966,Pand in gebruik,1311,0.8717,3,0.0020
0503100000031433,52.39,1408,26.88,false,true,woonfunctie,1966,Pand in gebruik,1273,0.9041,0,0.0000
0503100000031434,52.93,1585,29.94,false,true,woonfunctie,1966,Pand in gebruik,1380,0.8707,0,0.0000
0503100000031435,52.66,1516,28.79,false,true,woonfunctie,1966,Pand in gebruik,1352,0.8918,0,0.0000
0503100000031436,52.52,1624,30.92,false,true,woonfunctie,1966,Pand in gebruik,1395,0.8590,3,0.0018
0503100000031437,9.17,269,29.33,false,false,,1966,Pand in gebruik,233,0.8662,2,0.0074
0503100000031438,53.67,1618,30.14,false,true,woonfunctie,1966,Pand in gebruik,1374,0.8492,4,0.0025
0503100000031439,50.09,1411,28.17,false,true,woonfunctie,1966,Pand in gebruik,1326,0.9398,0,0.0000
0503100000031440,50.08,1427,28.49,false,true,woonfunctie,1966,Pand in gebruik,1338,0.9376,4,0.0028
0503100000031441,52.53,1468,27.94,false,true,woonfunctie,1966,Pand in gebruik,1335,0.9094,1,0.0007
0503100000031442,52.48,1445,27.54,false,true,woonfunctie,1966,Pand in gebruik,1354,0.9370,1,0.0007
0503100000031443,9.18,250,27.24,false,false,,1966,Pand in gebruik,227,0.9080,2,0.0080
0503100000033305,2868.49,102078,35.59,false,true,"overige gebruiksfunctie,winkelfunctie",2010,Pand in gebruik,92674,0.9079,8,0.0001
0503100000033312,3.42,372,108.72,false,true,overige gebruiksfunctie,1970,Pand in gebruik,145,0.3898,0,0.0000
0503100000032908,502.33,20676,41.16,false,true,"overige gebruiksfunctie,woonfunctie",2009,Pand in gebruik,17182,0.8310,0,0.0000
0503100000034229,86.98,4114,47.30,false,true,overige gebruiksfunctie,2014,Pand in gebruik,2776,0.6748,2,0.0005
0503100000033352,70.01,2271,32.44,false,true,winkelfunctie,2011,Pand in gebruik,2266,0.9978,0,0.0000
0503100000032476,10.74,1546,143.89,false,true,overige gebruiksfunctie,1966,Pand in gebruik,424,0.2743,7,0.0045
0503100000032956,3378.19,118267,35.01,false,true,"bijeenkomstfunctie,overige gebruiksfunctie,winkelfunctie,woonfunctie",1967,Pand in gebruik,108160,0.9145,9,0.0001
0503100000032968,3.35,211,62.97,false,true,overige gebruiksfunctie,1968,Pand in gebruik,162,0.7678,1,0.0047
0503100000033984,929.64,27266,29.33,false,true,woonfunctie,2011,Pand in gebruik,24471,0.8975,28,0.0010
0503100000034020,12.96,310,23.92,false,false,,2011,Pand in gebruik,291,0.9387,0,0.0000
0503100000035763,1249.07,47415,37.96,false,true,"bijeenkomstfunctie,woonfunctie",2018,Pand in gebruik,35380,0.7462,8,0.0002
0503100000036714,1157.65,43019,37.16,false,true,woonfunctie,2020,Pand in gebruik,38147,0.8867,8,0.0002
0503100000033561,86.46,2343,27.10,false,true,winkelfunctie,2011,Pand in gebruik,2131,0.9095,0,0.0000
0503100000033567,2562.60,140466,54.81,false,true,"bijeenkomstfunctie,overige gebruiksfunctie,winkelfunctie,woonfunctie",2012,Pand in gebruik,114301,0.8137,54,0.0004
0503100000033568,51.46,2187,42.50,false,true,woonfunctie,2012,Pand in gebruik,1686,0.7709,0,0.0000
0503100000033569,51.46,1857,36.09,false,true,woonfunctie,2012,Pand in gebruik,1703,0.9171,1,0.0005
0503100000033570,51.45,1777,34.54,false,true,woonfunctie,2012,Pand in gebruik,1643,0.9246,0,0.0000
0503100000033571,51.45,1803,35.05,false,true,woonfunctie,2012,Pand in gebruik,1606,0.8907,0,0.0000
0503100000033572,51.44,1843,35.83,false,true,woonfunctie,2012,Pand in gebruik,1673,0.9078,1,0.0005
0503100000033573,51.44,2225,43.26,false,true,woonfunctie,2012,Pand in gebruik,1654,0.7434,1,0.0004
0503100000033574,51.44,1865,36.26,false,true,woonfunctie,2012,Pand in gebruik,1690,0.9062,0,0.0000
0503100000033575,51.44,1813,35.24,false,true,woonfunctie,2012,Pand in gebruik,1669,0.9206,0,0.0000
0503100000035282,959.18,35683,37.20,false,true,"winkelfunctie,woonfunctie",2016,Pand in gebruik,28841,0.8083,1,0.0000
0503100000034782,3.52,243,68.97,false,false,,1965,Pand in gebruik,88,0.3621,0,0.0000
0503100000037210,7.52,264,35.11,false,false,,2019,Pand in gebruik,254,0.9621,1,0.0038
0503100000038184,996.55,81963,82.25,false,true,onderwijsfunctie,2023,Pand in gebruik,0,0.0000,81067,0.9891
0503100000035337,6911.73,266222,38.52,false,true,"overige gebruiksfunctie,winkelfunctie,woonfunctie",2017,Pand in gebruik,248399,0.9331,116,0.0004
0503100000034844,16.33,436,26.70,false,true,overige gebruiksfunctie,2014,Pand in gebruik,375,0.8601,0,0.0000
0503100000036827,64.17,6799,105.95,false,false,,2020,Pand in gebruik,2038,0.2997,1,0.0001
0503100000038212,28.46,9324,327.65,false,false,,2023,Pand in gebruik,0,0.0000,2438,0.2615
0503100000038258,24.22,2515,103.86,false,false,,2023,Pand in gebruik,0,0.0000,745,0.2962
0503100000038260,4.19,221,52.68,false,false,,2023,Pand in gebruik,0,0.0000,220,0.9955
0503100000034895,1165.69,73244,62.83,false,true,"overige gebruiksfunctie,winkelfunctie,woonfunctie",2015,Pand in gebruik,57107,0.7797,3,0.0000
0503100000034482,4535.81,161309,35.56,false,true,woonfunctie,2014,Pand in gebruik,141632,0.8780,38,0.0002
0503100000038383,37.44,1180,31.51,false,true,overige gebruiksfunctie,2023,Pand in gebruik,962,0.8153,6,0.0051
0503100000034526,69.42,7160,103.14,false,false,,2013,Pand in gebruik,6716,0.9380,48,0.0067
0503100000036936,13.03,682,52.32,false,false,,2019,Pand in gebruik,322,0.4721,0,0.0000
0503100000036937,15.82,444,28.06,false,false,,2019,Pand in gebruik,376,0.8468,1,0.0023
0503100000036938,8.83,379,42.90,false,false,,2018,Pand in gebruik,231,0.6095,6,0.0158
0503100000034547,16.45,1330,80.83,false,false,,2011,Pand in gebruik,516,0.3880,1,0.0008
0503100000034947,15.35,884,57.59,false,false,,2010,Pand in gebruik,742,0.8394,9,0.0102
0503100000034967,117.65,7062,60.02,false,false,,2004,Pand in gebruik,3636,0.5149,22,0.0031
0503100000037335,1961.80,62783,32.00,false,true,woonfunctie,2023,Pand in gebruik,46702,0.7439,6091,0.0970
0503100000037336,1251.64,84503,67.51,false,true,"bijeenkomstfunctie,overige gebruiksfunctie,woonfunctie",2023,Pand in gebruik,47784,0.5655,145,0.0017
0503100000036583,12.36,504,40.77,false,false,,2016,Pand in gebruik,315,0.6250,1,0.0020
0503100000036584,12.46,404,32.41,false,false,,2016,Pand in gebruik,219,0.5421,8,0.0198
0503100000036585,10.89,474,43.53,false,false,,2016,Pand in gebruik,383,0.8080,1,0.0021
0503100000038554,13.43,519,38.65,false,false,,2022,Pand in gebruik,306,0.5896,24,0.0462
0503100000038556,7.43,489,65.85,false,false,,2009,Pand in gebruik,0,0.0000,1,0.0020
0503100000038675,5.80,334,57.55,false,false,,2022,Pand in gebruik,0,0.0000,29,0.0868
0503100000038676,8.84,1336,151.08,false,false,,2014,Pand in gebruik,0,0.0000,96,0.0719
0503100000038677,8.33,291,34.91,false,false,,1985,Pand in gebruik,0,0.0000,34,0.1168
0503100000038678,7.59,302,39.81,false,false,,1985,Pand in gebruik,0,0.0000,22,0.0728
0503100000038679,4.49,172,38.33,false,false,,2007,Pand in gebruik,0,0.0000,7,0.0407
0503100000010280,76.73,2840,37.02,false,true,woonfunctie,1969,Pand in gebruik,1495,0.5264,191,0.0673
0503100000039600,12.46,395,31.71,false,false,,1992,Pand in gebruik,0,0.0000,17,0.0430
0503100000039601,10.20,375,36.78,false,false,,2011,Pand in gebruik,0,0.0000,18,0.0480
0503100000039602,6.47,193,29.85,false,false,,2020,Pand in gebruik,0,0.0000,10,0.0518
0503100000039603,7.78,259,33.29,false,false,,1988,Pand in gebruik,0,0.0000,9,0.0347
0503100000039604,13.81,668,48.38,false,false,,2020,Pand in gebruik,0,0.0000,76,0.1138
0503100000039605,13.40,421,31.41,false,false,,2021,Pand in gebruik,0,0.0000,57,0.1354
0503100000039606,15.41,484,31.41,false,false,,2002,Pand in gebruik,0,0.0000,77,0.1591
0503100000039607,21.36,646,30.24,false,false,,1991,Pand in gebruik,0,0.0000,33,0.0511
0503100000039608,13.77,1249,90.69,false,false,,2001,Pand in gebruik,0,0.0000,79,0.0633
0503100000039609,15.18,758,49.92,false,false,,2001,Pand in gebruik,0,0.0000,31,0.0409
0503100000039610,16.44,505,30.72,false,false,,2014,Pand in gebruik,0,0.0000,56,0.1109
0503100000039611,14.28,437,30.60,false,false,,2018,Pand in gebruik,0,0.0000,22,0.0503
0503100000039612,17.71,510,28.80,false,false,,2017,Pand in gebruik,0,0.0000,12,0.0235
0503100000039613,19.72,541,27.43,false,false,,2004,Pand in gebruik,0,0.0000,21,0.0388
0503100000039614,5.96,172,28.84,false,false,,2000,Pand in gebruik,0,0.0000,6,0.0349
0503100000039615,12.16,540,44.41,false,false,,2015,Pand in gebruik,0,0.0000,12,0.0222
0503100000039616,3.56,107,30.06,false,false,,1998,Pand in gebruik,0,0.0000,9,0.0841
0503100000039617,4.31,131,30.37,false,false,,2009,Pand in gebruik,0,0.0000,4,0.0305
0503100000039618,4.70,140,29.81,false,false,,1997,Pand in gebruik,0,0.0000,16,0.1143
0503100000039619,5.97,173,29.00,false,false,,1997,Pand in gebruik,0,0.0000,3,0.0173
0503100000039620,7.58,249,32.84,false,false,,1997,Pand in gebruik,0,0.0000,18,0.0723
0503100000039621,5.02,146,29.06,false,false,,1998,Pand in gebruik,0,0.0000,9,0.0616
0503100000039622,6.53,179,27.41,false,false,,2020,Pand in gebruik,0,0.0000,14,0.0782
0503100000039623,5.26,179,34.00,false,false,,1992,Pand in gebruik,0,0.0000,28,0.1564
0503100000039624,17.66,492,27.86,false,false,,2017,Pand in gebruik,0,0.0000,5,0.0102
0503100000039625,9.77,823,84.27,false,false,,2020,Pand in gebruik,0,0.0000,53,0.0644
0503100000039626,3.15,262,83.18,false,false,,2009,Pand in gebruik,0,0.0000,44,0.1679
0503100000039627,3.05,303,99.49,false,false,,2015,Pand in gebruik,0,0.0000,18,0.0594
0503100000039628,6.00,466,77.72,false,false,,2011,Pand in gebruik,0,0.0000,23,0.0494
0503100000039629,2.81,224,79.74,false,false,,2022,Pand in gebruik,0,0.0000,35,0.1562
0503100000039630,2.06,197,95.54,false,false,,2016,Pand in gebruik,0,0.0000,31,0.1574
0503100000039631,5.93,524,88.30,false,false,,2015,Pand in gebruik,0,0.0000,12,0.0229
0503100000039632,9.51,811,85.26,false,false,,2007,Pand in gebruik,0,0.0000,41,0.0506
0503100000039633,2.62,178,67.96,false,false,,2016,Pand in gebruik,0,0.0000,26,0.1461
0503100000039634,5.45,377,69.13,false,false,,1988,Pand in gebruik,0,0.0000,65,0.1724
0503100000039635,7.72,474,61.43,false,false,,1988,Pand in gebruik,0,0.0000,59,0.1245
0503100000039636,8.00,442,55.28,false,false,,1988,Pand in gebruik,0,0.0000,13,0.0294
0503100000039637,3.60,199,55.27,false,false,,2015,Pand in gebruik,0,0.0000,15,0.0754
0503100000039638,10.38,610,58.74,false,false,,2009,Pand in gebruik,0,0.0000,56,0.0918
0503100000039639,6.62,265,40.02,false,false,,2018,Pand in gebruik,0,0.0000,43,0.1623
0503100000039640,9.71,1100,113.23,false,false,,2015,Pand in gebruik,0,0.0000,34,0.0309
0503100000039641,10.92,572,52.38,false,false,,2021,Pand in gebruik,0,0.0000,74,0.1294
0503100000039642,12.57,779,61.96,false,false,,2021,Pand in gebruik,0,0.0000,105,0.1348
0503100000039643,6.81,736,108.11,false,false,,2009,Pand in gebruik,0,0.0000,28,0.0380
0503100000039644,4.09,232,56.71,false,false,,1997,Pand in gebruik,0,0.0000,8,0.0345
0503100000039645,17.10,969,56.66,false,false,,2017,Pand in gebruik,0,0.0000,104,0.1073
0503100000039646,4.88,171,35.06,false,false,,1998,Pand in gebruik,0,0.0000,5,0.0292
0503100000039647,16.79,1158,68.96,false,false,,2020,Pand in gebruik,0,0.0000,67,0.0579
0503100000039648,8.84,280,31.66,false,false,,2019,Pand in gebruik,0,0.0000,14,0.0500
0503100000039649,13.14,676,51.43,false,false,,2014,Pand in gebruik,0,0.0000,52,0.0769
0503100000039650,17.69,808,45.68,false,false,,2009,Pand in gebruik,0,0.0000,34,0.0421
0503100000039651,14.64,846,57.80,false,false,,2020,Pand in gebruik,0,0.0000,71,0.0839
0503100000039652,7.89,296,37.50,false,false,,2017,Pand in gebruik,0,0.0000,20,0.0676
0503100000039653,5.99,263,43.93,false,false,,2022,Pand in gebruik,0,0.0000,22,0.0837
0503100000039654,7.42,271,36.52,false,false,,2007,Pand in gebruik,0,0.0000,20,0.0738
0503100000039655,109.03,3601,33.03,false,false,,2002,Pand in gebruik,0,0.0000,51,0.0142
0503100000039656,4.65,281,60.37,false,false,,1989,Pand in gebruik,239,0.8505,27,0.0961
0503100000025534,2725.94,175216,64.28,false,true,"industriefunctie,kantoorfunctie,overige gebruiksfunctie,winkelfunctie,woonfunctie",1962,Pand in gebruik,140088,0.7995,26,0.0001
0503100000010378,73.63,2025,27.50,false,true,woonfunctie,1969,Verbouwing pand,1516,0.7486,232,0.1146
0503100000001548,111.30,3465,31.13,false,true,woonfunctie,1969,Verbouwing pand,1672,0.4825,406,0.1172
0503100000038177,819.92,62165,75.82,false,true,"winkelfunctie,woonfunctie",2025,Pand in gebruik,48828,0.7855,104,0.0017
0503100000019516,69.48,2455,35.33,false,true,woonfunctie,1966,Pand in gebruik,2163,0.8811,34,0.0138
0503100000019515,67.64,2345,34.67,false,true,woonfunctie,1966,Pand in gebruik,1687,0.7194,162,0.0691
0503100000019431,52.33,1824,34.85,false,true,woonfunctie,1966,Pand in gebruik,1689,0.9260,4,0.0022
0503100000013840,73.13,4154,56.80,false,true,woonfunctie,1966,Pand in gebruik,2807,0.6757,679,0.1635
0503100000013834,70.63,3676,52.05,false,true,woonfunctie,1966,Pand in gebruik,2662,0.7242,442,0.1202
0503100000018810,69.68,1886,27.07,false,true,woonfunctie,1966,Pand in gebruik,1395,0.7397,175,0.0928
0503100000020032,55.84,2854,51.11,false,true,woonfunctie,1966,Verbouwing pand,2226,0.7800,56,0.0196
0503100000020033,53.36,2431,45.56,false,true,woonfunctie,1966,Verbouwing pand,2154,0.8861,28,0.0115
0503100000020034,53.37,2454,45.98,false,true,woonfunctie,1966,Verbouwing pand,2168,0.8835,36,0.0147
0503100000019939,53.38,2458,46.05,false,true,woonfunctie,1966,Verbouwing pand,2182,0.8877,36,0.0146
0503100000019940,53.39,2472,46.30,false,true,woonfunctie,1966,Verbouwing pand,2188,0.8851,33,0.0133
0503100000020028,55.72,2895,51.95,false,true,woonfunctie,1966,Verbouwing pand,2157,0.7451,101,0.0349
0503100000031457,55.32,2000,36.15,false,true,woonfunctie,1966,Verbouwing pand,1389,0.6945,67,0.0335
0503100000020035,52.84,1877,35.52,false,true,woonfunctie,1966,Verbouwing pand,1602,0.8535,27,0.0144
0503100000020036,52.84,2235,42.30,false,true,woonfunctie,1966,Verbouwing pand,1970,0.8814,21,0.0094
0503100000020037,52.84,2409,45.59,false,true,woonfunctie,1966,Verbouwing pand,2157,0.8954,48,0.0199
0503100000020038,52.84,2489,47.10,false,true,woonfunctie,1966,Verbouwing pand,2202,0.8847,49,0.0197
0503100000030019,55.32,2785,50.35,false,true,woonfunctie,1966,Verbouwing pand,2132,0.7655,46,0.0165
0503100000020043,55.30,1643,29.71,false,true,woonfunctie,1966,Verbouwing pand,1340,0.8156,44,0.0268
0503100000020044,52.81,1434,27.15,false,true,woonfunctie,1966,Verbouwing pand,1315,0.9170,24,0.0167
0503100000020042,52.80,1440,27.27,false,true,woonfunctie,1966,Verbouwing pand,1326,0.9208,16,0.0111
0503100000020041,52.79,1436,27.20,false,true,woonfunctie,1966,Verbouwing pand,1316,0.9164,24,0.0167
0503100000020040,52.78,1431,27.11,false,true,woonfunctie,1966,Verbouwing pand,1321,0.9231,15,0.0105
0503100000020039,55.25,1816,32.87,false,true,woonfunctie,1966,Verbouwing pand,1372,0.7555,44,0.0242
0503100000019950,55.30,1658,29.98,false,true,woonfunctie,1966,Verbouwing pand,1345,0.8112,22,0.0133
0503100000031455,52.81,1438,27.23,false,true,woonfunctie,1966,Verbouwing pand,1320,0.9179,14,0.0097
0503100000018711,52.80,1453,27.52,false,true,woonfunctie,1966,Verbouwing pand,1328,0.9140,10,0.0069
0503100000018710,52.79,1438,27.24,false,true,woonfunctie,1966,Verbouwing pand,1319,0.9172,16,0.0111
0503100000030027,52.78,1415,26.81,false,true,woonfunctie,1966,Verbouwing pand,1291,0.9124,17,0.0120
0503100000020165,55.25,1858,33.63,false,true,woonfunctie,1966,Verbouwing pand,1326,0.7137,40,0.0215
0503100000020056,58.00,3015,51.98,false,true,woonfunctie,1966,Verbouwing pand,2354,0.7808,78,0.0259
0503100000020132,55.80,2633,47.18,false,true,woonfunctie,1966,Verbouwing pand,2277,0.8648,48,0.0182
0503100000020133,55.77,2637,47.28,false,true,woonfunctie,1966,Verbouwing pand,2283,0.8658,44,0.0167
0503100000030022,57.87,2920,50.46,false,true,woonfunctie,1966,Verbouwing pand,2228,0.7630,93,0.0318
0503100000020055,57.96,3002,51.79,false,true,woonfunctie,1966,Verbouwing pand,2353,0.7838,80,0.0266
0503100000020054,55.81,2632,47.16,false,true,woonfunctie,1966,Verbouwing pand,2301,0.8742,20,0.0076
0503100000020053,55.83,2616,46.86,false,true,woonfunctie,1966,Verbouwing pand,2277,0.8704,37,0.0141
0503100000020052,58.01,2997,51.66,false,true,woonfunctie,1966,Verbouwing pand,2280,0.7608,70,0.0234
0503100000020049,57.95,2949,50.89,false,true,woonfunctie,1966,Verbouwing pand,2214,0.7508,109,0.0370
0503100000020050,55.78,2557,45.84,false,true,woonfunctie,1966,Verbouwing pand,2229,0.8717,44,0.0172
0503100000020051,55.78,2556,45.82,false,true,woonfunctie,1966,Verbouwing pand,2219,0.8682,62,0.0243
0503100000030021,57.95,2871,49.54,false,true,woonfunctie,1966,Verbouwing pand,2251,0.7840,93,0.0324
0503100000020048,57.59,2926,50.81,false,true,woonfunctie,1966,Verbouwing pand,2225,0.7604,118,0.0403
0503100000020047,55.96,2526,45.14,false,true,woonfunctie,1966,Verbouwing pand,2192,0.8678,53,0.0210
0503100000020046,55.96,2218,39.63,false,true,woonfunctie,1966,Verbouwing pand,2058,0.9279,11,0.0050
0503100000020045,58.13,1963,33.77,false,true,woonfunctie,1966,Verbouwing pand,1461,0.7443,70,0.0357
0503100000018712,68.93,2194,31.83,false,true,woonfunctie,1966,Verbouwing pand,1321,0.6021,64,0.0292
0503100000020026,52.56,1508,28.69,false,true,woonfunctie,1966,Verbouwing pand,1241,0.8229,20,0.0133
0503100000020025,52.57,1430,27.20,false,true,woonfunctie,1966,Verbouwing pand,1265,0.8846,9,0.0063
0503100000020024,52.58,1451,27.60,false,true,woonfunctie,1966,Verbouwing pand,1255,0.8649,11,0.0076
0503100000019953,52.59,1498,28.48,false,true,woonfunctie,1966,Verbouwing pand,1243,0.8298,16,0.0107
0503100000019952,52.59,1518,28.86,false,true,woonfunctie,1966,Verbouwing pand,1270,0.8366,16,0.0105
0503100000019951,52.59,1544,29.36,false,true,woonfunctie,1966,Verbouwing pand,1264,0.8187,22,0.0142
0503100000030020,54.65,1577,28.85,false,true,woonfunctie,1966,Verbouwing pand,1281,0.8123,55,0.0349
0503100000020030,57.41,4110,71.58,false,true,woonfunctie,1966,Verbouwing pand,2970,0.7226,120,0.0292
0503100000019947,55.32,3928,71.00,false,true,woonfunctie,1966,Verbouwing pand,3154,0.8030,74,0.0188
0503100000019946,55.34,4042,73.04,false,true,woonfunctie,1966,Verbouwing pand,3376,0.8352,72,0.0178
0503100000020159,55.35,4225,76.33,false,true,woonfunctie,1966,Verbouwing pand,3580,0.8473,69,0.0163
0503100000030026,55.36,4350,78.58,false,true,woonfunctie,1966,Verbouwing pand,3625,0.8333,56,0.0129
0503100000020158,57.45,6747,117.44,false,true,woonfunctie,1966,Verbouwing pand,3762,0.5576,135,0.0200
0503100000020145,57.54,3789,65.86,false,true,woonfunctie,1966,Verbouwing pand,2849,0.7519,79,0.0208
0503100000030024,55.46,3285,59.23,false,true,woonfunctie,1966,Verbouwing pand,2768,0.8426,37,0.0113
0503100000020146,55.46,3168,57.12,false,true,woonfunctie,1966,Verbouwing pand,2722,0.8592,16,0.0051
0503100000019941,55.46,3191,57.54,false,true,woonfunctie,1966,Verbouwing pand,2747,0.8609,34,0.0107
0503100000019942,55.45,3214,57.96,false,true,woonfunctie,1966,Verbouwing pand,2742,0.8531,29,0.0090
0503100000020157,57.57,3469,60.26,false,true,woonfunctie,1966,Verbouwing pand,2745,0.7913,69,0.0199
0503100000019944,57.87,3479,60.12,false,true,woonfunctie,1966,Verbouwing pand,2716,0.7807,114,0.0328
0503100000019945,55.40,3284,59.28,false,true,woonfunctie,1966,Verbouwing pand,2821,0.8590,41,0.0125
0503100000019943,55.40,3270,59.03,false,true,woonfunctie,1966,Verbouwing pand,2742,0.8385,34,0.0104
0503100000020149,55.40,3349,60.45,false,true,woonfunctie,1966,Verbouwing pand,2801,0.8364,61,0.0182
0503100000020148,55.39,3308,59.72,false,true,woonfunctie,1966,Verbouwing pand,2768,0.8368,74,0.0224
0503100000020147,57.11,3707,64.91,false,true,woonfunctie,1966,Verbouwing pand,2892,0.7801,69,0.0186
0503100000041285,1664.97,124119,74.55,false,true,"onderwijsfunctie,sportfunctie",2026,Pand in gebruik (niet ingemeten),0,0.0000,77121,0.6213
