bag_id,alan,footprint_area_m2,bouwjaar,status,gebruiksdoel,class6_points,roof_p30_z_nap_m,roof_p70_z_nap_m,roof_p90_z_nap_m,roof_span_m,ground_ring_points,ground_z_nap_m,h_measured_m
0503100000001482,B,56.79,1998,Pand in gebruik,woonfunctie,1224,7.050,7.150,7.250,0.200,2104,-1.350,8.500
0503100000001483,B,71.16,1998,Pand in gebruik,woonfunctie,1520,5.050,7.050,7.150,2.100,3485,-1.450,8.500
0503100000001484,B,8.32,1969,Pand in gebruik,,358,0.750,0.750,0.750,0.000,2239,-1.750,2.500
0503100000001485,B,64.75,1971,Pand in gebruik,woonfunctie,2776,4.650,6.350,7.150,2.500,4181,-1.650,8.000
0503100000001486,B,64.95,1971,Pand in gebruik,woonfunctie,2750,4.650,6.350,7.250,2.600,4724,-1.550,7.900
0503100000001487,B,64.76,1971,Pand in gebruik,woonfunctie,2740,4.650,6.550,7.250,2.600,4023,-1.450,8.000
0503100000001488,B,64.80,1971,Pand in gebruik,woonfunctie,2718,4.550,6.550,7.250,2.700,4492,-1.550,8.100
0503100000001489,B,64.90,1971,Pand in gebruik,woonfunctie,2734,4.650,6.350,7.250,2.600,4395,-1.450,7.800
0503100000001490,B,64.93,1971,Pand in gebruik,woonfunctie,2720,4.650,6.350,7.150,2.500,4246,-1.550,7.900
0503100000001491,B,66.39,1971,Pand in gebruik,woonfunctie,2805,4.650,6.350,7.150,2.500,6152,-1.550,7.900
0503100000001492,B,64.82,1971,Pand in gebruik,woonfunctie,2766,4.650,6.550,7.150,2.500,4465,-1.550,8.100
0503100000001493,B,64.81,1971,Pand in gebruik,woonfunctie,2722,4.650,6.350,7.250,2.600,4840,-1.550,7.900
0503100000001494,A,62.02,1965,Pand in gebruik,woonfunctie,3057,6.750,6.850,6.950,0.200,4660,-1.150,8.000
0503100000001495,A,62.00,1965,Pand in gebruik,woonfunctie,3095,8.850,10.050,10.650,1.800,4770,-1.250,11.300
0503100000001496,A,6.95,1991,Pand in gebruik,,329,2.350,2.350,2.450,0.100,4301,-0.350,2.700
0503100000001498,A,60.51,1991,Pand in gebruik,woonfunctie,2863,2.650,8.150,8.250,5.600,8042,-0.350,8.500
0503100000001499,A,884.56,1963,Pand in gebruik,"overige gebruiksfunctie,woonfunctie",45603,34.650,34.650,34.750,0.100,21194,-0.350,35.000
0503100000001500,A,18.34,1961,Pand in gebruik,overige gebruiksfunctie,592,2.050,2.050,2.050,0.000,3948,-0.450,2.500
0503100000001501,A,16.85,1961,Pand in gebruik,overige gebruiksfunctie,302,1.950,2.050,2.050,0.100,2505,-0.550,2.600
0503100000001502,A,118.27,1974,Pand in gebruik,winkelfunctie,2086,3.650,4.350,4.450,0.800,3772,0.150,4.200
0503100000001503,B,402.97,1982,Pand in gebruik,woonfunctie,6827,8.950,10.650,11.550,2.600,5946,-0.050,10.700
0503100000001504,B,104.22,1961,Pand in gebruik,overige gebruiksfunctie,1802,2.350,2.350,2.450,0.100,3874,-0.150,2.500
0503100000001505,B,182.71,1961,Pand in gebruik,woonfunctie,3236,12.650,12.850,12.950,0.300,2559,-0.150,13.000
0503100000001524,B,66.98,1982,Pand in gebruik,woonfunctie,2243,4.050,6.550,7.750,3.700,4647,-1.650,8.200
0503100000001525,B,58.35,1982,Pand in gebruik,woonfunctie,2003,4.950,6.750,7.950,3.000,3540,-1.550,8.300
0503100000001526,B,67.74,1980,Pand in gebruik,,1297,0.750,1.150,1.250,0.500,3942,-2.050,3.200
0503100000001527,B,93.05,1985,Pand in gebruik,woonfunctie,3262,1.550,6.050,6.750,5.200,3956,-1.450,7.500
0503100000001528,B,73.31,1950,Pand in gebruik,,4760,0.750,1.750,2.550,1.800,9396,-2.050,3.800
0503100000001529,B,64.71,1977,Pand in gebruik,woonfunctie,2177,3.850,6.050,7.050,3.200,3948,-1.450,7.500
0503100000001530,B,82.75,1977,Pand in gebruik,woonfunctie,2811,3.150,6.350,7.150,4.000,5037,-1.450,7.800
0503100000001531,B,710.53,1991,Pand in gebruik,bijeenkomstfunctie,15187,1.350,1.450,5.350,4.000,12645,-1.650,3.100
0503100000001532,B,64.47,1977,Pand in gebruik,woonfunctie,2181,3.750,5.950,6.950,3.200,3706,-1.550,7.500
0503100000001533,B,64.33,1977,Pand in gebruik,woonfunctie,2219,3.750,5.950,6.950,3.200,3623,-1.550,7.500
0503100000001534,B,55.42,1982,Pand in gebruik,woonfunctie,1884,4.850,6.850,7.950,3.100,2842,-1.550,8.400
0503100000001535,B,55.39,1982,Pand in gebruik,woonfunctie,1901,4.750,6.850,7.950,3.200,2626,-1.450,8.300
0503100000001536,B,55.36,1982,Pand in gebruik,woonfunctie,1869,4.950,6.850,7.850,2.900,3016,-1.550,8.400
0503100000001537,B,55.19,1982,Pand in gebruik,woonfunctie,1861,4.650,6.850,7.850,3.200,2619,-1.550,8.400
0503100000001538,B,85.95,1985,Pand in gebruik,woonfunctie,3027,1.650,6.250,6.750,5.100,4217,-1.450,7.700
0503100000001539,B,138.16,2006,Pand in gebruik,,5977,1.550,1.550,1.550,0.000,7316,-1.950,3.500
0503100000001540,B,75.92,2008,Pand in gebruik,,2464,1.850,2.650,3.050,1.200,3572,-1.950,4.600
0503100000001541,B,75.27,1977,Pand in gebruik,woonfunctie,2525,2.650,6.350,6.950,4.300,4452,-1.550,7.900
0503100000001542,B,79.48,1977,Pand in gebruik,woonfunctie,2676,2.550,6.350,6.950,4.400,4467,-1.550,7.900
0503100000001543,B,183.59,1992,Pand in gebruik,bijeenkomstfunctie,4367,5.050,5.050,5.150,0.100,7455,-2.050,7.100
0503100000001545,A,424.16,1967,Pand in gebruik,sportfunctie,10987,1.550,4.550,4.550,3.000,16568,-1.850,6.400
0503100000001546,A,15.42,1967,Pand in gebruik,,379,0.350,0.350,0.350,0.000,3484,-1.750,2.100
0503100000001547,A,53.37,1969,Pand in gebruik,woonfunctie,4574,6.950,6.950,6.950,0.000,5116,-1.550,8.500
0503100000001549,B,166.28,1960,Pand in gebruik,woonfunctie,2992,12.750,12.850,12.850,0.100,3475,-0.050,12.900
0503100000001102,B,48.37,1985,Pand in gebruik,woonfunctie,1638,5.350,5.550,5.550,0.200,2512,-0.150,5.700
0503100000001103,B,48.63,1985,Pand in gebruik,woonfunctie,1644,5.350,5.550,5.550,0.200,2517,-0.150,5.700
0503100000001561,B,186.69,1912,Pand in gebruik,"overige gebruiksfunctie,woonfunctie",3088,8.150,10.150,11.450,3.300,3189,0.050,10.100
0503100000001104,B,10.29,1985,Pand in gebruik,,310,2.150,2.150,2.150,0.000,3218,-0.250,2.400
0503100000001105,B,47.74,1985,Pand in gebruik,woonfunctie,1623,5.350,5.550,5.550,0.200,4357,-0.250,5.800
0503100000001106,B,47.91,1985,Pand in gebruik,woonfunctie,1570,5.450,7.450,8.450,3.000,3325,-0.050,7.500
0503100000001107,B,48.25,1985,Pand in gebruik,woonfunctie,1622,5.450,5.550,5.550,0.100,2424,-0.150,5.700
0503100000001108,B,48.82,1985,Pand in gebruik,woonfunctie,1665,5.450,5.550,5.650,0.200,4387,-0.150,5.700
0503100000001109,B,48.07,1985,Pand in gebruik,woonfunctie,1595,5.450,5.550,5.550,0.100,3445,-0.150,5.700
0503100000001110,B,48.22,1985,Pand in gebruik,woonfunctie,1577,5.750,8.250,8.250,2.500,2231,-0.150,8.400
0503100000001113,B,48.67,1988,Pand in gebruik,woonfunctie,863,6.450,8.150,8.250,1.800,1535,-0.150,8.300
0503100000001114,B,49.35,1988,Pand in gebruik,woonfunctie,865,7.850,8.150,8.250,0.400,1579,-0.150,8.300
0503100000001115,B,58.26,1988,Pand in gebruik,woonfunctie,973,5.150,8.150,8.250,3.100,1765,-0.150,8.300
0503100000001120,B,48.60,1988,Pand in gebruik,woonfunctie,857,7.850,8.150,8.250,0.400,1511,-0.150,8.300
0503100000001913,B,64.26,1977,Pand in gebruik,woonfunctie,2185,3.750,6.050,7.050,3.300,3676,-1.450,7.500
0503100000001121,B,48.48,1988,Pand in gebruik,woonfunctie,831,6.750,8.250,8.350,1.600,1281,-0.050,8.300
0503100000001914,B,8.44,1977,Pand in gebruik,,130,0.750,0.750,0.850,0.100,1203,-1.750,2.500
0503100000001915,B,53.20,1977,Pand in gebruik,woonfunctie,881,4.250,6.650,6.750,2.500,1250,-1.550,8.200
0503100000001916,B,54.96,1977,Pand in gebruik,woonfunctie,885,4.650,6.650,6.850,2.200,1905,-1.750,8.400
0503100000001917,B,56.14,1979,Pand in gebruik,woonfunctie,852,4.650,6.850,7.750,3.100,1892,-1.750,8.600
0503100000001918,B,55.16,1977,Pand in gebruik,woonfunctie,922,4.250,6.650,6.750,2.500,1582,-1.550,8.200
0503100000001919,B,7.26,1977,Pand in gebruik,,113,0.850,0.850,0.850,0.000,1176,-1.650,2.500
0503100000001920,B,52.96,1977,Pand in gebruik,woonfunctie,846,4.650,6.650,6.650,2.000,1174,-1.450,8.100
0503100000001921,B,51.99,1977,Pand in gebruik,woonfunctie,824,4.050,6.650,6.650,2.600,1784,-1.650,8.300
0503100000001922,B,53.13,1977,Pand in gebruik,woonfunctie,829,4.850,6.650,6.650,1.800,1382,-1.550,8.200
0503100000001923,B,661.48,1984,Pand in gebruik,kantoorfunctie,14766,4.450,4.450,4.550,0.100,8518,-1.850,6.300
0503100000001924,B,52.05,1977,Pand in gebruik,woonfunctie,835,5.650,6.650,6.650,1.000,1478,-1.550,8.200
0503100000001925,B,50.57,1977,Pand in gebruik,woonfunctie,784,4.150,6.650,6.650,2.500,1672,-1.650,8.300
0503100000001926,B,7.69,1977,Pand in gebruik,,125,0.850,0.850,0.850,0.000,1256,-1.650,2.500
0503100000001927,B,52.97,1977,Pand in gebruik,woonfunctie,828,4.750,6.650,6.650,1.900,1218,-1.450,8.100
0503100000001928,A,61.99,1969,Pand in gebruik,woonfunctie,2637,8.750,10.050,10.550,1.800,2613,-1.550,11.600
0503100000001929,A,18.36,1966,Pand in gebruik,overige gebruiksfunctie,930,1.250,1.350,1.550,0.300,5690,-1.750,3.100
0503100000001930,A,63.67,1969,Pand in gebruik,woonfunctie,2633,7.050,7.050,7.050,0.000,3273,-1.450,8.500
0503100000001931,A,64.11,1969,Pand in gebruik,woonfunctie,2644,7.050,7.050,7.050,0.000,3525,-1.550,8.600
0503100000001932,A,582.64,1969,Pand in gebruik,onderwijsfunctie,14463,2.150,2.150,2.150,0.000,12699,-1.750,3.900
0503100000001139,B,794.02,1969,Pand in gebruik,woonfunctie,13627,13.850,13.950,14.150,0.300,8303,0.050,13.900
0503100000001933,A,51.54,1967,Pand in gebruik,woonfunctie,1650,6.650,7.750,7.850,1.200,2464,-0.850,8.600
0503100000001934,A,10.32,1964,Pand in gebruik,overige gebruiksfunctie,319,2.250,2.250,2.450,0.200,2112,-0.750,3.000
0503100000001935,A,1401.57,1964,Pand in gebruik,"bijeenkomstfunctie,gezondheidszorgfunctie,winkelfunctie",44441,3.350,6.150,6.150,2.800,18573,-0.350,6.500
0503100000001936,A,53.96,1967,Pand in gebruik,woonfunctie,1715,6.650,8.050,8.150,1.500,3345,-0.650,8.700
0503100000001937,A,51.81,1967,Pand in gebruik,woonfunctie,1668,6.650,7.750,7.750,1.100,2392,-0.950,8.700
0503100000001938,A,51.49,1967,Pand in gebruik,woonfunctie,1642,6.550,7.750,7.750,1.200,2302,-1.050,8.800
0503100000001939,A,9.24,1967,Pand in gebruik,,225,1.250,1.350,1.350,0.100,1757,-0.850,2.200
0503100000001940,B,133.07,1994,Pand in gebruik,industriefunctie,2058,5.450,5.550,5.550,0.100,1209,0.050,5.500
0503100000001941,B,133.25,1994,Pand in gebruik,industriefunctie,2094,5.450,5.550,5.550,0.100,1615,0.050,5.500
0503100000001942,B,132.86,1994,Pand in gebruik,industriefunctie,2096,5.450,5.550,5.550,0.100,928,0.050,5.500
0503100000001943,B,133.07,1994,Pand in gebruik,winkelfunctie,2085,5.450,5.550,5.550,0.100,1771,0.050,5.500
0503100000001944,B,133.24,1994,Pand in gebruik,industriefunctie,2094,5.450,5.550,5.550,0.100,1731,0.050,5.500
0503100000001945,B,133.47,1994,Pand in gebruik,kantoorfunctie,2068,5.450,5.550,5.550,0.100,806,0.050,5.500
0503100000000010,B,48078.93,1914,Pand in gebruik,"industriefunctie,kantoorfunctie",2155217,9.450,12.450,16.050,6.600,164685,0.050,12.400
0503100000001173,B,19.66,1984,Pand in gebruik,,1312,0.950,1.250,1.350,0.400,7985,-1.350,2.600
0503100000001174,B,583.07,1994,Pand in gebruik,bijeenkomstfunctie,26909,3.650,3.750,3.950,0.300,17566,-0.350,4.100
0503100000001176,B,47.18,1989,Pand in gebruik,woonfunctie,847,5.650,5.650,5.750,0.100,1906,0.050,5.600
0503100000001177,B,48.57,1989,Pand in gebruik,woonfunctie,861,5.650,5.650,5.750,0.100,2624,-0.050,5.700
0503100000000017,B,6191.14,1968,Pand in gebruik,"overige gebruiksfunctie,sportfunctie,winkelfunctie,woonfunctie",107598,7.650,17.650,17.850,10.200,45654,0.150,17.500
0503100000000019,B,1144.03,1985,Pand in gebruik,woonfunctie,38221,13.650,13.650,13.650,0.000,24796,-0.150,13.800
0503100000000020,A,1970.55,1965,Pand in gebruik,"overige gebruiksfunctie,woonfunctie",97567,26.650,48.950,48.950,22.300,47620,-1.650,50.600
0503100000000021,A,780.12,1965,Pand in gebruik,"overige gebruiksfunctie,woonfunctie",28213,18.550,18.550,18.550,0.000,21466,-1.350,19.900
0503100000001178,B,1608.46,1993,Pand in gebruik,"overige gebruiksfunctie,woonfunctie",28728,17.250,25.250,25.350,8.100,16076,0.350,24.900
0503100000000022,A,853.34,1962,Pand in gebruik,woonfunctie,27822,34.550,34.550,34.650,0.100,18799,-0.150,34.700
0503100000001179,B,47.20,1989,Pand in gebruik,woonfunctie,837,5.650,5.650,5.750,0.100,1803,0.050,5.600
0503100000000023,B,817.41,1962,Pand in gebruik,woonfunctie,14707,9.650,9.850,9.950,0.300,11414,-0.250,10.100
0503100000001181,B,47.13,1989,Pand in gebruik,woonfunctie,848,5.450,5.550,5.550,0.100,1807,-0.150,5.700
0503100000001182,B,47.20,1989,Pand in gebruik,woonfunctie,833,5.650,5.650,5.750,0.100,1831,0.150,5.500
0503100000001183,B,47.17,1989,Pand in gebruik,woonfunctie,834,5.450,5.550,5.550,0.100,1722,-0.150,5.700
0503100000001184,B,509.88,1964,Pand in gebruik,woonfunctie,8930,28.250,28.350,28.350,0.100,5637,-0.050,28.400
0503100000001185,B,48.93,1989,Pand in gebruik,woonfunctie,882,5.450,5.450,5.550,0.100,1820,-0.150,5.600
0503100000001186,B,47.14,1989,Pand in gebruik,woonfunctie,845,5.650,5.750,5.850,0.200,1913,0.050,5.700
0503100000001188,B,47.09,1989,Pand in gebruik,woonfunctie,825,5.450,5.550,5.550,0.100,1807,-0.150,5.700
0503100000001189,B,47.23,1989,Pand in gebruik,woonfunctie,840,5.650,5.650,5.750,0.100,1936,0.050,5.600
0503100000001190,B,47.13,1989,Pand in gebruik,woonfunctie,844,5.650,5.750,5.850,0.200,1776,0.050,5.700
0503100000001192,B,48.86,1989,Pand in gebruik,woonfunctie,880,5.450,5.550,5.650,0.200,2054,-0.150,5.700
0503100000001193,B,47.12,1989,Pand in gebruik,woonfunctie,870,5.650,5.750,5.950,0.300,1821,0.050,5.700
0503100000000029,B,2369.42,1984,Pand in gebruik,"industriefunctie,kantoorfunctie",60581,7.750,7.850,11.350,3.600,22857,0.150,7.700
0503100000000030,B,15341.09,1963,Pand in gebruik,"kantoorfunctie,winkelfunctie",460443,8.250,8.450,15.050,6.800,47326,0.250,8.200
0503100000000031,B,10231.65,1930,Pand in gebruik,"industriefunctie,kantoorfunctie",339229,6.750,8.050,8.850,2.100,74900,-0.050,8.100
0503100000000032,B,7604.83,1980,Pand in gebruik,"bijeenkomstfunctie,winkelfunctie",139771,5.750,5.850,6.250,0.500,21085,0.250,5.600
0503100000002004,B,53.20,1977,Pand in gebruik,woonfunctie,1352,5.850,6.750,6.750,0.900,2228,-1.450,8.200
0503100000002005,B,7.66,1977,Pand in gebruik,,189,0.850,0.850,0.950,0.100,1935,-1.550,2.400
0503100000002006,B,53.43,1977,Pand in gebruik,woonfunctie,1253,5.050,6.650,6.750,1.700,2051,-1.450,8.100
0503100000002007,B,8.20,1977,Pand in gebruik,,200,0.950,0.950,0.950,0.000,1778,-1.450,2.400
0503100000002008,B,50.64,1977,Pand in gebruik,woonfunctie,1206,4.150,4.250,4.250,0.100,2478,-1.350,5.600
0503100000002009,B,7.77,1977,Pand in gebruik,,176,0.850,0.850,0.850,0.000,1906,-1.750,2.600
0503100000002010,B,53.42,1977,Pand in gebruik,woonfunctie,1240,4.950,6.650,6.750,1.800,1955,-1.450,8.100
0503100000002011,B,50.53,1977,Pand in gebruik,woonfunctie,1157,4.150,4.250,4.250,0.100,2385,-1.350,5.600
0503100000002012,B,6.75,1977,Pand in gebruik,,130,0.950,0.950,0.950,0.000,1976,-1.650,2.600
0503100000002013,B,52.07,1977,Pand in gebruik,woonfunctie,1237,4.150,4.250,4.250,0.100,3086,-1.350,5.600
0503100000002014,B,7.89,1977,Pand in gebruik,,130,0.850,0.950,0.950,0.100,1233,-1.650,2.600
0503100000002015,B,53.46,1977,Pand in gebruik,woonfunctie,1275,4.950,6.750,6.750,1.800,1860,-1.550,8.300
0503100000002016,B,8.13,1977,Pand in gebruik,,178,0.850,0.850,0.850,0.000,1758,-1.550,2.400
0503100000000067,B,64.64,1971,Pand in gebruik,woonfunctie,2731,4.750,6.450,7.250,2.500,4476,-1.450,7.900
0503100000002017,B,52.93,1977,Pand in gebruik,woonfunctie,1303,4.450,6.650,6.750,2.300,1877,-1.450,8.100
0503100000000068,B,66.20,1971,Pand in gebruik,woonfunctie,2839,4.650,6.350,7.250,2.600,4800,-1.450,7.800
0503100000002018,B,54.51,1977,Pand in gebruik,woonfunctie,1282,5.050,6.750,6.850,1.800,3368,-1.450,8.200
0503100000000069,B,935.81,1973,Pand in gebruik,woonfunctie,32823,42.150,42.250,45.850,3.700,19555,-0.150,42.400
0503100000002019,B,582.75,1989,Pand in gebruik,onderwijsfunctie,13596,12.050,15.750,15.950,3.900,7600,-1.350,17.100
0503100000002020,A,51.66,1967,Pand in gebruik,woonfunctie,1730,4.250,4.250,4.250,0.000,2287,-1.550,5.800
0503100000002021,A,51.51,1967,Pand in gebruik,woonfunctie,1718,4.250,4.450,4.550,0.300,2078,-1.550,6.000
0503100000000070,B,1892.22,1969,Pand in gebruik,onderwijsfunctie,99726,2.850,6.450,6.450,3.600,41482,-1.050,7.500
0503100000002022,A,9.37,1967,Pand in gebruik,,312,0.350,0.350,0.450,0.100,1931,-1.850,2.200
0503100000000071,B,1057.91,1985,Pand in gebruik,woonfunctie,36021,13.650,13.650,13.650,0.000,23460,-0.150,13.800
0503100000002023,A,53.54,1967,Pand in gebruik,woonfunctie,1815,5.550,6.950,6.950,1.400,3147,-1.650,8.600
0503100000002024,A,9.26,1967,Pand in gebruik,,314,0.350,0.450,0.450,0.100,1981,-1.850,2.300
0503100000002025,A,51.76,1967,Pand in gebruik,woonfunctie,1744,4.250,4.250,4.250,0.000,2609,-1.550,5.800
0503100000002026,A,52.67,1966,Pand in gebruik,woonfunctie,2748,4.250,4.350,4.350,0.100,4730,-1.650,6.000
0503100000002027,A,9.35,1967,Pand in gebruik,,310,0.250,0.350,0.450,0.200,2213,-1.850,2.200
0503100000002028,A,9.24,1966,Pand in gebruik,,476,0.350,0.350,0.450,0.100,3839,-1.950,2.300
0503100000002029,A,9.21,1966,Pand in gebruik,,477,0.350,0.450,0.450,0.100,3924,-1.950,2.400
0503100000002030,A,9.31,1967,Pand in gebruik,,296,0.350,0.450,0.450,0.100,2131,-1.850,2.300
0503100000002031,A,51.75,1967,Pand in gebruik,woonfunctie,1744,5.650,6.950,6.950,1.300,2558,-1.550,8.500
0503100000002032,A,50.94,1966,Pand in gebruik,woonfunctie,3563,4.350,4.350,4.450,0.100,5556,-1.550,5.900
0503100000002033,A,52.04,1966,Pand in gebruik,woonfunctie,1685,4.350,4.350,4.550,0.200,3612,-1.350,5.700
0503100000002034,A,1296.50,2020,Pand in gebruik,onderwijsfunctie,40100,3.050,4.050,11.350,8.300,22491,-0.750,4.800
0503100000002036,B,64.87,2005,Pand in gebruik,woonfunctie,996,9.250,9.350,9.450,0.200,1874,0.650,8.700
0503100000002037,B,55.58,1996,Pand in gebruik,woonfunctie,879,6.350,6.850,7.050,0.700,1370,0.650,6.200
0503100000001281,B,6.19,1993,Pand in gebruik,,194,0.850,0.950,0.950,0.100,2272,-1.550,2.500
0503100000001710,A,62.14,1969,Pand in gebruik,woonfunctie,1472,8.850,9.950,10.550,1.700,1391,-1.450,11.400
0503100000001711,A,54.96,1969,Pand in gebruik,woonfunctie,1402,7.050,7.050,7.050,0.000,1537,-1.550,8.600
0503100000001712,A,60.97,1966,Pand in gebruik,woonfunctie,1520,6.450,6.450,6.450,0.000,1356,-1.650,8.100
0503100000001713,A,62.26,1966,Pand in gebruik,woonfunctie,1753,6.450,6.450,6.450,0.000,3177,-1.650,8.100
0503100000001714,A,60.89,1966,Pand in gebruik,woonfunctie,3078,6.450,6.450,6.550,0.100,3318,-1.650,8.100
0503100000001715,A,61.03,1966,Pand in gebruik,woonfunctie,1504,6.550,6.650,6.750,0.200,1493,-1.650,8.300
0503100000001716,A,60.81,1966,Pand in gebruik,woonfunctie,1608,6.550,6.650,6.750,0.200,1555,-1.650,8.300
0503100000001717,A,62.11,1966,Pand in gebruik,woonfunctie,1552,6.450,6.450,6.450,0.000,2123,-1.950,8.400
0503100000001718,A,60.90,1966,Pand in gebruik,woonfunctie,1562,6.450,6.450,6.550,0.100,1577,-1.650,8.100
0503100000001719,A,61.01,1966,Pand in gebruik,woonfunctie,3028,6.450,6.450,6.450,0.000,3038,-1.650,8.100
0503100000001720,A,62.34,1966,Pand in gebruik,woonfunctie,3108,8.250,9.450,10.050,1.800,4367,-1.650,11.100
0503100000001721,A,60.88,1965,Pand in gebruik,woonfunctie,3107,8.850,9.950,10.550,1.700,2827,-1.150,11.100
0503100000001722,A,62.84,1965,Pand in gebruik,woonfunctie,3204,8.650,10.350,11.150,2.500,3802,-1.150,11.500
0503100000001723,A,60.82,1965,Pand in gebruik,woonfunctie,3024,6.850,6.850,6.850,0.000,3201,-1.150,8.000
0503100000001724,A,51.69,1992,Pand in gebruik,winkelfunctie,1668,3.450,3.450,3.450,0.000,6056,-0.250,3.700
0503100000001725,B,150.11,1960,Pand in gebruik,woonfunctie,5624,12.650,12.650,12.650,0.000,6044,-0.150,12.800
0503100000001295,B,50.69,1969,Pand in gebruik,woonfunctie,1187,6.950,7.450,7.650,0.700,1158,-1.350,8.800
0503100000001297,B,51.04,1969,Pand in gebruik,woonfunctie,1192,6.950,7.450,7.650,0.700,1291,-1.350,8.800
0503100000001726,B,150.12,1960,Pand in gebruik,woonfunctie,5250,12.650,12.650,12.650,0.000,4230,-0.150,12.800
0503100000001298,B,7.42,1969,Pand in gebruik,,110,0.950,1.050,1.150,0.200,1571,-1.550,2.600
0503100000001727,B,150.05,1960,Pand in gebruik,woonfunctie,2790,12.650,12.650,12.650,0.000,2595,-0.150,12.800
0503100000001728,B,150.10,1960,Pand in gebruik,woonfunctie,2793,12.650,12.650,12.650,0.000,2635,-0.150,12.800
0503100000001300,B,62.27,1969,Pand in gebruik,woonfunctie,1477,4.550,6.550,7.250,2.700,2134,-1.550,8.100
0503100000001302,B,42.82,1984,Pand in gebruik,woonfunctie,1794,4.350,6.350,6.550,2.200,2657,-1.450,7.800
0503100000001303,B,75.10,1969,Pand in gebruik,woonfunctie,3542,1.950,6.550,7.150,5.200,5190,-1.550,8.100
0503100000001304,B,463.87,1974,Pand in gebruik,sportfunctie,16861,2.250,5.150,5.150,2.900,13221,-1.450,6.600
0503100000001733,B,150.09,1960,Pand in gebruik,woonfunctie,2748,12.650,12.650,12.650,0.000,2755,-0.150,12.800
0503100000001305,B,61.54,1969,Pand in gebruik,woonfunctie,1474,4.650,6.550,7.250,2.600,2397,-1.550,8.100
0503100000001306,B,64.99,1971,Pand in gebruik,woonfunctie,2826,4.650,6.450,7.350,2.700,4332,-1.350,7.800
0503100000001307,B,64.98,1971,Pand in gebruik,woonfunctie,1654,4.650,6.450,7.250,2.600,2628,-1.350,7.800
0503100000001308,B,79.77,1971,Pand in gebruik,woonfunctie,3372,1.550,6.250,7.250,5.700,6160,-1.550,7.800
0503100000001309,B,64.82,1971,Pand in gebruik,woonfunctie,2794,4.750,6.450,7.350,2.600,4150,-1.350,7.800
0503100000001310,B,66.10,1971,Pand in gebruik,woonfunctie,2953,4.750,6.450,7.250,2.500,5720,-1.450,7.900
0503100000001312,B,66.28,1971,Pand in gebruik,woonfunctie,1728,4.750,6.450,7.350,2.600,2927,-1.450,7.900
0503100000001313,B,64.73,1971,Pand in gebruik,woonfunctie,1658,4.650,6.450,7.250,2.600,2533,-1.350,7.800
0503100000001314,B,66.17,1971,Pand in gebruik,woonfunctie,2838,4.750,6.350,7.250,2.500,6377,-1.450,7.800
0503100000001315,B,65.00,1971,Pand in gebruik,woonfunctie,2773,4.650,6.450,7.250,2.600,4668,-1.450,7.900
0503100000001316,B,64.40,1971,Pand in gebruik,woonfunctie,1669,4.750,6.450,7.250,2.500,3089,-1.350,7.800
0503100000001317,B,64.95,1971,Pand in gebruik,woonfunctie,1651,4.750,6.450,7.250,2.500,2717,-1.350,7.800
0503100000001319,B,64.84,1971,Pand in gebruik,woonfunctie,2772,4.750,6.450,7.250,2.500,4568,-1.450,7.900
0503100000001320,B,64.78,1971,Pand in gebruik,woonfunctie,2686,4.650,6.350,7.150,2.500,3823,-1.450,7.800
0503100000001321,B,64.41,1971,Pand in gebruik,woonfunctie,2737,4.750,6.450,7.350,2.600,3487,-1.450,7.900
0503100000001322,B,60.61,1990,Pand in gebruik,woonfunctie,1506,6.050,6.850,7.250,1.200,2866,-1.550,8.400
0503100000001323,B,5.59,1990,Pand in gebruik,,90,0.550,0.750,0.850,0.300,2014,-1.550,2.300
0503100000001324,B,49.44,1990,Pand in gebruik,woonfunctie,1258,6.350,6.950,7.250,0.900,2391,-1.450,8.400
0503100000001325,B,51.83,1990,Pand in gebruik,woonfunctie,1306,6.250,6.850,7.150,0.900,3140,-1.550,8.400
0503100000001326,B,6.13,1990,Pand in gebruik,,130,0.650,0.850,0.950,0.300,1991,-1.550,2.400
0503100000000129,B,67.86,1977,Pand in gebruik,woonfunctie,1754,3.750,6.850,7.250,3.500,2470,-1.250,8.100
0503100000000130,B,52.58,1979,Pand in gebruik,woonfunctie,1268,4.150,5.350,6.050,1.900,2274,-1.250,6.600
0503100000000131,B,1010.74,1987,Pand in gebruik,,24626,7.250,8.950,9.750,2.500,11419,0.250,8.700
0503100000000132,B,283.60,1991,Pand in gebruik,"overige gebruiksfunctie,winkelfunctie",7013,2.050,2.850,3.250,1.200,9862,-1.450,4.300
0503100000000134,B,51.96,1979,Pand in gebruik,woonfunctie,1298,3.950,5.250,6.050,2.100,2184,-1.150,6.400
0503100000000135,B,2641.62,1988,Pand in gebruik,kantoorfunctie,67060,8.050,8.750,18.550,10.500,22283,-0.350,9.100
0503100000000144,A,1231.36,2004,Pand in gebruik,bijeenkomstfunctie,62914,4.750,5.750,6.450,1.700,30563,-0.150,5.900
0503100000000146,B,47.20,1989,Pand in gebruik,woonfunctie,888,5.750,8.750,8.850,3.100,1766,0.050,8.700
0503100000001351,B,25.05,1981,Pand in gebruik,,825,1.050,1.050,1.050,0.000,3111,-1.650,2.700
0503100000001352,B,792.76,1981,Pand in gebruik,woonfunctie,21612,9.150,11.350,12.450,3.300,15392,-1.550,12.900
0503100000001354,B,63.20,1993,Pand in gebruik,woonfunctie,2067,4.150,6.850,6.850,2.700,3142,-1.550,8.400
0503100000001356,B,47.47,1993,Pand in gebruik,woonfunctie,1121,6.850,6.850,6.850,0.000,2290,-1.550,8.400
0503100000001357,B,50.40,1993,Pand in gebruik,woonfunctie,1676,4.250,6.950,7.050,2.800,2654,-1.650,8.600
0503100000001358,B,7.96,1982,Pand in gebruik,,139,0.850,0.850,0.850,0.000,1421,-1.450,2.300
0503100000001359,B,6.19,1993,Pand in gebruik,,210,0.850,0.850,0.950,0.100,2475,-1.550,2.400
0503100000001362,B,49.85,1993,Pand in gebruik,woonfunctie,1606,4.050,4.150,4.150,0.100,2766,-1.550,5.700
0503100000001367,B,6.15,1993,Pand in gebruik,,140,0.850,0.950,0.950,0.100,1909,-1.550,2.500
0503100000001368,B,63.11,1993,Pand in gebruik,woonfunctie,1990,4.150,6.850,6.850,2.700,3349,-1.550,8.400
0503100000001369,B,42.36,1985,Pand in gebruik,woonfunctie,1462,5.450,7.150,7.950,2.500,3080,-1.650,8.800
0503100000000163,B,895.11,1981,Pand in gebruik,woonfunctie,31109,9.150,11.350,12.450,3.300,18306,-1.550,12.900
0503100000001372,B,6.10,1993,Pand in gebruik,,190,0.850,0.850,0.950,0.100,2431,-1.550,2.400
0503100000001373,B,47.37,1993,Pand in gebruik,woonfunctie,1138,6.850,6.950,6.950,0.100,2209,-1.550,8.500
0503100000000166,A,60.69,1966,Pand in gebruik,woonfunctie,1642,8.350,8.950,8.950,0.600,1455,-1.650,10.600
0503100000001374,B,50.15,1993,Pand in gebruik,woonfunctie,1666,6.850,7.050,7.250,0.400,2668,-1.550,8.600
0503100000000167,A,60.90,1965,Pand in gebruik,woonfunctie,3056,8.950,10.050,10.650,1.700,2654,-1.150,11.200
0503100000001375,B,50.58,1993,Pand in gebruik,woonfunctie,1681,4.350,6.850,6.850,2.500,2587,-1.650,8.500
0503100000001376,B,63.89,1993,Pand in gebruik,woonfunctie,1882,6.850,6.850,6.950,0.100,4657,-1.650,8.500
0503100000001377,B,7.97,1982,Pand in gebruik,,272,0.850,0.950,0.950,0.100,3032,-1.750,2.700
0503100000000168,A,1346.90,1964,Pand in gebruik,"winkelfunctie,woonfunctie",54170,26.250,34.950,35.050,8.800,17377,-0.150,35.100
0503100000001380,B,6.25,1993,Pand in gebruik,,143,0.950,0.950,0.950,0.000,1520,-1.550,2.500
0503100000001381,B,6.21,1993,Pand in gebruik,,150,0.850,0.850,0.950,0.100,1863,-1.550,2.400
0503100000001382,B,50.48,1993,Pand in gebruik,woonfunctie,1725,4.150,6.850,6.850,2.700,2714,-1.650,8.500
0503100000000169,A,1543.76,1968,Pand in gebruik,winkelfunctie,45570,3.650,3.950,4.050,0.400,16124,-0.150,4.100
0503100000001383,B,71.18,1998,Pand in gebruik,woonfunctie,1564,5.050,7.050,7.050,2.000,3715,-1.450,8.500
0503100000001384,B,71.00,1998,Pand in gebruik,woonfunctie,1484,5.050,7.050,7.050,2.000,3552,-1.450,8.500
0503100000001385,B,56.82,1998,Pand in gebruik,woonfunctie,1224,7.050,7.150,7.250,0.200,2145,-1.350,8.500
0503100000001386,B,10.01,1998,Pand in gebruik,,231,1.050,1.050,1.150,0.100,2001,-1.450,2.500
0503100000000171,B,1200.77,1966,Pand in gebruik,woonfunctie,24591,14.150,14.150,14.150,0.000,6816,-0.150,14.300
0503100000000172,B,2992.69,1964,Pand in gebruik,"gezondheidszorgfunctie,kantoorfunctie,winkelfunctie,woonfunctie",48768,5.150,14.150,16.950,11.800,21719,0.150,14.000
0503100000000173,B,1097.89,1962,Pand in gebruik,"winkelfunctie,woonfunctie",19591,9.850,10.050,10.150,0.300,12033,-0.150,10.200
0503100000000174,B,150.10,1960,Pand in gebruik,woonfunctie,4265,12.650,12.650,12.650,0.000,4389,-0.150,12.800
0503100000000188,B,955.13,1981,Pand in gebruik,"gezondheidszorgfunctie,kantoorfunctie",22529,17.950,18.050,20.250,2.300,12416,-1.550,19.600
0503100000000190,A,59.51,1966,Pand in gebruik,woonfunctie,2281,4.250,4.350,4.450,0.200,4652,-1.450,5.800
0503100000000191,A,50.59,1966,Pand in gebruik,woonfunctie,2062,4.350,4.350,4.550,0.200,3804,-1.450,5.800
0503100000000192,B,97.53,2001,Pand in gebruik,kantoorfunctie,3218,8.750,8.750,8.750,0.000,2430,-0.750,9.500
0503100000000193,A,1989.60,1965,Pand in gebruik,"overige gebruiksfunctie,woonfunctie",61015,19.550,22.350,22.450,2.900,32289,-0.450,22.800
0503100000000194,B,97.53,2001,Pand in gebruik,kantoorfunctie,3123,8.750,8.850,9.150,0.400,2584,-0.750,9.600
0503100000000195,A,682.54,1969,Pand in gebruik,onderwijsfunctie,20737,3.550,3.550,11.250,7.700,15274,-0.350,3.900
0503100000002171,B,7.78,1977,Pand in gebruik,,189,0.850,0.850,0.950,0.100,1776,-1.550,2.400
0503100000002172,B,51.91,1977,Pand in gebruik,woonfunctie,1212,5.850,6.750,6.750,0.900,1998,-1.450,8.200
0503100000002173,B,7.84,1977,Pand in gebruik,,136,0.850,0.850,0.850,0.000,1145,-1.650,2.500
0503100000002174,B,7.96,1977,Pand in gebruik,,180,0.850,0.850,0.850,0.000,1821,-1.750,2.600
0503100000002224,B,81.91,1977,Pand in gebruik,woonfunctie,1989,2.250,6.550,7.250,5.000,4206,-1.150,7.700
0503100000002225,B,118.50,1977,Pand in gebruik,woonfunctie,2905,4.750,6.850,7.650,2.900,4824,-1.250,8.100
0503100000002230,B,64.45,1977,Pand in gebruik,woonfunctie,1649,3.850,6.250,7.250,3.400,2314,-1.150,7.400
0503100000002237,B,464.41,1977,Pand in gebruik,woonfunctie,11064,7.750,9.950,10.050,2.300,7944,-1.150,11.100
0503100000002241,B,64.21,1977,Pand in gebruik,woonfunctie,1616,3.850,6.350,7.350,3.500,2521,-1.150,7.500
0503100000001909,B,7.78,1977,Pand in gebruik,,124,0.750,0.750,0.750,0.000,1196,-1.750,2.500
0503100000001911,B,66.63,1977,Pand in gebruik,woonfunctie,2340,3.950,6.550,7.250,3.300,3281,-1.350,7.900
0503100000004485,B,6345.06,1958,Pand in gebruik,industriefunctie,339319,17.150,19.150,23.750,6.600,46001,0.750,18.400
0503100000005923,B,47.02,1989,Pand in gebruik,woonfunctie,839,5.550,5.550,5.650,0.100,1563,-0.050,5.600
0503100000005924,B,5.86,1989,Pand in gebruik,,95,2.350,2.350,2.450,0.100,1188,-0.150,2.500
0503100000005925,B,5.86,1989,Pand in gebruik,,101,2.350,2.350,2.350,0.000,1212,-0.150,2.500
0503100000005926,B,6.95,1989,Pand in gebruik,,119,2.250,2.250,2.350,0.100,1373,-0.150,2.400
0503100000005930,B,49.03,1989,Pand in gebruik,woonfunctie,879,5.550,5.550,5.650,0.100,2145,-0.050,5.600
0503100000005932,B,5.86,1989,Pand in gebruik,,99,2.350,2.350,2.350,0.000,1343,-0.150,2.500
0503100000005933,B,47.05,1989,Pand in gebruik,woonfunctie,834,5.450,5.450,5.550,0.100,1473,-0.150,5.600
0503100000005937,B,5.84,1989,Pand in gebruik,,115,2.250,2.250,2.350,0.100,1136,-0.150,2.400
0503100000005938,B,5.87,1989,Pand in gebruik,,102,2.350,2.350,2.350,0.000,1235,-0.050,2.400
0503100000005944,B,49.04,1989,Pand in gebruik,woonfunctie,863,5.550,5.550,5.650,0.100,2285,-0.250,5.800
0503100000005496,B,64.71,1971,Pand in gebruik,woonfunctie,2761,4.650,6.450,7.250,2.600,4575,-1.450,7.900
0503100000005506,B,5.64,1990,Pand in gebruik,,145,0.750,0.850,0.950,0.200,2293,-1.450,2.300
0503100000005507,B,5.66,1990,Pand in gebruik,,146,0.650,0.850,0.950,0.300,2136,-1.450,2.300
0503100000005508,B,5.68,1990,Pand in gebruik,,149,0.750,0.850,0.950,0.200,2252,-1.450,2.300
0503100000005509,B,60.75,1990,Pand in gebruik,woonfunctie,1564,6.050,6.850,7.250,1.200,2536,-1.450,8.300
0503100000005510,B,6.08,1990,Pand in gebruik,,158,0.650,0.850,0.950,0.300,2440,-1.450,2.300
0503100000005511,B,60.71,1990,Pand in gebruik,woonfunctie,1549,6.050,6.850,7.250,1.200,2840,-1.450,8.300
0503100000005512,B,49.47,1990,Pand in gebruik,woonfunctie,1285,6.250,6.850,7.250,1.000,2016,-1.450,8.300
0503100000005513,B,60.76,1990,Pand in gebruik,woonfunctie,1569,6.050,6.750,7.150,1.100,2490,-1.450,8.200
0503100000005514,B,49.45,1990,Pand in gebruik,woonfunctie,1253,6.250,6.850,7.250,1.000,1974,-1.450,8.300
0503100000006023,B,5.86,1989,Pand in gebruik,,93,2.350,2.550,3.050,0.700,1125,-0.150,2.700
0503100000006483,B,5.76,1984,Pand in gebruik,,234,1.050,1.050,1.050,0.000,3694,-1.450,2.500
0503100000006484,B,64.42,1971,Pand in gebruik,woonfunctie,2723,4.650,6.450,7.250,2.600,4395,-1.450,7.900
0503100000006485,B,64.75,1971,Pand in gebruik,woonfunctie,2804,4.650,6.450,7.250,2.600,4669,-1.450,7.900
0503100000006486,B,64.91,1971,Pand in gebruik,woonfunctie,2811,4.650,6.450,7.250,2.600,4856,-1.450,7.900
0503100000006487,B,5.69,1984,Pand in gebruik,,250,1.050,1.050,1.050,0.000,3919,-1.450,2.500
0503100000006488,B,64.56,1971,Pand in gebruik,woonfunctie,2766,4.650,6.450,7.250,2.600,4539,-1.450,7.900
0503100000006489,B,5.84,1984,Pand in gebruik,,235,1.050,1.050,1.050,0.000,3296,-1.450,2.500
0503100000006490,B,52.41,1984,Pand in gebruik,woonfunctie,2183,4.150,6.050,6.550,2.400,3636,-1.450,7.500
0503100000006491,B,66.06,1971,Pand in gebruik,woonfunctie,2795,4.750,6.450,7.250,2.500,6638,-1.350,7.800
0503100000006493,B,11.91,1974,Pand in gebruik,,461,0.450,0.550,0.650,0.200,5159,-1.650,2.200
0503100000006494,B,66.46,1971,Pand in gebruik,woonfunctie,2878,4.750,6.450,7.250,2.500,6540,-1.450,7.900
0503100000005072,B,8.92,1977,Pand in gebruik,,228,0.950,1.050,1.150,0.200,2227,-1.350,2.400
0503100000006062,B,71.28,1998,Pand in gebruik,woonfunctie,1477,5.050,7.150,7.150,2.100,2789,-1.450,8.600
0503100000006495,B,64.53,1971,Pand in gebruik,woonfunctie,2767,4.650,6.450,7.250,2.600,4504,-1.550,8.000
0503100000006064,B,56.79,1998,Pand in gebruik,woonfunctie,1216,6.950,7.050,7.050,0.100,2080,-1.450,8.500
0503100000006496,B,64.70,1971,Pand in gebruik,woonfunctie,2739,4.650,6.350,7.150,2.500,4234,-1.450,7.800
0503100000006065,B,8.86,1998,Pand in gebruik,,190,1.050,1.050,1.150,0.100,1390,-1.450,2.500
0503100000006066,B,9.78,1998,Pand in gebruik,,216,1.050,1.050,1.150,0.100,1488,-1.450,2.500
0503100000006498,B,64.74,1971,Pand in gebruik,woonfunctie,2746,4.750,6.450,7.350,2.600,3991,-1.450,7.900
0503100000005074,B,1650.41,1998,Pand in gebruik,industriefunctie,54933,5.450,8.850,9.050,3.600,20471,0.350,8.500
0503100000006499,B,64.55,1971,Pand in gebruik,woonfunctie,2718,4.750,6.550,7.350,2.600,4153,-1.450,8.000
0503100000005075,B,1414.44,1998,Pand in gebruik,industriefunctie,47677,8.750,9.150,9.350,0.600,17918,0.350,8.800
0503100000006500,B,64.88,1971,Pand in gebruik,woonfunctie,1713,4.850,6.650,7.250,2.400,2676,-1.350,8.000
0503100000006069,B,54.27,1998,Pand in gebruik,woonfunctie,1192,6.950,7.050,7.050,0.100,2079,-1.350,8.400
0503100000006501,B,66.22,1971,Pand in gebruik,woonfunctie,1696,4.750,6.450,7.350,2.600,4170,-1.550,8.000
0503100000006502,B,64.61,1971,Pand in gebruik,woonfunctie,2559,4.750,6.450,7.250,2.500,3489,-1.450,7.900
0503100000006503,B,64.98,1971,Pand in gebruik,woonfunctie,2803,4.750,6.450,7.350,2.600,4316,-1.350,7.800
0503100000006072,B,70.85,1998,Pand in gebruik,woonfunctie,1484,5.050,7.150,7.250,2.200,3771,-1.450,8.600
0503100000006504,B,64.95,1971,Pand in gebruik,woonfunctie,1647,4.750,6.450,7.350,2.600,2830,-1.450,7.900
0503100000006073,B,56.79,1998,Pand in gebruik,woonfunctie,1196,6.950,7.050,7.050,0.100,1761,-1.450,8.500
0503100000006505,B,64.74,1971,Pand in gebruik,woonfunctie,1660,4.750,6.450,7.350,2.600,2449,-1.350,7.800
0503100000006074,B,13.13,1998,Pand in gebruik,,281,1.250,1.350,2.850,1.600,2573,-0.850,2.200
0503100000006506,B,64.86,1971,Pand in gebruik,woonfunctie,2228,4.850,6.350,7.350,2.500,3910,-1.350,7.700
0503100000006507,B,65.19,1971,Pand in gebruik,woonfunctie,2726,4.750,6.450,7.350,2.600,4355,-1.350,7.800
0503100000006508,B,49.43,1990,Pand in gebruik,woonfunctie,1281,6.250,6.850,7.150,0.900,2194,-1.550,8.400
0503100000006077,B,52.47,1998,Pand in gebruik,woonfunctie,1146,6.950,6.950,7.050,0.100,1834,-1.350,8.300
0503100000006509,B,49.43,1990,Pand in gebruik,woonfunctie,1265,6.250,6.850,7.250,1.000,2258,-1.550,8.400
0503100000006510,B,51.95,1990,Pand in gebruik,woonfunctie,1341,6.250,6.950,7.250,1.000,3172,-1.550,8.500
0503100000006078,B,52.46,1998,Pand in gebruik,woonfunctie,1142,6.950,6.950,7.050,0.100,1904,-1.350,8.300
0503100000005593,B,5.61,1990,Pand in gebruik,,142,0.950,0.950,0.950,0.000,2330,-1.450,2.400
0503100000005594,B,5.63,1990,Pand in gebruik,,137,0.650,0.750,0.850,0.200,2372,-1.450,2.200
0503100000005596,B,49.45,1990,Pand in gebruik,woonfunctie,1247,6.250,6.850,7.250,1.000,2169,-1.450,8.300
0503100000005597,B,60.65,1990,Pand in gebruik,woonfunctie,1504,6.050,6.850,7.150,1.100,2975,-1.450,8.300
0503100000005598,B,6.07,1990,Pand in gebruik,,125,0.650,0.850,0.850,0.200,2254,-1.450,2.300
0503100000005601,B,49.46,1990,Pand in gebruik,woonfunctie,1256,6.250,6.850,7.250,1.000,2308,-1.450,8.300
0503100000006523,B,55.35,1992,Pand in gebruik,overige gebruiksfunctie,1849,3.550,3.550,3.550,0.000,6341,-0.450,4.000
0503100000005603,B,49.46,1990,Pand in gebruik,woonfunctie,1275,6.250,6.850,7.150,0.900,2322,-1.450,8.300
0503100000006526,B,10.26,1985,Pand in gebruik,,339,2.050,2.150,2.150,0.100,3235,-0.150,2.300
0503100000005604,B,7.06,1990,Pand in gebruik,,295,1.350,1.350,1.450,0.100,4558,-1.150,2.500
0503100000006527,B,48.54,1985,Pand in gebruik,woonfunctie,1602,5.650,8.250,8.250,2.600,2300,-0.150,8.400
0503100000005605,B,53.32,1990,Pand in gebruik,woonfunctie,3647,4.450,4.450,4.450,0.000,5630,-1.250,5.700
0503100000006528,B,48.32,1985,Pand in gebruik,woonfunctie,1546,5.750,8.250,8.250,2.500,1764,-0.150,8.400
0503100000005606,B,53.33,1990,Pand in gebruik,woonfunctie,3637,4.450,4.450,4.450,0.000,5491,-1.250,5.700
0503100000006529,B,10.46,1985,Pand in gebruik,,333,2.050,2.150,2.150,0.100,2697,-0.250,2.400
0503100000005607,B,53.37,1990,Pand in gebruik,woonfunctie,3696,4.450,4.450,4.450,0.000,5497,-1.250,5.700
0503100000005608,B,53.36,1990,Pand in gebruik,woonfunctie,3711,4.450,4.450,4.450,0.000,5548,-1.250,5.700
0503100000005609,B,6.81,1990,Pand in gebruik,,346,1.350,1.350,1.450,0.100,4659,-1.150,2.500
0503100000006530,B,64.50,1985,Pand in gebruik,woonfunctie,2001,4.150,8.250,8.350,4.200,2724,-0.150,8.400
0503100000005610,B,55.35,1990,Pand in gebruik,woonfunctie,3481,4.450,6.850,7.350,2.900,8194,-1.250,8.100
0503100000006531,B,10.28,1985,Pand in gebruik,,338,2.150,2.150,2.150,0.000,2965,-0.250,2.400
0503100000005611,B,6.97,1990,Pand in gebruik,,351,1.350,1.450,1.450,0.100,3703,-1.050,2.500
0503100000006532,B,10.39,1985,Pand in gebruik,,340,2.150,2.150,2.150,0.000,3106,-0.250,2.400
0503100000005612,B,6.96,1990,Pand in gebruik,,353,1.350,1.450,1.450,0.100,4352,-1.150,2.600
0503100000006533,B,10.39,1985,Pand in gebruik,,342,2.150,2.150,2.150,0.000,3282,-0.250,2.400
0503100000005613,B,7.08,1990,Pand in gebruik,,267,1.350,1.350,1.450,0.100,3639,-1.050,2.400
0503100000005614,B,6.89,1990,Pand in gebruik,,336,1.350,1.350,1.450,0.100,4288,-1.050,2.400
0503100000006534,B,58.87,1985,Pand in gebruik,woonfunctie,1858,5.050,8.250,8.450,3.400,2805,-0.150,8.400
0503100000005615,B,66.32,1990,Pand in gebruik,woonfunctie,2552,4.550,4.550,4.650,0.100,5974,-1.050,5.600
0503100000006535,B,14.68,1985,Pand in gebruik,,508,2.050,2.150,2.150,0.100,4381,-0.350,2.500
0503100000005616,B,6.61,1990,Pand in gebruik,,399,1.350,1.350,1.450,0.100,4611,-1.150,2.500
0503100000006536,B,48.47,1985,Pand in gebruik,woonfunctie,1594,5.650,8.250,8.250,2.600,2210,-0.150,8.400
0503100000005617,B,53.36,1990,Pand in gebruik,woonfunctie,1978,6.450,7.250,7.350,0.900,3347,-0.950,8.200
0503100000006537,B,49.19,1985,Pand in gebruik,woonfunctie,1604,5.750,8.250,8.450,2.700,2364,-0.150,8.400
0503100000005618,B,55.16,1990,Pand in gebruik,woonfunctie,1858,4.550,7.050,7.450,2.900,4731,-0.950,8.000
0503100000006538,B,10.26,1985,Pand in gebruik,,324,2.150,2.150,2.150,0.000,3159,-0.250,2.400
0503100000005619,B,6.75,1990,Pand in gebruik,,295,1.350,1.350,1.450,0.100,3714,-1.050,2.400
0503100000006539,B,10.24,1985,Pand in gebruik,,326,2.050,2.150,2.150,0.100,3210,-0.150,2.300
0503100000005620,B,53.45,1990,Pand in gebruik,woonfunctie,1853,4.550,4.550,4.650,0.100,3481,-0.950,5.500
0503100000005621,B,53.61,1990,Pand in gebruik,woonfunctie,1824,4.550,4.550,4.550,0.000,3559,-0.950,5.500
0503100000005622,B,6.62,1990,Pand in gebruik,,277,1.350,1.350,1.450,0.100,4113,-1.050,2.400
0503100000005623,B,53.38,1990,Pand in gebruik,woonfunctie,1768,4.550,4.650,4.750,0.200,3673,-0.950,5.600
0503100000005624,B,6.81,1990,Pand in gebruik,,321,1.350,1.450,1.450,0.100,3697,-1.050,2.500
0503100000005625,B,48.03,1985,Pand in gebruik,woonfunctie,1618,5.450,5.550,5.550,0.100,3162,-0.150,5.700
0503100000004383,B,64.19,1977,Pand in gebruik,woonfunctie,1632,3.750,6.250,7.350,3.600,2289,-1.150,7.400
0503100000004384,B,1911.83,1999,Pand in gebruik,kantoorfunctie,48353,14.850,18.550,20.150,5.300,19305,-1.550,20.100
0503100000004385,B,506.87,1996,Pand in gebruik,kantoorfunctie,19229,13.250,13.450,16.950,3.700,10774,-1.550,15.000
0503100000004386,B,891.80,1984,Pand in gebruik,kantoorfunctie,29226,8.350,11.450,11.550,3.200,19637,-1.650,13.100
0503100000004387,A,9.28,1966,Pand in gebruik,,238,0.450,0.550,0.550,0.100,2002,-1.650,2.200
0503100000004388,B,97.49,2001,Pand in gebruik,industriefunctie,3167,4.750,4.850,4.850,0.100,1953,-0.750,5.600
0503100000004389,B,484.49,1982,Pand in gebruik,woonfunctie,7113,8.950,10.750,11.650,2.700,6395,0.050,10.700
0503100000004391,B,64.17,2005,Pand in gebruik,woonfunctie,938,8.850,9.050,9.050,0.200,1401,0.450,8.600
0503100000004392,B,61.47,2005,Pand in gebruik,woonfunctie,918,8.850,9.050,9.050,0.200,1204,0.450,8.600
0503100000004393,B,61.39,2005,Pand in gebruik,woonfunctie,921,8.850,8.950,9.050,0.200,1177,0.450,8.500
0503100000004394,B,7.61,2005,Pand in gebruik,,111,2.650,2.650,2.750,0.100,1227,0.350,2.300
0503100000006592,B,5.85,1990,Pand in gebruik,,86,0.450,0.650,0.650,0.200,2420,-1.750,2.400
0503100000006593,B,62.05,1990,Pand in gebruik,woonfunctie,1484,6.050,6.750,7.150,1.100,2173,-1.550,8.300
0503100000006594,B,60.69,1990,Pand in gebruik,woonfunctie,1518,6.050,6.750,7.150,1.100,2782,-1.550,8.300
0503100000006595,B,5.72,1990,Pand in gebruik,,81,0.450,0.650,0.650,0.200,2267,-1.750,2.400
0503100000006596,B,62.44,1990,Pand in gebruik,woonfunctie,1399,6.150,6.850,7.150,1.000,2926,-1.450,8.300
0503100000006162,B,52.47,1998,Pand in gebruik,woonfunctie,1181,7.050,7.050,7.250,0.200,1880,-1.350,8.400
0503100000006597,B,49.44,1990,Pand in gebruik,woonfunctie,1250,6.250,6.850,7.150,0.900,2460,-1.550,8.400
0503100000006166,B,8.91,1998,Pand in gebruik,,207,1.050,1.050,1.150,0.100,1947,-1.550,2.600
0503100000006167,B,13.12,1998,Pand in gebruik,,263,1.350,1.650,2.850,1.500,2517,-0.850,2.500
0503100000006598,B,50.95,1990,Pand in gebruik,woonfunctie,1265,6.250,6.850,7.150,0.900,1460,-1.650,8.500
0503100000006168,B,52.47,1998,Pand in gebruik,woonfunctie,1109,6.950,7.050,7.050,0.100,1939,-1.350,8.400
0503100000006170,B,54.63,1998,Pand in gebruik,woonfunctie,1144,7.050,7.150,7.250,0.200,1945,-1.350,8.500
0503100000006171,B,9.88,1998,Pand in gebruik,,233,1.050,1.050,1.150,0.100,2424,-1.550,2.600
0503100000006172,B,8.77,1998,Pand in gebruik,,208,1.050,1.050,1.150,0.100,2142,-1.550,2.600
0503100000006174,B,56.78,1998,Pand in gebruik,woonfunctie,1205,6.950,7.050,7.050,0.100,1883,-1.450,8.500
0503100000006175,B,13.12,1998,Pand in gebruik,,248,1.350,1.350,2.950,1.600,2579,-0.950,2.300
0503100000006599,B,63.53,1990,Pand in gebruik,woonfunctie,1482,6.050,6.750,7.150,1.100,2043,-1.650,8.400
0503100000006178,B,61.76,1969,Pand in gebruik,woonfunctie,1453,4.650,6.550,7.250,2.600,2042,-1.550,8.100
0503100000006179,B,50.78,1969,Pand in gebruik,woonfunctie,1193,6.950,7.350,7.650,0.700,1441,-1.350,8.700
0503100000006601,B,62.01,1990,Pand in gebruik,woonfunctie,1475,6.050,6.850,7.150,1.100,2462,-1.550,8.400
0503100000006180,B,7.49,1969,Pand in gebruik,,166,0.950,0.950,1.050,0.100,1586,-1.550,2.500
0503100000006602,B,49.43,1990,Pand in gebruik,woonfunctie,1265,6.250,6.850,7.150,0.900,2292,-1.550,8.400
0503100000006184,B,8.82,1969,Pand in gebruik,,197,0.850,0.850,0.950,0.100,1460,-1.650,2.500
0503100000006185,B,7.34,1969,Pand in gebruik,,166,0.950,0.950,0.950,0.000,1790,-1.550,2.500
0503100000006605,B,5.87,1990,Pand in gebruik,,145,0.450,0.550,0.650,0.200,1889,-1.750,2.300
0503100000006186,B,67.08,1969,Pand in gebruik,woonfunctie,1514,2.650,7.350,7.650,5.000,2871,-1.450,8.800
0503100000006606,B,49.49,1990,Pand in gebruik,woonfunctie,1253,6.250,6.850,7.150,0.900,1780,-1.550,8.400
0503100000006188,B,7.46,1969,Pand in gebruik,,164,0.950,0.950,0.950,0.000,1563,-1.550,2.500
0503100000006607,B,61.96,1990,Pand in gebruik,woonfunctie,1465,6.050,6.850,7.150,1.100,2760,-1.550,8.400
0503100000006608,B,49.47,1990,Pand in gebruik,woonfunctie,1241,6.250,6.850,7.150,0.900,1598,-1.650,8.500
0503100000006191,B,50.93,1969,Pand in gebruik,woonfunctie,1206,6.850,7.350,7.650,0.800,1561,-1.350,8.700
0503100000006613,B,5.53,1990,Pand in gebruik,,136,0.550,0.750,0.850,0.300,2302,-1.550,2.300
0503100000006614,B,6.14,1990,Pand in gebruik,,163,0.550,0.750,0.850,0.300,2273,-1.550,2.300
0503100000006615,B,5.52,1990,Pand in gebruik,,77,0.550,0.750,0.750,0.200,2333,-1.550,2.300
0503100000006616,B,6.18,1990,Pand in gebruik,,120,0.550,0.650,0.750,0.200,2445,-1.550,2.200
0503100000005701,B,48.17,1985,Pand in gebruik,woonfunctie,1616,5.450,5.550,5.550,0.100,2911,-0.150,5.700
0503100000005702,B,5.26,1985,Pand in gebruik,,142,2.250,2.350,2.350,0.100,2030,-0.150,2.500
0503100000006619,B,659.13,1994,Pand in gebruik,bijeenkomstfunctie,31262,6.650,9.650,10.250,3.600,14707,-0.350,10.000
0503100000005703,B,48.79,1985,Pand in gebruik,woonfunctie,1638,5.350,7.350,8.350,3.000,2795,-0.150,7.500
0503100000006620,B,401.81,1987,Pand in gebruik,bijeenkomstfunctie,7079,3.650,3.650,3.650,0.000,7310,-0.150,3.800
0503100000005704,B,47.82,1985,Pand in gebruik,woonfunctie,1623,5.350,5.550,5.550,0.200,3260,-0.150,5.700
0503100000006621,B,10.32,1985,Pand in gebruik,,339,2.050,2.150,2.150,0.100,2919,-0.250,2.400
0503100000005705,B,48.04,1985,Pand in gebruik,woonfunctie,1624,5.350,7.350,8.350,3.000,3991,-0.250,7.600
0503100000006622,B,10.22,1985,Pand in gebruik,,344,2.050,2.150,2.150,0.100,2554,-0.250,2.400
0503100000005706,B,48.47,1985,Pand in gebruik,woonfunctie,1623,5.450,5.550,5.550,0.100,2401,-0.150,5.700
0503100000006623,B,49.15,1985,Pand in gebruik,woonfunctie,1593,5.750,8.250,8.250,2.500,2145,-0.150,8.400
0503100000005707,B,48.67,1985,Pand in gebruik,woonfunctie,1634,5.450,5.550,5.650,0.200,2506,-0.150,5.700
0503100000006624,B,10.26,1985,Pand in gebruik,,327,2.150,2.150,2.150,0.000,3083,-0.150,2.300
0503100000005708,B,47.78,1985,Pand in gebruik,woonfunctie,1599,5.450,5.550,5.650,0.200,3112,-0.150,5.700
0503100000006625,B,10.26,1985,Pand in gebruik,,295,2.150,2.150,2.150,0.000,3192,-0.150,2.300
0503100000005709,B,48.33,1985,Pand in gebruik,woonfunctie,1627,5.450,5.550,5.650,0.200,4019,-0.150,5.700
0503100000005710,B,48.31,1985,Pand in gebruik,woonfunctie,1596,5.350,7.450,8.350,3.000,2776,-0.150,7.600
0503100000005711,B,48.64,1985,Pand in gebruik,woonfunctie,1633,5.350,7.350,8.350,3.000,2770,-0.150,7.500
0503100000006626,B,61.35,1985,Pand in gebruik,woonfunctie,1925,5.050,8.250,8.250,3.200,3132,-0.150,8.400
0503100000005712,B,5.24,1985,Pand in gebruik,,155,2.150,2.150,2.250,0.100,2446,-0.150,2.300
0503100000006627,B,48.57,1985,Pand in gebruik,woonfunctie,1544,5.650,8.250,8.350,2.700,2568,-0.150,8.400
0503100000005713,B,47.83,1985,Pand in gebruik,woonfunctie,1601,5.450,5.550,5.550,0.100,3379,-0.150,5.700
0503100000006628,B,48.38,1985,Pand in gebruik,woonfunctie,1609,5.650,8.250,8.550,2.900,2272,-0.150,8.400
0503100000005714,B,48.52,1985,Pand in gebruik,woonfunctie,1650,5.350,5.550,5.550,0.200,2476,-0.150,5.700
0503100000006629,B,10.33,1985,Pand in gebruik,,318,2.050,2.150,2.150,0.100,3227,-0.250,2.400
0503100000005715,B,48.47,1985,Pand in gebruik,woonfunctie,1619,5.350,7.350,8.350,3.000,2516,-0.150,7.500
0503100000005716,B,48.56,1985,Pand in gebruik,woonfunctie,1615,5.350,7.350,8.350,3.000,2574,-0.150,7.500
0503100000006631,B,10.23,1985,Pand in gebruik,,328,2.050,2.150,2.150,0.100,3091,-0.150,2.300
0503100000005717,B,48.42,1985,Pand in gebruik,woonfunctie,1652,5.350,7.350,8.350,3.000,2929,-0.150,7.500
0503100000006632,B,10.35,1985,Pand in gebruik,,327,2.150,2.150,2.150,0.000,2918,-0.250,2.400
0503100000005718,B,47.95,1985,Pand in gebruik,woonfunctie,1613,5.450,5.550,5.550,0.100,3391,-0.150,5.700
0503100000006633,B,48.84,1985,Pand in gebruik,woonfunctie,1647,5.350,5.650,5.750,0.400,2660,-0.150,5.800
0503100000005719,B,47.91,1985,Pand in gebruik,woonfunctie,1551,5.450,7.350,8.350,2.900,3133,-0.050,7.400
0503100000006634,B,10.37,1985,Pand in gebruik,,339,2.150,2.150,2.150,0.000,3041,-0.250,2.400
0503100000005720,B,5.19,1985,Pand in gebruik,,169,2.150,2.150,2.250,0.100,3357,-0.150,2.300
0503100000006635,B,48.38,1985,Pand in gebruik,woonfunctie,1615,5.750,8.250,8.250,2.500,2306,-0.150,8.400
0503100000005721,B,47.63,1985,Pand in gebruik,woonfunctie,1562,5.450,7.450,8.350,2.900,3371,-0.050,7.500
0503100000006636,B,47.77,1985,Pand in gebruik,woonfunctie,1588,5.450,7.350,8.450,3.000,3372,-0.150,7.500
0503100000005722,B,5.24,1985,Pand in gebruik,,180,2.350,2.450,2.550,0.200,2350,-0.050,2.500
0503100000006637,B,50.50,1985,Pand in gebruik,woonfunctie,1647,5.650,8.250,8.450,2.800,3202,-0.150,8.400
0503100000005723,B,6.72,1985,Pand in gebruik,,217,2.250,2.350,2.350,0.100,1745,-0.150,2.500
0503100000006638,B,10.39,1985,Pand in gebruik,,354,2.050,2.150,2.150,0.100,2612,-0.250,2.400
0503100000005724,B,47.79,1985,Pand in gebruik,woonfunctie,1578,5.450,7.350,8.450,3.000,3124,-0.150,7.500
0503100000006639,B,10.23,1985,Pand in gebruik,,316,2.050,2.150,2.150,0.100,2987,-0.250,2.400
0503100000006640,B,48.49,1985,Pand in gebruik,woonfunctie,1585,5.750,8.250,8.450,2.700,2284,-0.150,8.400
0503100000006641,B,47.65,1985,Pand in gebruik,woonfunctie,1598,5.450,7.350,8.350,2.900,4375,-0.250,7.600
0503100000006642,B,47.91,1985,Pand in gebruik,woonfunctie,1563,5.450,7.450,8.450,3.000,3320,-0.050,7.500
0503100000006643,B,48.07,1985,Pand in gebruik,woonfunctie,1596,5.350,7.450,8.350,3.000,3198,-0.150,7.600
0503100000005727,B,47.72,1985,Pand in gebruik,woonfunctie,1549,5.450,7.350,8.450,3.000,3185,-0.050,7.400
0503100000006644,B,16.00,1985,Pand in gebruik,,521,2.150,2.150,2.150,0.000,4704,-0.350,2.500
0503100000005728,B,48.20,1985,Pand in gebruik,woonfunctie,1606,5.250,5.550,5.650,0.400,4062,-0.150,5.700
0503100000006645,B,48.39,1985,Pand in gebruik,woonfunctie,1583,5.750,8.350,8.450,2.700,2524,-0.150,8.500
0503100000005729,B,5.83,1989,Pand in gebruik,,106,2.550,2.550,2.650,0.100,1570,0.050,2.500
0503100000006646,B,6.68,1988,Pand in gebruik,,113,2.050,2.150,2.150,0.100,1623,-0.350,2.500
0503100000006647,B,6.80,1988,Pand in gebruik,,115,1.950,1.950,1.950,0.000,1651,-0.350,2.300
0503100000006648,B,6.69,1988,Pand in gebruik,,108,2.150,2.150,2.150,0.000,1640,-0.350,2.500
0503100000006649,B,48.78,1988,Pand in gebruik,woonfunctie,820,6.450,8.250,8.350,1.900,1755,-0.150,8.400
0503100000006650,B,48.76,1988,Pand in gebruik,woonfunctie,796,6.450,8.250,8.950,2.500,1674,-0.150,8.400
0503100000006651,B,6.79,1988,Pand in gebruik,,108,1.950,2.050,2.050,0.100,1643,-0.350,2.400
0503100000006652,B,59.26,1988,Pand in gebruik,woonfunctie,967,4.950,8.250,8.350,3.400,2107,-0.050,8.300
0503100000006271,B,50.89,1969,Pand in gebruik,woonfunctie,1190,6.850,7.350,7.650,0.800,1359,-1.350,8.700
0503100000006274,B,8.62,1969,Pand in gebruik,,205,0.850,0.850,1.050,0.200,1269,-1.650,2.500
0503100000006275,B,7.44,1969,Pand in gebruik,,86,0.950,0.950,1.050,0.100,1494,-1.550,2.500
0503100000006276,B,7.44,1969,Pand in gebruik,,132,0.950,0.950,0.950,0.000,1509,-1.550,2.500
0503100000006277,B,7.46,1969,Pand in gebruik,,168,0.950,0.950,0.950,0.000,1557,-1.550,2.500
0503100000006278,B,5.87,1984,Pand in gebruik,,280,0.950,1.150,1.150,0.200,3090,-1.450,2.600
0503100000006279,B,5.71,1984,Pand in gebruik,,244,1.050,1.050,1.050,0.000,3222,-1.450,2.500
0503100000006280,B,52.60,1984,Pand in gebruik,woonfunctie,1428,4.150,5.750,6.650,2.500,3481,-1.450,7.200
0503100000006283,B,8.66,1969,Pand in gebruik,,210,0.850,0.850,0.850,0.000,1876,-1.550,2.400
0503100000006284,B,43.18,1984,Pand in gebruik,woonfunctie,1910,4.250,6.650,6.650,2.400,2802,-1.450,8.100
0503100000006285,B,45.00,1984,Pand in gebruik,woonfunctie,1535,4.350,5.950,6.650,2.300,2642,-1.550,7.500
0503100000006286,B,16.49,1984,Pand in gebruik,,786,0.950,0.950,1.050,0.100,4976,-1.450,2.400
0503100000006287,B,58.73,1984,Pand in gebruik,woonfunctie,2243,4.150,5.950,6.550,2.400,4783,-1.550,7.500
0503100000006288,B,43.19,1984,Pand in gebruik,woonfunctie,1068,4.350,6.350,6.550,2.200,2568,-1.450,7.800
0503100000006289,B,5.74,1984,Pand in gebruik,,276,0.950,0.950,0.950,0.000,2868,-1.450,2.400
0503100000006290,B,5.95,1984,Pand in gebruik,,282,0.850,0.850,0.950,0.100,3500,-1.450,2.300
0503100000006291,B,6.01,1984,Pand in gebruik,,288,0.850,0.950,0.950,0.100,3751,-1.450,2.400
0503100000006292,B,5.90,1984,Pand in gebruik,,286,0.950,0.950,0.950,0.000,3231,-1.450,2.400
0503100000006293,B,8.67,1969,Pand in gebruik,,216,0.850,0.850,0.850,0.000,1683,-1.550,2.400
0503100000006294,B,5.85,1984,Pand in gebruik,,292,0.850,0.850,0.950,0.100,4242,-1.450,2.300
0503100000005802,B,5.87,1989,Pand in gebruik,,104,2.550,2.650,2.650,0.100,1504,0.050,2.600
0503100000006295,B,43.10,1984,Pand in gebruik,woonfunctie,1111,4.350,6.550,6.750,2.400,2708,-1.450,8.000
0503100000005803,B,5.85,1989,Pand in gebruik,,94,2.550,2.650,2.650,0.100,1529,0.050,2.600
0503100000006296,B,43.10,1984,Pand in gebruik,woonfunctie,1060,4.350,6.450,6.550,2.200,2328,-1.450,7.900
0503100000005804,B,5.87,1989,Pand in gebruik,,101,2.550,2.550,2.650,0.100,1702,0.150,2.400
0503100000006297,B,42.99,1984,Pand in gebruik,woonfunctie,1031,4.350,6.450,6.550,2.200,2107,-1.550,8.000
0503100000005805,B,5.86,1989,Pand in gebruik,,101,2.550,2.550,2.650,0.100,1663,0.150,2.400
0503100000006298,B,9.06,1969,Pand in gebruik,,207,0.850,0.850,0.850,0.000,1866,-1.650,2.500
0503100000005806,B,5.92,1989,Pand in gebruik,,103,2.550,2.650,2.650,0.100,1528,0.050,2.600
0503100000006299,B,43.11,1984,Pand in gebruik,woonfunctie,1753,4.350,6.450,6.650,2.300,2654,-1.450,7.900
0503100000005807,B,5.85,1989,Pand in gebruik,,98,2.550,2.650,2.650,0.100,1768,0.050,2.600
0503100000006300,B,43.03,1984,Pand in gebruik,woonfunctie,1641,4.450,6.350,6.750,2.300,2611,-1.450,7.800
0503100000005808,B,5.85,1989,Pand in gebruik,,101,2.650,2.650,2.650,0.000,1616,0.150,2.500
0503100000006301,B,5.86,1984,Pand in gebruik,,284,0.950,0.950,0.950,0.000,4106,-1.450,2.400
0503100000005809,B,5.88,1989,Pand in gebruik,,105,2.650,2.650,2.650,0.000,1676,0.150,2.500
0503100000005810,B,5.88,1989,Pand in gebruik,,106,2.550,2.650,2.650,0.100,1303,0.150,2.500
0503100000005811,B,5.86,1989,Pand in gebruik,,100,2.550,2.650,2.650,0.100,1450,0.050,2.600
0503100000005812,B,5.89,1989,Pand in gebruik,,105,2.550,2.650,2.650,0.100,1455,0.150,2.500
0503100000005813,B,5.78,1989,Pand in gebruik,,100,2.550,2.650,2.650,0.100,1927,0.050,2.600
0503100000005814,B,47.27,1989,Pand in gebruik,woonfunctie,848,5.550,5.550,5.650,0.100,1434,-0.050,5.600
0503100000005815,B,5.76,1989,Pand in gebruik,,102,2.350,2.450,2.450,0.100,1082,-0.150,2.600
0503100000005816,B,47.10,1989,Pand in gebruik,woonfunctie,837,5.450,5.550,5.650,0.200,1546,-0.050,5.600
0503100000005817,B,47.09,1989,Pand in gebruik,woonfunctie,830,5.450,5.550,5.650,0.200,1388,-0.050,5.600
0503100000005824,B,5.84,1989,Pand in gebruik,,103,2.250,2.250,2.250,0.000,1248,-0.150,2.400
0503100000005826,B,5.84,1989,Pand in gebruik,,110,2.250,2.250,2.350,0.100,967,-0.150,2.400
0503100000005827,B,5.94,1989,Pand in gebruik,,104,2.350,2.350,2.350,0.000,1366,-0.050,2.400
0503100000005832,B,6.96,1989,Pand in gebruik,,118,2.250,2.350,2.350,0.100,1320,-0.150,2.500
0503100000006733,B,49.05,1988,Pand in gebruik,woonfunctie,839,6.750,8.150,8.250,1.500,1719,-0.050,8.200
0503100000006734,B,6.68,1988,Pand in gebruik,,127,2.050,2.150,2.150,0.100,1742,-0.350,2.500
0503100000006735,B,6.75,1988,Pand in gebruik,,119,2.050,2.050,2.050,0.000,1440,-0.350,2.400
0503100000006736,B,48.41,1988,Pand in gebruik,woonfunctie,804,6.850,8.250,8.350,1.500,1607,-0.050,8.300
0503100000006737,B,6.72,1988,Pand in gebruik,,123,2.150,2.150,2.150,0.000,1698,-0.250,2.400
0503100000006738,B,58.73,1988,Pand in gebruik,woonfunctie,979,5.050,8.250,8.250,3.200,2116,-0.150,8.400
0503100000006739,B,48.71,1988,Pand in gebruik,woonfunctie,843,6.550,8.150,8.250,1.700,1656,-0.150,8.300
0503100000006740,B,6.64,1988,Pand in gebruik,,118,2.050,2.050,2.150,0.100,1478,-0.350,2.400
0503100000006741,B,6.67,1988,Pand in gebruik,,117,2.150,2.150,2.150,0.000,1612,-0.350,2.500
0503100000006742,B,48.84,1988,Pand in gebruik,woonfunctie,838,6.650,8.150,8.250,1.600,1661,-0.150,8.300
0503100000006744,B,48.80,1988,Pand in gebruik,woonfunctie,855,7.850,8.150,8.250,0.400,1593,-0.150,8.300
0503100000006745,B,49.45,1988,Pand in gebruik,woonfunctie,855,6.650,8.150,8.250,1.600,1805,-0.150,8.300
0503100000006746,B,49.21,1988,Pand in gebruik,woonfunctie,881,7.850,8.150,8.250,0.400,1621,-0.150,8.300
0503100000006750,B,6.97,1988,Pand in gebruik,,126,2.250,2.250,2.250,0.000,1536,-0.150,2.400
0503100000006751,B,6.52,1988,Pand in gebruik,,116,2.250,2.250,2.250,0.000,1404,-0.150,2.400
0503100000006754,B,6.87,1988,Pand in gebruik,,124,2.250,2.250,2.450,0.200,1618,-0.150,2.400
0503100000006755,B,59.55,1988,Pand in gebruik,woonfunctie,1036,5.450,8.150,8.250,2.800,1628,-0.050,8.200
0503100000006756,B,58.32,1988,Pand in gebruik,woonfunctie,994,5.250,8.350,8.450,3.200,1757,-0.050,8.400
0503100000006757,B,48.67,1988,Pand in gebruik,woonfunctie,862,7.850,8.150,8.250,0.400,1579,-0.150,8.300
0503100000006759,B,6.64,1988,Pand in gebruik,,119,2.250,2.650,2.750,0.500,1716,-0.250,2.900
0503100000006760,B,6.64,1988,Pand in gebruik,,119,2.150,2.150,2.150,0.000,1658,-0.250,2.400
0503100000006761,B,6.72,1988,Pand in gebruik,,121,2.150,2.150,2.150,0.000,1728,-0.250,2.400
0503100000006376,B,43.11,1984,Pand in gebruik,woonfunctie,1034,4.450,6.350,6.550,2.100,2473,-1.450,7.800
0503100000006377,B,71.33,1984,Pand in gebruik,woonfunctie,1688,1.650,5.650,6.650,5.000,3889,-1.650,7.300
0503100000006378,B,43.06,1984,Pand in gebruik,woonfunctie,2086,4.350,6.550,6.650,2.300,2918,-1.450,8.000
0503100000006379,B,44.69,1984,Pand in gebruik,woonfunctie,1266,4.150,6.150,6.650,2.500,3031,-1.450,7.600
0503100000008956,B,81.05,1994,Pand in gebruik,winkelfunctie,1283,6.350,6.450,6.450,0.100,1801,0.050,6.400
0503100000006381,B,52.66,1984,Pand in gebruik,woonfunctie,2560,4.150,6.450,6.650,2.500,3864,-1.450,7.900
0503100000006382,B,5.91,1984,Pand in gebruik,,240,0.950,1.050,1.050,0.100,3287,-1.450,2.500
0503100000006383,B,5.57,1984,Pand in gebruik,,276,0.950,0.950,0.950,0.000,3784,-1.450,2.400
0503100000006385,B,5.73,1984,Pand in gebruik,,272,0.850,0.850,0.950,0.100,3238,-1.450,2.300
0503100000006386,B,5.75,1984,Pand in gebruik,,286,0.950,0.950,0.950,0.000,3842,-1.450,2.400
0503100000006387,B,65.93,1971,Pand in gebruik,woonfunctie,2748,4.650,6.450,7.250,2.600,4917,-1.450,7.900
0503100000006388,B,64.44,1971,Pand in gebruik,woonfunctie,2785,4.650,6.350,7.250,2.600,4530,-1.450,7.800
0503100000006389,B,44.69,1984,Pand in gebruik,woonfunctie,1913,4.350,6.350,6.550,2.200,5220,-1.550,7.900
0503100000006390,B,64.99,1971,Pand in gebruik,woonfunctie,2809,4.650,6.450,7.250,2.600,4743,-1.350,7.800
0503100000006391,B,66.23,1971,Pand in gebruik,woonfunctie,2786,4.650,6.350,7.250,2.600,6058,-1.550,7.900
0503100000006392,B,64.98,1971,Pand in gebruik,woonfunctie,2737,4.650,6.450,7.250,2.600,3987,-1.450,7.900
0503100000006393,B,5.85,1984,Pand in gebruik,,240,1.050,1.050,1.050,0.000,3843,-1.450,2.500
0503100000005914,B,47.89,1989,Pand in gebruik,woonfunctie,822,5.550,5.550,5.650,0.100,1497,0.050,5.500
0503100000006394,B,5.80,1984,Pand in gebruik,,235,1.050,1.050,1.050,0.000,3323,-1.450,2.500
0503100000005915,B,5.92,1989,Pand in gebruik,,102,2.350,2.350,2.650,0.300,1024,-0.150,2.500
0503100000006395,B,64.53,1971,Pand in gebruik,woonfunctie,2744,4.650,6.450,7.250,2.600,4582,-1.450,7.900
0503100000005916,B,5.86,1989,Pand in gebruik,,105,2.250,2.250,2.350,0.100,1193,-0.150,2.400
0503100000006396,B,64.43,1971,Pand in gebruik,woonfunctie,2736,4.650,6.350,7.250,2.600,4201,-1.450,7.800
0503100000006397,B,64.83,1971,Pand in gebruik,woonfunctie,2752,4.550,6.350,7.150,2.600,3858,-1.450,7.800
0503100000005917,B,5.87,1989,Pand in gebruik,,108,2.350,2.350,2.350,0.000,1260,-0.150,2.500
0503100000006398,B,64.48,1971,Pand in gebruik,woonfunctie,2673,4.650,6.450,7.250,2.600,4593,-1.450,7.900
0503100000005918,B,5.87,1989,Pand in gebruik,,101,2.350,2.350,2.350,0.000,1265,-0.050,2.400
0503100000006399,B,64.57,1971,Pand in gebruik,woonfunctie,2755,4.650,6.350,7.250,2.600,4311,-1.450,7.800
0503100000005919,B,47.13,1989,Pand in gebruik,woonfunctie,821,5.450,5.550,5.650,0.200,1564,-0.050,5.600
0503100000006400,B,64.73,1971,Pand in gebruik,woonfunctie,2787,4.750,6.850,7.250,2.500,4816,-1.350,8.200
0503100000006401,B,42.82,1984,Pand in gebruik,woonfunctie,1806,4.350,6.450,6.550,2.200,3395,-1.450,7.900
0503100000006402,B,64.50,1971,Pand in gebruik,woonfunctie,2768,4.650,6.350,7.250,2.600,4722,-1.450,7.800
0503100000006403,B,52.40,1984,Pand in gebruik,woonfunctie,2165,4.250,6.150,6.650,2.400,3820,-1.450,7.600
0503100000006404,B,5.94,1984,Pand in gebruik,,245,1.050,1.050,1.050,0.000,4179,-1.550,2.600
0503100000010459,B,6.12,1993,Pand in gebruik,,192,0.850,0.950,0.950,0.100,2574,-1.550,2.500
0503100000009001,B,54.91,1979,Pand in gebruik,woonfunctie,871,4.750,6.750,7.750,3.000,1227,-1.550,8.300
0503100000010462,B,64.64,1993,Pand in gebruik,woonfunctie,2137,4.250,6.850,6.850,2.600,3099,-1.550,8.400
0503100000009002,B,238.76,1991,Pand in gebruik,winkelfunctie,5810,2.050,2.250,2.750,0.700,4687,-1.650,3.900
0503100000010463,B,50.45,1993,Pand in gebruik,woonfunctie,1714,4.550,6.850,6.850,2.300,2555,-1.550,8.400
0503100000009003,A,54.93,1969,Pand in gebruik,woonfunctie,1727,7.050,7.050,7.150,0.100,1997,-1.450,8.500
0503100000010464,B,5.81,1993,Pand in gebruik,,197,0.750,0.750,0.750,0.000,2413,-1.550,2.300
0503100000009004,A,104.11,1969,Pand in gebruik,woonfunctie,2532,1.850,7.150,7.250,5.400,4750,-1.550,8.700
0503100000010465,B,6.15,1993,Pand in gebruik,,201,0.850,0.950,0.950,0.100,1820,-1.550,2.500
0503100000009005,A,55.02,1969,Pand in gebruik,woonfunctie,1493,8.950,10.150,10.750,1.800,1873,-1.450,11.600
0503100000010466,B,6.17,1993,Pand in gebruik,,178,0.850,0.850,0.950,0.100,2124,-1.550,2.400
0503100000009006,A,54.99,1969,Pand in gebruik,woonfunctie,2069,7.050,7.150,7.250,0.200,1836,-1.450,8.600
0503100000006841,B,49.46,1988,Pand in gebruik,woonfunctie,860,6.550,8.150,8.250,1.700,1786,-0.150,8.300
0503100000009007,A,55.00,1969,Pand in gebruik,woonfunctie,2211,7.050,7.050,7.050,0.000,2006,-1.450,8.500
0503100000010468,B,47.43,1993,Pand in gebruik,woonfunctie,1166,6.850,6.950,7.150,0.300,2368,-1.550,8.500
0503100000009008,A,71.74,1966,Pand in gebruik,overige gebruiksfunctie,3004,1.550,1.550,1.550,0.000,8208,-1.650,3.200
0503100000010469,B,60.26,1993,Pand in gebruik,woonfunctie,1089,2.550,6.850,6.850,4.300,3031,-1.550,8.400
0503100000010470,B,6.18,1993,Pand in gebruik,,194,0.850,0.850,0.950,0.100,1655,-1.550,2.400
0503100000006844,B,6.72,1988,Pand in gebruik,,120,2.150,2.250,2.250,0.100,1685,-0.250,2.500
0503100000010471,B,6.15,1993,Pand in gebruik,,142,0.850,0.850,0.950,0.100,1552,-1.550,2.400
0503100000009009,A,69.91,1969,Pand in gebruik,woonfunctie,1675,8.550,9.850,10.450,1.900,2969,-1.650,11.500
0503100000006845,B,6.70,1988,Pand in gebruik,,122,2.150,2.150,2.150,0.000,1729,-0.250,2.400
0503100000010472,B,60.84,1993,Pand in gebruik,woonfunctie,1296,6.750,6.850,6.850,0.100,2465,-1.550,8.400
0503100000009010,A,54.41,1969,Pand in gebruik,woonfunctie,1439,8.850,9.950,10.450,1.600,1604,-1.550,11.500
0503100000006846,B,48.57,1988,Pand in gebruik,woonfunctie,838,6.750,8.150,8.250,1.500,1304,-0.150,8.300
0503100000010473,B,6.20,1993,Pand in gebruik,,117,0.850,0.850,0.950,0.100,1569,-1.550,2.400
0503100000009011,A,54.81,1969,Pand in gebruik,woonfunctie,1462,8.750,9.950,10.550,1.800,1261,-1.450,11.400
0503100000006847,B,6.65,1988,Pand in gebruik,,110,2.150,2.150,2.150,0.000,1420,-0.150,2.300
0503100000010474,B,63.10,1993,Pand in gebruik,woonfunctie,1199,1.450,6.850,6.850,5.400,4045,-1.650,8.500
0503100000009012,A,56.46,1969,Pand in gebruik,woonfunctie,1479,8.750,9.950,10.450,1.700,2574,-1.750,11.700
0503100000006848,B,6.60,1988,Pand in gebruik,,119,2.250,2.250,2.250,0.000,1323,-0.150,2.400
0503100000010475,B,6.16,1993,Pand in gebruik,,193,0.850,0.850,0.950,0.100,2285,-1.550,2.400
0503100000009013,A,55.10,1969,Pand in gebruik,woonfunctie,1460,7.050,7.150,7.250,0.200,1499,-1.550,8.700
0503100000006849,B,50.26,1988,Pand in gebruik,woonfunctie,836,6.750,8.250,8.350,1.600,2067,-0.150,8.400
0503100000010476,B,6.16,1993,Pand in gebruik,,188,0.850,0.950,0.950,0.100,2138,-1.550,2.500
0503100000009014,A,55.03,1969,Pand in gebruik,woonfunctie,1492,8.750,9.950,10.550,1.800,1419,-1.550,11.500
0503100000010477,B,6.19,1993,Pand in gebruik,,166,0.850,0.950,0.950,0.100,1638,-1.550,2.500
0503100000009015,A,54.71,1969,Pand in gebruik,woonfunctie,1450,7.050,7.050,7.050,0.000,1538,-1.550,8.600
0503100000010478,B,6.14,1993,Pand in gebruik,,176,0.850,0.950,0.950,0.100,1711,-1.550,2.500
0503100000009016,A,54.92,1969,Pand in gebruik,woonfunctie,1457,8.950,10.050,10.550,1.600,1308,-1.450,11.500
0503100000010479,B,60.23,1993,Pand in gebruik,woonfunctie,1308,4.150,6.850,6.850,2.700,2304,-1.550,8.400
0503100000009017,A,56.12,1969,Pand in gebruik,woonfunctie,1494,7.050,7.150,7.350,0.300,2632,-1.650,8.800
0503100000010480,B,60.74,1993,Pand in gebruik,woonfunctie,1307,6.850,6.850,6.850,0.000,2626,-1.550,8.400
0503100000009018,A,55.06,1969,Pand in gebruik,woonfunctie,1453,6.950,6.950,7.050,0.100,1469,-1.550,8.500
0503100000010481,B,6.25,1993,Pand in gebruik,,139,0.850,0.950,0.950,0.100,1773,-1.550,2.500
0503100000006853,B,6.65,1988,Pand in gebruik,,112,2.250,2.250,2.250,0.000,1617,-0.150,2.400
0503100000009019,A,18.51,1967,Pand in gebruik,,462,0.950,1.250,1.350,0.400,3706,-1.750,3.000
0503100000006854,B,48.66,1988,Pand in gebruik,woonfunctie,831,6.750,8.250,8.250,1.500,1320,-0.050,8.300
0503100000010482,B,47.47,1993,Pand in gebruik,woonfunctie,894,4.250,6.850,6.950,2.700,2377,-1.550,8.400
0503100000009020,A,894.81,1967,Pand in gebruik,onderwijsfunctie,22333,2.250,2.350,2.350,0.100,14618,-1.750,4.100
0503100000006855,B,6.69,1988,Pand in gebruik,,120,2.150,2.150,2.150,0.000,1705,-0.250,2.400
0503100000010483,B,6.14,1993,Pand in gebruik,,199,0.850,0.850,0.950,0.100,2330,-1.550,2.400
0503100000009021,A,18.40,1966,Pand in gebruik,overige gebruiksfunctie,444,1.150,1.250,1.450,0.300,3345,-1.650,2.900
0503100000006856,B,6.62,1988,Pand in gebruik,,106,2.050,2.050,2.150,0.100,1365,-0.250,2.300
0503100000010484,B,60.02,1993,Pand in gebruik,woonfunctie,1324,6.850,6.950,7.050,0.200,2311,-1.650,8.600
0503100000010485,B,47.43,1993,Pand in gebruik,woonfunctie,1025,6.850,6.950,7.050,0.200,2048,-1.550,8.500
0503100000009022,A,583.31,1969,Pand in gebruik,onderwijsfunctie,14206,2.150,2.150,2.350,0.200,12653,-1.850,4.000
0503100000009023,B,150.09,1960,Pand in gebruik,woonfunctie,5340,12.650,12.650,12.650,0.000,6637,-0.150,12.800
0503100000010486,B,63.50,1993,Pand in gebruik,woonfunctie,1415,3.650,6.950,7.150,3.500,4207,-1.650,8.600
0503100000010487,B,60.11,1993,Pand in gebruik,woonfunctie,1071,4.150,6.850,6.850,2.700,2967,-1.550,8.400
0503100000010488,B,47.38,1993,Pand in gebruik,woonfunctie,1097,6.850,6.950,7.050,0.200,2095,-1.650,8.600
0503100000010489,B,6.21,1993,Pand in gebruik,,203,0.850,0.950,0.950,0.100,2362,-1.550,2.500
0503100000006862,B,1917.99,1987,Pand in gebruik,woonfunctie,31274,8.550,19.350,19.350,10.800,11213,0.150,19.200
0503100000010490,B,60.15,1993,Pand in gebruik,woonfunctie,1275,4.050,6.850,6.850,2.800,2248,-1.650,8.500
0503100000010003,B,73.54,1977,Pand in gebruik,woonfunctie,2579,3.850,6.450,7.250,3.400,4276,-1.550,8.000
0503100000010011,B,66.58,1977,Pand in gebruik,woonfunctie,2330,3.450,6.550,7.250,3.800,3428,-1.550,8.100
0503100000010012,B,67.02,1977,Pand in gebruik,woonfunctie,2341,3.550,6.550,7.250,3.700,3881,-1.550,8.100
0503100000010013,B,67.03,1977,Pand in gebruik,woonfunctie,2337,3.450,6.550,7.350,3.900,4173,-1.550,8.100
0503100000010016,B,7.23,1977,Pand in gebruik,,243,0.950,0.950,0.950,0.000,3083,-1.550,2.500
0503100000010021,B,53.17,1977,Pand in gebruik,woonfunctie,880,4.250,6.650,6.750,2.500,1217,-1.550,8.200
0503100000010022,B,7.80,1977,Pand in gebruik,,129,0.850,0.850,0.850,0.000,1029,-1.750,2.600
0503100000010023,B,8.13,1977,Pand in gebruik,,130,0.350,0.350,0.350,0.000,1257,-1.950,2.300
0503100000010024,B,8.11,1977,Pand in gebruik,,113,0.850,0.850,0.950,0.100,1633,-1.550,2.400
0503100000010025,B,52.09,1977,Pand in gebruik,woonfunctie,845,5.650,6.650,6.650,1.000,1246,-1.550,8.200
0503100000010027,B,8.16,1977,Pand in gebruik,,138,0.850,0.850,0.850,0.000,1387,-1.650,2.500
0503100000010028,B,62.57,1977,Pand in gebruik,woonfunctie,857,4.050,6.650,6.650,2.600,2308,-1.650,8.300
0503100000010029,B,53.89,1977,Pand in gebruik,woonfunctie,910,3.050,4.050,4.050,1.000,1911,-1.650,5.700
0503100000010030,B,53.37,1977,Pand in gebruik,woonfunctie,882,4.250,6.650,6.750,2.500,1192,-1.550,8.200
0503100000010031,B,50.65,1977,Pand in gebruik,woonfunctie,829,4.450,6.650,6.650,2.200,1387,-1.550,8.200
0503100000011440,B,71.26,1998,Pand in gebruik,woonfunctie,1561,5.050,7.150,7.250,2.200,4035,-1.450,8.600
0503100000011441,B,8.43,1969,Pand in gebruik,,416,0.850,0.850,0.850,0.000,3278,-1.850,2.700
0503100000011442,B,8.45,1969,Pand in gebruik,,412,0.850,0.850,0.850,0.000,3364,-1.850,2.700
0503100000011443,B,47.51,1969,Pand in gebruik,woonfunctie,1590,6.150,6.650,7.350,1.200,2515,-1.550,8.200
0503100000011444,B,47.75,1969,Pand in gebruik,woonfunctie,1994,5.350,6.650,7.450,2.100,2611,-1.650,8.300
0503100000011445,B,8.49,1969,Pand in gebruik,,207,0.850,0.850,0.850,0.000,1870,-1.850,2.700
0503100000011446,B,53.33,1969,Pand in gebruik,woonfunctie,2532,5.250,6.650,7.350,2.100,4136,-1.550,8.200
0503100000011447,B,64.75,1971,Pand in gebruik,woonfunctie,2773,4.550,6.350,7.150,2.600,4400,-1.550,7.900
0503100000011448,B,66.67,1971,Pand in gebruik,woonfunctie,2862,4.550,6.350,7.150,2.600,4888,-1.450,7.800
0503100000011449,B,64.64,1971,Pand in gebruik,woonfunctie,2708,4.650,6.350,7.150,2.500,4729,-1.450,7.800
0503100000011450,B,64.66,1971,Pand in gebruik,woonfunctie,2734,4.650,6.350,7.250,2.600,4178,-1.450,7.800
0503100000011451,B,81.21,1971,Pand in gebruik,woonfunctie,2876,4.550,6.350,7.250,2.700,7223,-1.550,7.900
0503100000011452,B,64.53,1971,Pand in gebruik,woonfunctie,2724,4.650,6.350,7.150,2.500,4278,-1.650,8.000
0503100000011453,B,64.65,1971,Pand in gebruik,woonfunctie,2728,4.650,6.350,7.150,2.500,4381,-1.550,7.900
0503100000011454,A,18.39,1966,Pand in gebruik,overige gebruiksfunctie,460,1.450,1.550,1.750,0.300,3113,-1.550,3.100
0503100000011455,A,6.83,1991,Pand in gebruik,,330,2.350,2.350,2.450,0.100,4452,-0.250,2.600
0503100000010976,B,171.31,1965,Pand in gebruik,woonfunctie,2966,14.350,14.350,14.350,0.000,1984,-0.050,14.400
0503100000011456,A,7.00,1991,Pand in gebruik,,324,2.350,2.350,2.450,0.100,4055,-0.350,2.700
0503100000010977,B,171.67,1965,Pand in gebruik,woonfunctie,2943,14.350,14.350,14.350,0.000,2276,0.050,14.300
0503100000011457,A,6.90,1991,Pand in gebruik,,345,2.350,2.450,2.450,0.100,4708,-0.250,2.700
0503100000010978,B,159.41,1960,Pand in gebruik,"overige gebruiksfunctie,woonfunctie",2868,12.850,12.950,12.950,0.100,2632,-0.650,13.600
0503100000011458,A,61.23,1991,Pand in gebruik,woonfunctie,2788,2.650,8.050,8.050,5.400,7395,-0.250,8.300
0503100000010979,B,25.69,1959,Pand in gebruik,overige gebruiksfunctie,442,2.850,2.850,2.950,0.100,1965,-0.150,3.000
0503100000011459,A,6.98,1991,Pand in gebruik,,361,2.350,2.350,2.450,0.100,4001,-0.250,2.600
0503100000010980,B,159.46,1960,Pand in gebruik,"overige gebruiksfunctie,woonfunctie",2831,12.850,12.950,12.950,0.100,2896,-0.550,13.500
0503100000010981,B,263.82,1966,Pand in gebruik,"overige gebruiksfunctie,woonfunctie",4621,2.550,8.350,8.650,6.100,3814,-0.350,8.700
0503100000010983,B,31.97,1961,Pand in gebruik,overige gebruiksfunctie,567,2.750,2.850,2.850,0.100,2164,-0.350,3.200
0503100000010984,B,174.54,1961,Pand in gebruik,woonfunctie,3132,9.750,9.950,10.050,0.300,2691,-0.350,10.300
0503100000010985,B,174.58,1961,Pand in gebruik,woonfunctie,3121,9.750,9.950,10.050,0.300,2669,-0.350,10.300
0503100000011474,B,7.95,1982,Pand in gebruik,,145,0.850,0.850,0.950,0.100,1465,-1.450,2.300
0503100000011483,B,7.95,1982,Pand in gebruik,,267,0.850,0.950,0.950,0.100,1692,-1.450,2.400
0503100000011954,B,5.74,1993,Pand in gebruik,,199,0.750,0.850,0.950,0.200,2224,-1.550,2.400
0503100000011956,B,49.50,1993,Pand in gebruik,woonfunctie,1653,6.750,6.850,6.850,0.100,2679,-1.550,8.400
0503100000011957,B,5.73,1993,Pand in gebruik,,199,0.750,0.950,1.050,0.300,2487,-1.550,2.500
0503100000011490,B,7.93,1982,Pand in gebruik,,264,0.850,0.850,0.850,0.000,1798,-1.550,2.400
0503100000010566,B,6.23,1993,Pand in gebruik,,212,0.850,0.950,0.950,0.100,1823,-1.550,2.500
0503100000010567,B,6.05,1993,Pand in gebruik,,156,0.850,0.850,0.950,0.100,1821,-1.550,2.400
0503100000011962,B,6.14,1993,Pand in gebruik,,202,0.850,0.850,0.850,0.000,2359,-1.550,2.400
0503100000010568,B,13.13,1998,Pand in gebruik,,273,1.250,1.350,2.950,1.700,2167,-0.750,2.100
0503100000011963,B,50.62,1993,Pand in gebruik,woonfunctie,1767,6.750,6.850,7.050,0.300,2138,-1.550,8.400
0503100000011964,B,49.91,1993,Pand in gebruik,woonfunctie,1707,6.850,6.950,7.050,0.200,2672,-1.550,8.500
0503100000011965,B,49.42,1993,Pand in gebruik,woonfunctie,1679,6.850,6.950,7.050,0.200,2263,-1.550,8.500
0503100000010570,B,8.63,1998,Pand in gebruik,,201,1.050,1.050,1.150,0.100,1536,-1.450,2.500
0503100000010571,B,52.47,1998,Pand in gebruik,woonfunctie,1145,6.950,7.050,7.050,0.100,1392,-1.350,8.400
0503100000011966,B,50.46,1993,Pand in gebruik,woonfunctie,1698,4.250,6.950,7.250,3.000,2771,-1.550,8.500
0503100000010112,B,50.57,1977,Pand in gebruik,woonfunctie,796,4.350,6.650,6.850,2.500,1479,-1.550,8.200
0503100000010572,B,93.20,1998,Pand in gebruik,woonfunctie,2211,4.050,6.850,6.950,2.900,1801,-1.650,8.500
0503100000010113,B,8.09,1977,Pand in gebruik,,113,0.350,0.350,0.450,0.100,1139,-1.950,2.300
0503100000011969,B,59.85,1993,Pand in gebruik,woonfunctie,1979,4.250,6.850,6.850,2.600,2507,-1.550,8.400
0503100000010114,B,8.13,1977,Pand in gebruik,,128,0.850,0.850,0.850,0.000,1226,-1.650,2.500
0503100000010573,B,74.42,1998,Pand in gebruik,woonfunctie,1764,6.750,6.750,6.750,0.000,1895,-1.650,8.400
0503100000010115,B,8.06,1977,Pand in gebruik,,125,0.750,0.750,0.750,0.000,1485,-1.750,2.500
0503100000011971,B,5.73,1993,Pand in gebruik,,203,0.750,0.750,0.750,0.000,2249,-1.550,2.300
0503100000010116,B,6.68,1977,Pand in gebruik,,99,0.850,0.850,0.850,0.000,1308,-1.650,2.500
0503100000011972,B,50.44,1993,Pand in gebruik,woonfunctie,1717,4.450,6.850,6.850,2.400,2396,-1.550,8.400
0503100000010117,B,7.73,1977,Pand in gebruik,,121,0.850,0.850,0.850,0.000,1007,-1.750,2.600
0503100000010574,B,74.45,1998,Pand in gebruik,woonfunctie,1735,6.750,6.850,6.950,0.200,1072,-1.750,8.600
0503100000010118,B,7.95,1977,Pand in gebruik,,137,0.850,0.850,0.850,0.000,1020,-1.750,2.600
0503100000010119,B,6.61,1977,Pand in gebruik,,107,0.850,0.850,0.950,0.100,1394,-1.650,2.500
0503100000010575,B,74.45,1998,Pand in gebruik,woonfunctie,1756,6.750,6.850,6.950,0.200,1642,-1.750,8.600
0503100000010120,B,8.13,1977,Pand in gebruik,,111,0.850,0.850,0.950,0.100,1543,-1.550,2.400
0503100000010121,B,52.13,1977,Pand in gebruik,woonfunctie,843,5.650,6.750,6.850,1.200,1275,-1.450,8.200
0503100000010576,B,13.15,1998,Pand in gebruik,,259,1.350,2.650,2.850,1.500,2364,-0.850,3.500
0503100000010122,B,8.37,1977,Pand in gebruik,,139,0.850,0.850,0.850,0.000,1584,-1.650,2.500
0503100000010123,B,8.26,1977,Pand in gebruik,,133,0.750,0.750,0.750,0.000,1331,-1.750,2.500
0503100000010124,B,8.06,1977,Pand in gebruik,,129,0.850,0.850,0.850,0.000,1488,-1.750,2.600
0503100000010577,B,76.49,1998,Pand in gebruik,woonfunctie,1802,6.750,6.850,6.950,0.200,1972,-1.650,8.500
0503100000010125,B,54.92,1977,Pand in gebruik,woonfunctie,909,4.250,6.650,6.650,2.400,1918,-1.650,8.300
0503100000010126,B,408.95,1977,Pand in gebruik,woonfunctie,6483,5.650,7.050,7.050,1.400,6943,-1.550,8.600
0503100000010578,B,74.43,1998,Pand in gebruik,woonfunctie,1773,6.750,6.850,6.950,0.200,1800,-1.750,8.600
0503100000010127,B,51.88,1977,Pand in gebruik,woonfunctie,806,4.150,6.650,6.650,2.500,1520,-1.550,8.200
0503100000010579,B,8.87,1998,Pand in gebruik,,178,1.050,1.050,1.150,0.100,1115,-1.350,2.400
0503100000010128,B,6.91,1977,Pand in gebruik,,107,0.350,0.350,0.350,0.000,1249,-2.050,2.400
0503100000010580,B,9.73,1998,Pand in gebruik,,213,1.050,1.150,1.150,0.100,1367,-1.350,2.500
0503100000010129,B,6.77,1977,Pand in gebruik,,106,0.350,0.350,0.350,0.000,982,-2.050,2.400
0503100000010130,B,8.18,1977,Pand in gebruik,,131,0.750,0.750,0.750,0.000,1471,-1.750,2.500
0503100000010131,B,8.26,1977,Pand in gebruik,,138,0.850,0.850,0.850,0.000,1503,-1.650,2.500
0503100000010132,B,7.92,1977,Pand in gebruik,,127,0.850,0.850,0.850,0.000,1085,-1.750,2.600
0503100000010581,B,92.66,1998,Pand in gebruik,woonfunctie,2158,4.050,6.850,6.850,2.800,1853,-1.750,8.600
0503100000010133,B,8.30,1977,Pand in gebruik,,135,0.850,0.850,0.950,0.100,1282,-1.550,2.400
0503100000010134,B,52.50,1977,Pand in gebruik,woonfunctie,868,4.950,6.050,6.550,1.600,1303,-1.450,7.500
0503100000010582,B,74.42,1998,Pand in gebruik,woonfunctie,1751,6.750,6.950,7.050,0.300,1739,-1.750,8.700
0503100000010135,B,6.72,1977,Pand in gebruik,,104,0.350,0.350,0.350,0.000,1048,-1.950,2.300
0503100000010583,B,7.42,1969,Pand in gebruik,,171,0.950,0.950,0.950,0.000,1535,-1.550,2.500
0503100000010136,B,52.19,1977,Pand in gebruik,woonfunctie,894,5.950,6.750,6.850,0.900,1204,-1.550,8.300
0503100000010584,B,7.42,1969,Pand in gebruik,,156,0.950,0.950,0.950,0.000,1661,-1.550,2.500
0503100000010137,B,51.78,1977,Pand in gebruik,woonfunctie,851,3.950,4.050,4.150,0.200,2017,-1.550,5.600
0503100000010585,B,50.57,1969,Pand in gebruik,woonfunctie,1135,6.950,7.450,7.650,0.700,1730,-1.350,8.800
0503100000010138,B,8.43,1977,Pand in gebruik,,130,0.850,0.850,0.850,0.000,1758,-1.650,2.500
0503100000010586,B,8.99,1969,Pand in gebruik,,206,0.850,0.850,0.950,0.100,1557,-1.950,2.800
0503100000010587,B,50.94,1969,Pand in gebruik,woonfunctie,1150,6.950,7.450,7.650,0.700,1117,-1.250,8.700
0503100000010588,B,7.42,1969,Pand in gebruik,,105,0.950,0.950,0.950,0.000,1296,-1.550,2.500
0503100000010589,B,7.42,1969,Pand in gebruik,,172,0.950,0.950,0.950,0.000,1093,-1.550,2.500
0503100000010590,B,63.43,1969,Pand in gebruik,woonfunctie,1441,1.550,7.350,7.650,6.100,1948,-1.350,8.700
0503100000010591,B,63.56,1969,Pand in gebruik,woonfunctie,1442,1.550,7.350,7.650,6.100,2445,-1.450,8.800
0503100000010144,B,7.95,1982,Pand in gebruik,,268,0.850,0.850,0.850,0.000,3096,-1.650,2.500
0503100000010592,B,7.44,1969,Pand in gebruik,woonfunctie,177,0.950,0.950,0.950,0.000,1108,-1.550,2.500
0503100000010145,B,68.39,1977,Pand in gebruik,woonfunctie,2282,3.650,5.950,7.050,3.400,6676,-1.650,7.600
0503100000010593,B,50.81,1969,Pand in gebruik,woonfunctie,1165,6.950,7.450,7.650,0.700,1285,-1.250,8.700
0503100000010594,B,63.39,1969,Pand in gebruik,woonfunctie,1443,1.550,7.350,7.650,6.100,1615,-1.350,8.700
0503100000010148,B,64.46,1977,Pand in gebruik,woonfunctie,2166,3.850,6.050,7.050,3.200,3283,-1.550,7.600
0503100000010595,B,7.39,1969,Pand in gebruik,,175,0.950,0.950,0.950,0.000,1896,-1.550,2.500
0503100000008848,A,62.25,1969,Pand in gebruik,woonfunctie,3096,7.050,7.050,7.150,0.100,3457,-1.550,8.600
0503100000010596,B,7.44,1969,Pand in gebruik,,174,0.950,0.950,0.950,0.000,1375,-1.550,2.500
0503100000010150,B,66.52,1982,Pand in gebruik,woonfunctie,2245,4.150,6.650,7.750,3.600,4223,-1.750,8.400
0503100000008849,A,29.09,1964,Pand in gebruik,overige gebruiksfunctie,1427,1.250,1.250,1.450,0.200,7429,-1.750,3.000
0503100000010151,B,7.96,1982,Pand in gebruik,,266,0.850,0.850,0.850,0.000,3118,-1.750,2.600
0503100000010152,B,64.42,1977,Pand in gebruik,woonfunctie,2221,3.650,5.950,6.950,3.300,3510,-1.550,7.500
0503100000008850,A,422.91,1967,Pand in gebruik,sportfunctie,13425,2.650,5.650,5.650,3.000,13157,-0.650,6.300
0503100000008851,A,17.62,1970,Pand in gebruik,overige gebruiksfunctie,551,2.350,2.350,2.350,0.000,1716,-0.250,2.600
0503100000008852,A,18.00,1970,Pand in gebruik,overige gebruiksfunctie,570,2.350,2.350,2.350,0.000,2783,-0.250,2.600
0503100000010155,B,55.18,1982,Pand in gebruik,woonfunctie,1918,4.850,6.750,7.850,3.000,2536,-1.550,8.300
0503100000010156,B,7.96,1982,Pand in gebruik,,263,0.850,0.850,0.850,0.000,2547,-1.650,2.500
0503100000008853,A,16.46,1970,Pand in gebruik,overige gebruiksfunctie,479,2.850,2.850,2.850,0.000,1552,-0.250,3.100
0503100000010157,B,61.72,1992,Pand in gebruik,bijeenkomstfunctie,2080,1.250,1.850,2.150,0.900,7328,-2.050,3.900
0503100000008854,A,16.54,1970,Pand in gebruik,overige gebruiksfunctie,515,2.250,2.350,2.350,0.100,1097,-0.250,2.600
0503100000010158,B,7.98,1982,Pand in gebruik,,269,0.850,0.850,0.850,0.000,2836,-1.550,2.400
0503100000010159,B,55.16,1982,Pand in gebruik,woonfunctie,1849,4.550,6.850,7.950,3.400,2884,-1.550,8.400
0503100000008855,A,16.42,1970,Pand in gebruik,overige gebruiksfunctie,465,2.850,2.850,2.850,0.000,1892,-0.250,3.100
0503100000010160,B,7.95,1982,Pand in gebruik,,274,0.850,0.850,0.850,0.000,2900,-1.650,2.500
0503100000008856,A,24.77,1970,Pand in gebruik,overige gebruiksfunctie,791,2.250,2.350,2.350,0.100,1305,-0.250,2.600
0503100000010161,B,7.95,1982,Pand in gebruik,,263,0.850,0.850,0.850,0.000,2767,-1.650,2.500
0503100000008857,A,17.57,1970,Pand in gebruik,overige gebruiksfunctie,565,2.250,2.350,2.350,0.100,1681,-0.250,2.600
0503100000008858,A,24.12,1961,Pand in gebruik,overige gebruiksfunctie,786,2.750,2.750,2.850,0.100,4777,-0.250,3.000
0503100000010162,B,58.22,1982,Pand in gebruik,woonfunctie,1974,4.750,6.850,7.850,3.100,3324,-1.550,8.400
0503100000008859,A,17.62,1970,Pand in gebruik,overige gebruiksfunctie,555,2.350,2.350,2.350,0.000,1674,-0.250,2.600
0503100000008860,A,18.89,1970,Pand in gebruik,overige gebruiksfunctie,582,2.350,2.350,2.350,0.000,3582,-0.250,2.600
0503100000010163,B,9.79,1982,Pand in gebruik,,175,0.850,0.850,0.850,0.000,3583,-1.650,2.500
0503100000010164,B,55.08,1982,Pand in gebruik,woonfunctie,1874,4.850,6.850,7.950,3.100,2979,-1.550,8.400
0503100000010165,B,7.95,1982,Pand in gebruik,,261,0.850,0.850,0.850,0.000,2537,-1.650,2.500
0503100000008861,A,16.53,1970,Pand in gebruik,overige gebruiksfunctie,488,2.850,2.850,2.850,0.000,1542,-0.250,3.100
0503100000010166,B,7.98,1982,Pand in gebruik,,164,0.850,0.850,0.850,0.000,2495,-1.550,2.400
0503100000010167,B,55.07,1982,Pand in gebruik,woonfunctie,1851,4.650,6.750,7.850,3.200,2807,-1.550,8.300
0503100000008862,A,16.41,1970,Pand in gebruik,overige gebruiksfunctie,475,2.750,2.850,2.850,0.100,1547,-0.250,3.100
0503100000010168,B,7.98,1982,Pand in gebruik,,174,0.850,0.850,0.850,0.000,2876,-1.650,2.500
0503100000008863,A,16.53,1970,Pand in gebruik,overige gebruiksfunctie,489,2.850,2.850,2.850,0.000,1554,-0.250,3.100
0503100000008864,A,25.77,1970,Pand in gebruik,overige gebruiksfunctie,811,2.250,2.350,2.350,0.100,2432,-0.250,2.600
0503100000008865,A,17.25,1970,Pand in gebruik,overige gebruiksfunctie,561,2.350,2.350,2.350,0.000,1407,-0.250,2.600
0503100000008866,A,17.26,1970,Pand in gebruik,overige gebruiksfunctie,552,2.250,2.350,2.350,0.100,1470,-0.250,2.600
0503100000008867,A,17.49,1970,Pand in gebruik,overige gebruiksfunctie,554,2.250,2.350,2.350,0.100,1666,-0.250,2.600
0503100000008868,A,18.98,1970,Pand in gebruik,overige gebruiksfunctie,600,2.350,2.350,2.350,0.000,3586,-0.250,2.600
0503100000008869,A,18.98,1970,Pand in gebruik,overige gebruiksfunctie,596,2.350,2.350,2.350,0.000,3566,-0.250,2.600
0503100000012022,B,39.34,1962,Pand in gebruik,overige gebruiksfunctie,676,1.650,1.750,1.750,0.100,1489,-0.850,2.600
0503100000008870,A,16.47,1970,Pand in gebruik,overige gebruiksfunctie,481,2.750,2.850,2.850,0.100,1542,-0.250,3.100
0503100000008871,A,17.64,1970,Pand in gebruik,overige gebruiksfunctie,564,2.350,2.350,2.350,0.000,2489,-0.250,2.600
0503100000011548,A,6.95,1991,Pand in gebruik,,332,2.450,2.650,2.750,0.300,4399,-0.250,2.900
0503100000008872,A,17.19,1970,Pand in gebruik,overige gebruiksfunctie,553,2.250,2.350,2.350,0.100,1623,-0.250,2.600
0503100000011549,A,47.29,1991,Pand in gebruik,woonfunctie,2267,5.350,8.050,8.050,2.700,4828,-0.250,8.300
0503100000012023,B,16.47,2001,Pand in gebruik,,246,2.050,2.250,2.250,0.200,1345,-0.450,2.700
0503100000008873,B,133.26,1994,Pand in gebruik,industriefunctie,2095,5.550,5.650,5.750,0.200,625,0.050,5.600
0503100000011550,A,47.34,1991,Pand in gebruik,woonfunctie,2271,5.450,8.050,8.050,2.600,4896,-0.250,8.300
0503100000012024,B,184.59,1961,Pand in gebruik,woonfunctie,3370,12.650,12.850,12.850,0.200,3230,-0.250,13.100
0503100000008874,B,133.31,1994,Pand in gebruik,industriefunctie,2097,5.450,5.550,5.550,0.100,720,0.050,5.500
0503100000011551,A,6.93,1991,Pand in gebruik,,349,2.350,2.350,2.350,0.000,4019,-0.250,2.600
0503100000008875,B,133.35,1994,Pand in gebruik,industriefunctie,2113,5.450,5.550,5.650,0.200,723,0.050,5.500
0503100000011552,A,678.24,1963,Pand in gebruik,woonfunctie,34574,14.150,14.150,14.250,0.100,24360,-0.050,14.200
0503100000011553,A,47.25,1991,Pand in gebruik,woonfunctie,2264,5.350,8.050,8.050,2.700,4726,-0.250,8.300
0503100000011554,A,47.39,1991,Pand in gebruik,woonfunctie,2232,5.350,8.050,8.050,2.700,4505,-0.250,8.300
0503100000008876,B,80.83,1994,Pand in gebruik,gezondheidszorgfunctie,1219,6.350,6.450,6.650,0.300,1485,0.050,6.400
0503100000008877,B,81.30,1994,Pand in gebruik,winkelfunctie,1310,6.350,6.450,6.550,0.200,1833,0.050,6.400
0503100000008880,A,154.89,1968,Pand in gebruik,winkelfunctie,5072,3.450,3.550,3.550,0.100,5181,-0.150,3.700
0503100000008881,A,73.93,1989,Pand in gebruik,bijeenkomstfunctie,1166,3.550,3.650,3.750,0.200,3684,-0.250,3.900
0503100000012033,B,8.12,1931,Pand in gebruik,,89,2.350,2.450,2.550,0.200,1179,-0.050,2.500
0503100000008882,B,150.16,1960,Pand in gebruik,woonfunctie,2799,12.650,12.650,12.650,0.000,2898,-0.250,12.900
0503100000008883,B,12.59,1930,Pand in gebruik,,221,2.450,2.550,2.650,0.200,1617,-0.050,2.600
0503100000008884,B,149.85,1960,Pand in gebruik,woonfunctie,5464,12.650,12.650,12.650,0.000,5235,-0.150,12.800
0503100000012037,B,16.43,1933,Pand in gebruik,,269,2.350,2.550,2.550,0.200,1082,-0.050,2.600
0503100000008885,B,149.87,1960,Pand in gebruik,woonfunctie,4660,12.650,12.650,12.650,0.000,4713,-0.150,12.800
0503100000008886,B,149.86,1960,Pand in gebruik,woonfunctie,3196,12.650,12.650,12.650,0.000,5947,-0.150,12.800
0503100000008887,B,149.83,1960,Pand in gebruik,woonfunctie,5498,12.650,12.650,12.650,0.000,6720,-0.150,12.800
0503100000011562,A,16.89,1961,Pand in gebruik,overige gebruiksfunctie,559,2.050,2.050,2.050,0.000,3204,-0.450,2.500
0503100000008888,B,150.11,1960,Pand in gebruik,woonfunctie,3166,12.650,12.650,12.650,0.000,3371,-0.150,12.800
0503100000011563,A,16.79,1961,Pand in gebruik,overige gebruiksfunctie,559,2.050,2.050,2.050,0.000,3309,-0.450,2.500
0503100000011564,A,16.72,1961,Pand in gebruik,overige gebruiksfunctie,308,1.950,2.050,2.050,0.100,2532,-0.550,2.600
0503100000008889,B,12.28,1931,Pand in gebruik,,444,2.450,2.550,2.550,0.100,3202,-0.150,2.700
0503100000011565,A,16.77,1961,Pand in gebruik,overige gebruiksfunctie,530,2.050,2.050,2.050,0.000,2791,-0.550,2.600
0503100000012044,B,16.86,1933,Pand in gebruik,,176,2.350,2.450,2.550,0.200,893,-0.050,2.500
0503100000012045,B,17.15,1933,Pand in gebruik,,268,2.350,2.550,2.550,0.200,1120,-0.050,2.600
0503100000011566,A,16.89,1961,Pand in gebruik,overige gebruiksfunctie,581,2.050,2.050,2.050,0.000,3014,-0.550,2.600
0503100000012046,B,17.18,1933,Pand in gebruik,,286,2.350,2.550,2.550,0.200,1136,-0.150,2.700
0503100000011567,A,16.88,1961,Pand in gebruik,overige gebruiksfunctie,593,2.050,2.050,2.050,0.000,3201,-0.450,2.500
0503100000012047,B,16.69,1933,Pand in gebruik,,270,2.350,2.550,2.550,0.200,1123,-0.150,2.700
0503100000011568,A,10.39,1961,Pand in gebruik,overige gebruiksfunctie,199,2.350,2.450,2.650,0.300,2268,-0.550,3.000
0503100000011569,A,18.03,1961,Pand in gebruik,overige gebruiksfunctie,154,2.050,2.050,2.050,0.000,1379,-0.450,2.500
0503100000011570,A,16.86,1961,Pand in gebruik,overige gebruiksfunctie,219,2.050,2.050,2.050,0.000,1690,-0.550,2.600
0503100000011571,A,16.89,1961,Pand in gebruik,overige gebruiksfunctie,302,2.050,2.050,2.050,0.000,1920,-0.550,2.600
0503100000008893,B,76.51,1931,Pand in gebruik,woonfunctie,2654,8.450,10.450,11.550,3.100,5988,0.050,10.400
0503100000011572,A,17.03,1961,Pand in gebruik,overige gebruiksfunctie,317,2.050,2.050,2.050,0.000,2369,-0.550,2.600
0503100000012053,B,5.51,1993,Pand in gebruik,,169,0.850,0.950,0.950,0.100,3172,-1.550,2.500
0503100000008896,B,19.43,1994,Pand in gebruik,overige gebruiksfunctie,706,2.350,2.350,2.350,0.000,3710,-0.150,2.500
0503100000012056,B,5.45,1993,Pand in gebruik,,187,0.850,0.950,0.950,0.100,2703,-1.550,2.500
0503100000011578,B,7.93,1982,Pand in gebruik,,164,0.850,0.850,0.950,0.100,1585,-1.450,2.300
0503100000012058,B,50.46,1993,Pand in gebruik,woonfunctie,1704,4.350,6.950,7.050,2.700,2417,-1.550,8.500
0503100000012059,B,51.06,1993,Pand in gebruik,woonfunctie,1752,4.350,6.850,6.850,2.500,2325,-1.550,8.400
0503100000012062,B,6.20,1993,Pand in gebruik,,154,0.850,0.950,0.950,0.100,2259,-1.550,2.500
0503100000011581,B,7.95,1982,Pand in gebruik,,240,0.850,1.050,1.250,0.400,1836,-1.550,2.600
0503100000012064,B,49.47,1993,Pand in gebruik,woonfunctie,1658,6.850,6.950,7.050,0.200,2284,-1.550,8.500
0503100000012065,B,5.76,1993,Pand in gebruik,,197,0.750,0.750,0.750,0.000,2195,-1.550,2.300
0503100000012068,B,6.22,1993,Pand in gebruik,,219,0.850,0.950,0.950,0.100,2634,-1.550,2.500
0503100000012070,B,5.51,1993,Pand in gebruik,,198,0.850,0.950,0.950,0.100,2869,-1.550,2.500
0503100000012071,B,66.41,1993,Pand in gebruik,woonfunctie,2194,6.850,6.950,7.050,0.200,4770,-1.650,8.600
0503100000008904,B,64.24,1977,Pand in gebruik,woonfunctie,2185,3.750,6.650,7.050,3.300,3755,-1.450,8.100
0503100000012072,B,53.00,1993,Pand in gebruik,woonfunctie,1819,6.850,6.850,6.950,0.100,4280,-1.650,8.500
0503100000008905,B,64.34,1977,Pand in gebruik,woonfunctie,2208,3.750,6.050,7.050,3.300,3593,-1.450,7.500
0503100000011590,B,7.96,1982,Pand in gebruik,,259,0.850,0.850,0.850,0.000,1732,-1.450,2.300
0503100000008906,B,88.51,1980,Pand in gebruik,,1474,0.750,1.050,1.250,0.500,3512,-2.050,3.100
0503100000012074,B,5.65,1993,Pand in gebruik,,195,0.750,0.750,0.750,0.000,2406,-1.550,2.300
0503100000011591,B,7.93,1982,Pand in gebruik,,286,0.850,0.850,0.850,0.000,2233,-1.450,2.300
0503100000012075,B,59.70,1993,Pand in gebruik,woonfunctie,1901,4.350,6.950,7.050,2.700,2782,-1.550,8.500
0503100000008907,B,6.60,1979,Pand in gebruik,,145,0.850,0.850,0.850,0.000,2056,-1.550,2.400
0503100000008908,B,6.62,1979,Pand in gebruik,,148,0.850,0.850,0.850,0.000,1612,-1.650,2.500
0503100000008909,B,6.47,1979,Pand in gebruik,,154,0.850,0.850,0.850,0.000,1485,-1.650,2.500
0503100000008910,B,54.75,1979,Pand in gebruik,woonfunctie,1302,4.750,6.850,7.850,3.100,1723,-1.550,8.400
0503100000008911,B,6.65,1979,Pand in gebruik,,159,0.750,0.850,0.850,0.100,1355,-1.750,2.600
0503100000008912,B,6.72,1979,Pand in gebruik,,87,0.850,0.950,1.050,0.200,1247,-1.750,2.700
0503100000011597,B,7.93,1982,Pand in gebruik,,238,0.850,0.850,0.850,0.000,1749,-1.450,2.300
0503100000008913,B,56.25,1979,Pand in gebruik,woonfunctie,1329,4.750,6.950,7.850,3.100,2807,-1.550,8.500
0503100000008914,B,6.49,1979,Pand in gebruik,,150,0.850,0.850,0.850,0.000,1462,-1.750,2.600
0503100000012083,B,51.04,1993,Pand in gebruik,woonfunctie,1697,4.250,6.850,6.850,2.600,2265,-1.550,8.400
0503100000008915,B,54.90,1979,Pand in gebruik,woonfunctie,902,4.750,6.650,7.750,3.000,1535,-1.550,8.200
0503100000008916,B,6.64,1979,Pand in gebruik,,152,0.850,0.850,0.850,0.000,1823,-1.650,2.500
0503100000008917,B,54.50,1979,Pand in gebruik,woonfunctie,827,4.650,6.850,7.750,3.100,1435,-1.550,8.400
0503100000011601,B,55.60,1982,Pand in gebruik,woonfunctie,1033,4.550,6.750,7.850,3.300,3449,-1.650,8.400
0503100000008918,B,54.86,1979,Pand in gebruik,woonfunctie,1287,4.850,6.850,7.850,3.000,1978,-1.550,8.400
0503100000008919,B,54.63,1979,Pand in gebruik,woonfunctie,1316,4.850,6.850,7.750,2.900,1901,-1.550,8.400
0503100000008920,B,95.68,1979,Pand in gebruik,woonfunctie,1689,2.350,6.450,7.350,5.000,1838,-1.650,8.100
0503100000010224,B,6.97,1977,Pand in gebruik,,113,0.850,0.850,0.850,0.000,1777,-1.650,2.500
0503100000008921,B,6.50,1979,Pand in gebruik,,149,0.850,0.850,0.850,0.000,1842,-1.650,2.500
0503100000010225,B,8.29,1977,Pand in gebruik,,126,0.850,0.950,0.950,0.100,1737,-1.650,2.600
0503100000008922,B,6.69,1979,Pand in gebruik,,158,0.850,0.850,0.950,0.100,1774,-1.650,2.500
0503100000008923,B,6.54,1979,Pand in gebruik,,149,0.850,0.850,0.850,0.000,2020,-1.550,2.400
0503100000010226,B,53.18,1977,Pand in gebruik,woonfunctie,860,4.950,6.050,6.550,1.600,1319,-1.450,7.500
0503100000011115,B,24.99,1981,Pand in gebruik,,829,1.050,1.050,1.050,0.000,3405,-1.550,2.600
0503100000008924,B,54.95,1979,Pand in gebruik,woonfunctie,1294,4.750,6.750,7.750,3.000,2057,-1.550,8.300
0503100000010227,B,50.48,1977,Pand in gebruik,woonfunctie,798,4.350,6.650,6.650,2.300,1278,-1.550,8.200
0503100000008925,B,56.53,1979,Pand in gebruik,woonfunctie,1260,5.050,6.950,7.750,2.700,1413,-1.550,8.500
0503100000010228,B,8.12,1977,Pand in gebruik,,127,0.850,0.850,0.850,0.000,1228,-1.550,2.400
0503100000008926,B,6.50,1979,Pand in gebruik,,139,0.850,0.850,0.850,0.000,1766,-1.650,2.500
0503100000010229,B,51.75,1977,Pand in gebruik,woonfunctie,864,3.950,4.050,4.150,0.200,1823,-1.650,5.700
0503100000008927,B,54.71,1979,Pand in gebruik,woonfunctie,864,4.750,6.750,7.750,3.000,1331,-1.550,8.300
0503100000010230,B,50.43,1977,Pand in gebruik,woonfunctie,833,3.950,4.050,4.150,0.200,1605,-1.650,5.700
0503100000010231,B,8.26,1977,Pand in gebruik,,128,0.750,0.750,0.850,0.100,1250,-1.750,2.500
0503100000010232,B,53.23,1977,Pand in gebruik,woonfunctie,852,5.150,6.250,6.650,1.500,1294,-1.450,7.700
0503100000010233,B,53.14,1977,Pand in gebruik,woonfunctie,853,4.750,6.650,6.650,1.900,1276,-1.550,8.200
0503100000010234,B,52.05,1977,Pand in gebruik,woonfunctie,811,4.750,6.750,6.850,2.100,1328,-1.650,8.400
0503100000010235,B,50.88,1977,Pand in gebruik,woonfunctie,799,4.650,6.650,6.650,2.000,1373,-1.550,8.200
0503100000010236,B,6.69,1979,Pand in gebruik,,104,0.750,0.750,0.850,0.100,1326,-1.750,2.500
0503100000010237,B,6.73,1977,Pand in gebruik,,103,0.850,0.850,0.950,0.100,1339,-1.550,2.400
0503100000010238,B,54.85,1977,Pand in gebruik,woonfunctie,841,4.050,4.050,4.050,0.000,1763,-1.650,5.700
0503100000010239,B,6.75,1977,Pand in gebruik,,109,0.850,0.850,0.950,0.100,1342,-1.550,2.400
0503100000010240,B,53.07,1977,Pand in gebruik,woonfunctie,855,5.050,6.050,6.450,1.400,1551,-1.550,7.600
0503100000010241,B,7.96,1977,Pand in gebruik,,120,0.750,0.750,0.850,0.100,786,-1.750,2.500
0503100000010242,B,53.89,1977,Pand in gebruik,woonfunctie,820,2.950,4.050,4.050,1.100,2200,-1.650,5.700
0503100000011131,B,7.97,1985,Pand in gebruik,,273,0.850,0.850,0.850,0.000,3237,-1.650,2.500
0503100000010243,B,54.04,1977,Pand in gebruik,woonfunctie,836,4.050,4.050,4.050,0.000,1668,-1.650,5.700
0503100000011132,B,5.76,1993,Pand in gebruik,,190,0.750,0.750,0.750,0.000,2693,-1.650,2.400
0503100000010244,B,6.76,1977,Pand in gebruik,,100,0.850,0.850,0.950,0.100,1082,-1.550,2.400
0503100000011133,B,7.95,1982,Pand in gebruik,,281,0.850,0.850,0.850,0.000,3225,-1.550,2.400
0503100000010245,B,53.38,1977,Pand in gebruik,woonfunctie,823,4.750,6.650,6.850,2.100,1819,-1.550,8.200
0503100000011134,B,7.99,1985,Pand in gebruik,,267,0.850,0.850,0.950,0.100,3324,-1.650,2.500
0503100000010246,B,8.02,1977,Pand in gebruik,,126,0.850,0.850,1.050,0.200,1359,-1.650,2.500
0503100000011135,B,49.53,1993,Pand in gebruik,woonfunctie,1651,6.850,6.950,7.050,0.200,2618,-1.550,8.500
0503100000010247,B,54.16,1977,Pand in gebruik,woonfunctie,843,3.050,4.150,4.250,1.200,1585,-1.550,5.700
0503100000011136,B,7.97,1985,Pand in gebruik,,265,0.850,0.850,0.950,0.100,2995,-1.750,2.600
0503100000010248,B,8.46,1977,Pand in gebruik,,134,0.850,0.850,0.850,0.000,1130,-1.650,2.500
0503100000011137,B,42.48,1985,Pand in gebruik,woonfunctie,1474,5.550,7.250,8.050,2.500,2777,-1.650,8.900
0503100000010249,B,6.92,1977,Pand in gebruik,,105,0.850,0.850,0.950,0.100,975,-1.650,2.500
0503100000010250,B,6.92,1977,Pand in gebruik,,104,0.850,0.850,0.850,0.000,1189,-1.450,2.300
0503100000010251,B,51.86,1977,Pand in gebruik,woonfunctie,789,4.950,6.650,6.850,1.900,1410,-1.550,8.200
0503100000010252,B,7.98,1982,Pand in gebruik,,262,0.850,1.050,1.150,0.300,2822,-1.550,2.600
0503100000010253,B,55.09,1982,Pand in gebruik,woonfunctie,1869,4.650,6.750,7.850,3.200,2730,-1.550,8.300
0503100000010254,B,7.98,1982,Pand in gebruik,,261,0.750,0.850,0.850,0.100,2633,-1.550,2.400
0503100000010255,B,7.95,1982,Pand in gebruik,,260,0.850,0.850,0.850,0.000,2760,-1.650,2.500
0503100000010256,B,7.96,1982,Pand in gebruik,,278,0.850,0.850,0.850,0.000,2817,-1.650,2.500
0503100000010257,B,74.37,1981,Pand in gebruik,,1337,1.450,1.950,2.250,0.800,4899,-1.550,3.500
0503100000010258,B,160.74,1979,Pand in gebruik,"bijeenkomstfunctie,industriefunctie",4582,2.550,4.250,5.150,2.600,7780,-1.950,6.200
0503100000010259,B,41.56,1980,Pand in gebruik,bijeenkomstfunctie,1348,1.350,2.150,2.550,1.200,4446,-2.050,4.200
0503100000010667,B,7.46,1969,Pand in gebruik,,167,0.950,0.950,0.950,0.000,1649,-1.550,2.500
0503100000010260,A,235.72,1970,Pand in gebruik,industriefunctie,14888,3.950,4.050,4.050,0.100,21928,-1.550,5.600
0503100000010668,B,52.02,1969,Pand in gebruik,woonfunctie,1220,6.950,7.350,7.650,0.700,3086,-1.550,8.900
0503100000010669,B,7.44,1969,Pand in gebruik,,171,0.950,0.950,0.950,0.000,1430,-1.550,2.500
0503100000010670,B,66.41,1969,Pand in gebruik,woonfunctie,1530,1.550,7.350,7.650,6.100,1955,-1.350,8.700
0503100000010672,B,7.44,1969,Pand in gebruik,,84,0.950,0.950,0.950,0.000,1116,-1.550,2.500
0503100000010264,A,18.44,1966,Pand in gebruik,overige gebruiksfunctie,793,1.450,1.450,1.650,0.200,4423,-1.950,3.400
0503100000010265,A,53.37,1969,Pand in gebruik,woonfunctie,4628,6.950,6.950,6.950,0.000,4769,-1.550,8.500
0503100000010673,B,66.42,1969,Pand in gebruik,woonfunctie,1503,1.550,7.350,7.650,6.100,1693,-1.450,8.800
0503100000010674,B,50.65,1969,Pand in gebruik,woonfunctie,1192,6.950,7.450,7.650,0.700,1194,-1.350,8.800
0503100000010266,A,62.02,1969,Pand in gebruik,woonfunctie,3912,8.850,10.050,10.650,1.800,4458,-1.550,11.600
0503100000010267,A,54.11,1969,Pand in gebruik,woonfunctie,2684,7.050,7.050,7.150,0.100,6219,-1.650,8.700
0503100000010675,B,72.53,1969,Pand in gebruik,woonfunctie,1686,1.850,6.550,7.250,5.400,2986,-1.550,8.100
0503100000010268,A,53.52,1969,Pand in gebruik,woonfunctie,3127,9.050,10.250,10.850,1.800,3820,-1.550,11.800
0503100000010676,B,61.88,1969,Pand in gebruik,woonfunctie,1436,4.650,6.550,7.250,2.600,2138,-1.550,8.100
0503100000010269,A,12.04,1989,Pand in gebruik,,596,1.550,1.550,1.550,0.000,4817,-1.550,3.100
0503100000010677,B,7.39,1969,Pand in gebruik,,176,0.950,0.950,0.950,0.000,1566,-1.550,2.500
0503100000010270,A,54.94,1969,Pand in gebruik,woonfunctie,4446,6.950,6.950,7.050,0.100,7080,-1.550,8.500
0503100000010678,B,8.69,1969,Pand in gebruik,,432,0.850,0.850,0.850,0.000,2897,-1.750,2.600
0503100000010271,A,54.89,1969,Pand in gebruik,woonfunctie,2807,7.050,7.050,7.050,0.000,1983,-1.650,8.700
0503100000010679,B,8.74,1969,Pand in gebruik,,211,0.850,0.850,0.850,0.000,2200,-1.650,2.500
0503100000010680,B,8.65,1969,Pand in gebruik,,422,0.850,0.850,0.850,0.000,3233,-1.750,2.600
0503100000010272,A,98.43,1969,Pand in gebruik,"gezondheidszorgfunctie,woonfunctie",3880,8.150,9.650,10.350,2.200,5409,-1.550,11.200
0503100000010681,B,8.68,1969,Pand in gebruik,,450,0.850,0.850,0.850,0.000,3226,-1.850,2.700
0503100000010273,A,54.93,1969,Pand in gebruik,woonfunctie,2966,8.750,9.950,10.450,1.700,2982,-1.550,11.500
0503100000010682,B,48.86,1969,Pand in gebruik,woonfunctie,1185,5.350,6.650,7.350,2.000,2099,-1.750,8.400
0503100000010274,A,55.01,1969,Pand in gebruik,woonfunctie,2922,8.750,9.850,10.450,1.700,3084,-1.550,11.400
0503100000010683,B,8.70,1969,Pand in gebruik,,424,0.750,0.850,0.850,0.100,3090,-1.750,2.600
0503100000010275,A,56.62,1969,Pand in gebruik,woonfunctie,1705,7.050,7.050,7.050,0.000,2906,-1.650,8.700
0503100000010684,B,9.03,1969,Pand in gebruik,,373,0.850,0.850,0.950,0.100,3709,-1.650,2.500
0503100000010685,B,48.31,1969,Pand in gebruik,woonfunctie,2376,5.250,6.650,7.350,2.100,2490,-1.650,8.300
0503100000010276,A,62.26,1969,Pand in gebruik,woonfunctie,1495,8.750,9.850,10.450,1.700,1504,-1.450,11.300
0503100000012601,B,55.06,1996,Pand in gebruik,woonfunctie,865,6.350,6.850,7.050,0.700,1419,0.650,6.200
0503100000010686,B,47.30,1969,Pand in gebruik,woonfunctie,2322,5.350,6.650,7.350,2.000,3098,-1.650,8.300
0503100000010277,A,56.22,1969,Pand in gebruik,woonfunctie,1478,7.050,7.050,7.050,0.000,2648,-1.550,8.600
0503100000010687,B,8.87,1969,Pand in gebruik,,348,0.750,0.850,0.850,0.100,3374,-1.850,2.700
0503100000010278,A,54.90,1969,Pand in gebruik,woonfunctie,2930,7.050,7.250,7.250,0.200,2653,-1.650,8.900
0503100000010688,B,75.21,1969,Pand in gebruik,woonfunctie,3542,1.550,6.550,7.250,5.700,5109,-1.550,8.100
0503100000010279,A,54.86,1969,Pand in gebruik,woonfunctie,2648,7.050,7.050,7.050,0.000,2652,-1.650,8.700
0503100000010689,B,8.73,1969,Pand in gebruik,,414,0.750,0.850,0.850,0.100,2742,-1.950,2.800
0503100000012605,B,55.04,1996,Pand in gebruik,woonfunctie,926,7.350,9.050,9.150,1.800,1283,0.650,8.400
0503100000012969,B,68.35,1977,Pand in gebruik,woonfunctie,1726,3.750,6.250,7.350,3.600,3548,-1.150,7.400
0503100000010690,B,17.41,1969,Pand in gebruik,,666,0.750,0.850,0.850,0.100,3569,-1.950,2.800
0503100000012970,B,9.09,1993,Pand in gebruik,,229,0.950,1.250,2.450,1.500,2223,-1.250,2.500
0503100000010691,B,8.72,1969,Pand in gebruik,,202,0.850,0.850,0.850,0.000,1453,-1.650,2.500
0503100000010281,A,56.49,1969,Pand in gebruik,woonfunctie,2852,6.950,6.950,6.950,0.000,4069,-1.750,8.700
0503100000010692,B,52.80,1969,Pand in gebruik,woonfunctie,1314,5.050,6.550,7.350,2.300,2517,-1.550,8.100
0503100000010693,B,8.72,1969,Pand in gebruik,,270,0.750,0.750,0.850,0.100,2495,-1.650,2.400
0503100000010694,B,8.49,1969,Pand in gebruik,,364,0.750,0.750,0.750,0.000,2799,-1.750,2.500
0503100000010695,B,61.55,1969,Pand in gebruik,woonfunctie,2250,4.050,6.650,7.050,3.000,4169,-1.650,8.300
0503100000012975,B,64.34,1977,Pand in gebruik,woonfunctie,1563,4.050,6.450,7.450,3.400,2432,-1.050,7.500
0503100000012976,B,8.95,1977,Pand in gebruik,,235,1.050,1.150,1.250,0.200,1761,-1.250,2.400
0503100000012977,B,52.47,1979,Pand in gebruik,woonfunctie,1330,4.050,5.350,6.050,2.000,2420,-1.250,6.600
0503100000012978,B,60.94,1977,Pand in gebruik,woonfunctie,1558,4.450,6.350,7.250,2.800,2910,-1.250,7.600
0503100000012979,B,51.18,1977,Pand in gebruik,woonfunctie,1290,4.050,5.150,5.950,1.900,2033,-1.150,6.300
0503100000012980,B,53.85,1977,Pand in gebruik,woonfunctie,1408,3.950,5.150,5.950,2.000,2692,-1.250,6.400
0503100000012981,B,57.90,1977,Pand in gebruik,woonfunctie,1454,4.450,6.450,7.250,2.800,2194,-1.250,7.700
0503100000012982,B,68.49,1977,Pand in gebruik,woonfunctie,1704,3.750,6.350,7.450,3.700,3064,-1.050,7.400
0503100000012621,B,55.06,1996,Pand in gebruik,woonfunctie,823,6.450,6.850,7.150,0.700,1406,0.650,6.200
0503100000012983,B,7.21,1977,Pand in gebruik,,181,1.150,1.150,1.250,0.100,1786,-1.250,2.400
0503100000012984,B,8.85,1977,Pand in gebruik,,211,1.150,1.250,1.350,0.200,1319,-1.250,2.500
0503100000012985,B,72.36,1977,Pand in gebruik,woonfunctie,1801,3.750,6.750,7.250,3.500,4249,-1.250,8.000
0503100000012986,B,57.69,1977,Pand in gebruik,woonfunctie,1465,4.550,6.750,7.250,2.700,2329,-1.250,8.000
0503100000012987,B,58.00,1977,Pand in gebruik,woonfunctie,1469,4.550,6.850,7.350,2.800,2173,-1.250,8.100
0503100000012988,B,57.73,1977,Pand in gebruik,woonfunctie,1456,4.450,6.850,7.350,2.900,2252,-1.250,8.100
0503100000012139,B,16.79,1933,Pand in gebruik,,193,2.350,2.450,2.550,0.200,879,-0.150,2.600
0503100000012989,B,53.82,1979,Pand in gebruik,woonfunctie,1302,3.950,5.350,6.050,2.100,3268,-1.350,6.700
0503100000012990,B,52.04,1979,Pand in gebruik,woonfunctie,1301,4.050,5.250,6.050,2.000,2225,-1.150,6.400
0503100000012991,B,7.39,1977,Pand in gebruik,,190,1.150,1.150,1.150,0.000,1735,-1.250,2.400
0503100000011657,A,16.80,1961,Pand in gebruik,overige gebruiksfunctie,553,2.050,2.050,2.050,0.000,3329,-0.450,2.500
0503100000011658,A,16.86,1961,Pand in gebruik,overige gebruiksfunctie,592,2.050,2.050,2.050,0.000,3256,-0.550,2.600
0503100000011659,B,383.43,1966,Pand in gebruik,woonfunctie,6974,14.150,14.150,14.150,0.000,1446,-0.150,14.300
0503100000011660,B,156.91,1960,Pand in gebruik,woonfunctie,2928,12.850,12.850,12.850,0.000,3154,-0.150,13.000
0503100000011661,B,166.29,1960,Pand in gebruik,woonfunctie,3027,12.750,12.850,12.850,0.100,3022,-0.050,12.900
0503100000011662,B,156.88,1960,Pand in gebruik,woonfunctie,2845,12.850,12.850,12.850,0.000,2914,-0.050,12.900
0503100000012649,B,7.25,1977,Pand in gebruik,,168,1.250,1.250,1.250,0.000,1664,-1.150,2.400
0503100000011663,B,166.29,1960,Pand in gebruik,woonfunctie,2999,12.750,12.850,12.850,0.100,3073,-0.050,12.900
0503100000012650,B,50.06,1977,Pand in gebruik,woonfunctie,1267,4.050,5.150,5.950,1.900,1872,-1.050,6.200
0503100000011664,B,166.29,1960,Pand in gebruik,woonfunctie,3034,12.750,12.750,12.850,0.100,3803,-0.050,12.800
0503100000012652,B,66.83,1977,Pand in gebruik,woonfunctie,1640,4.250,6.550,7.550,3.300,2630,-1.150,7.700
0503100000011665,B,182.95,1961,Pand in gebruik,woonfunctie,3194,12.650,12.850,12.950,0.300,3002,-0.150,13.000
0503100000012653,B,53.76,1977,Pand in gebruik,woonfunctie,1325,3.950,5.250,6.050,2.100,2762,-1.050,6.300
0503100000012654,B,7.27,1977,Pand in gebruik,,184,1.250,1.250,1.350,0.100,1555,-1.050,2.300
0503100000012655,B,7.00,1977,Pand in gebruik,,170,1.250,1.250,1.250,0.000,1829,-1.150,2.400
0503100000011667,B,174.04,1961,Pand in gebruik,woonfunctie,3149,12.650,12.850,12.950,0.300,2353,-0.150,13.000
0503100000011668,B,174.08,1961,Pand in gebruik,woonfunctie,3071,12.650,12.850,12.950,0.300,2142,-0.250,13.100
0503100000011683,B,7.95,1982,Pand in gebruik,,205,0.850,0.850,0.850,0.000,1465,-1.450,2.300
0503100000011684,B,7.93,1982,Pand in gebruik,,185,0.850,0.950,0.950,0.100,1503,-1.450,2.400
0503100000011199,B,5.73,1993,Pand in gebruik,,206,0.750,0.750,0.750,0.000,3013,-1.650,2.400
0503100000011200,B,49.14,1993,Pand in gebruik,woonfunctie,1739,4.150,6.850,6.850,2.700,2501,-1.650,8.500
0503100000011201,B,5.66,1993,Pand in gebruik,,197,0.750,0.750,0.750,0.000,2843,-1.750,2.500
0503100000011690,B,7.97,1982,Pand in gebruik,,265,0.950,0.950,0.950,0.000,2909,-1.650,2.600
0503100000011202,B,5.78,1993,Pand in gebruik,,209,0.750,0.750,0.750,0.000,2711,-1.650,2.400
0503100000011691,B,7.97,1982,Pand in gebruik,,268,0.950,0.950,0.950,0.000,2709,-1.550,2.500
0503100000011203,B,49.59,1993,Pand in gebruik,woonfunctie,1667,6.850,7.050,7.150,0.300,2558,-1.550,8.600
0503100000011692,B,7.98,1982,Pand in gebruik,,260,0.850,0.850,0.850,0.000,1583,-1.550,2.400
0503100000011204,B,49.76,1993,Pand in gebruik,woonfunctie,1755,6.850,6.950,6.950,0.100,2554,-1.650,8.600
0503100000011693,B,55.06,1982,Pand in gebruik,woonfunctie,1886,4.850,6.850,7.850,3.000,3927,-1.750,8.600
0503100000011205,B,7.98,1985,Pand in gebruik,,269,0.850,0.850,0.850,0.000,2898,-1.650,2.500
0503100000011694,B,55.54,1982,Pand in gebruik,woonfunctie,1871,4.950,6.950,7.950,3.000,3387,-1.750,8.700
0503100000011206,B,55.28,1985,Pand in gebruik,woonfunctie,1936,4.650,6.750,7.850,3.200,2805,-1.550,8.300
0503100000011695,B,24.99,1981,Pand in gebruik,,842,0.950,0.950,0.950,0.000,2808,-1.650,2.600
0503100000011207,B,7.95,1982,Pand in gebruik,,259,0.850,0.850,0.850,0.000,2867,-1.550,2.400
0503100000011696,B,7.98,1982,Pand in gebruik,,257,0.850,0.850,0.850,0.000,2231,-1.550,2.400
0503100000011208,B,7.94,1982,Pand in gebruik,,279,0.850,0.850,0.850,0.000,3058,-1.550,2.400
0503100000011697,B,7.89,1982,Pand in gebruik,,269,0.850,0.950,0.950,0.100,2493,-1.550,2.500
0503100000011209,B,50.14,1993,Pand in gebruik,woonfunctie,1784,4.150,6.750,6.850,2.700,2437,-1.650,8.400
0503100000011698,B,7.98,1982,Pand in gebruik,,280,0.950,0.950,0.950,0.000,2841,-1.650,2.600
0503100000011210,B,7.98,1985,Pand in gebruik,,271,0.850,0.850,0.850,0.000,3439,-1.650,2.500
0503100000010341,B,52.02,1977,Pand in gebruik,woonfunctie,824,5.050,6.150,6.650,1.600,1384,-1.550,7.700
0503100000011699,B,45.01,1985,Pand in gebruik,woonfunctie,1551,5.350,7.050,7.950,2.600,3267,-1.650,8.700
0503100000011211,B,49.38,1993,Pand in gebruik,woonfunctie,1624,6.750,6.850,6.850,0.100,2569,-1.550,8.400
0503100000010342,B,6.89,1977,Pand in gebruik,,105,2.350,3.150,3.750,1.400,895,-1.650,4.800
0503100000011700,B,8.00,1982,Pand in gebruik,,260,0.850,0.850,0.850,0.000,2472,-1.550,2.400
0503100000011212,B,5.71,1993,Pand in gebruik,,195,0.750,0.750,0.750,0.000,2758,-1.650,2.400
0503100000010343,B,8.28,1977,Pand in gebruik,,129,0.850,0.950,0.950,0.100,1301,-1.650,2.600
0503100000011213,B,49.69,1993,Pand in gebruik,woonfunctie,1640,6.850,6.950,7.050,0.200,2433,-1.550,8.500
0503100000010344,B,54.55,1977,Pand in gebruik,woonfunctie,866,3.750,4.050,4.150,0.400,1975,-1.750,5.800
0503100000011701,B,52.34,1982,Pand in gebruik,woonfunctie,1821,5.350,6.950,7.950,2.600,3007,-1.550,8.500
0503100000010345,B,51.93,1977,Pand in gebruik,woonfunctie,773,4.850,6.650,6.750,1.900,1442,-1.550,8.200
0503100000011702,B,16.79,1981,Pand in gebruik,,546,0.950,0.950,1.050,0.100,2623,-1.550,2.500
0503100000011214,B,7.94,1982,Pand in gebruik,,267,0.850,0.850,0.950,0.100,3063,-1.750,2.600
0503100000010346,B,52.80,1977,Pand in gebruik,woonfunctie,793,4.850,6.750,6.850,2.000,1424,-1.650,8.400
0503100000011703,B,7.97,1982,Pand in gebruik,,278,0.850,0.850,0.850,0.000,2532,-1.450,2.300
0503100000011215,B,8.88,2005,Pand in gebruik,overige gebruiksfunctie,312,0.950,0.950,0.950,0.000,4388,-1.850,2.800
0503100000010347,B,53.32,1977,Pand in gebruik,woonfunctie,823,4.950,6.650,6.750,1.800,1436,-1.650,8.300
0503100000011704,B,7.98,1982,Pand in gebruik,,269,0.950,0.950,0.950,0.000,2678,-1.550,2.500
0503100000011216,B,7.98,1985,Pand in gebruik,,285,0.850,0.850,0.850,0.000,3205,-1.650,2.500
0503100000010348,B,52.10,1977,Pand in gebruik,woonfunctie,810,4.750,6.650,6.750,2.000,1370,-1.650,8.300
0503100000011705,B,8.00,1982,Pand in gebruik,,283,0.850,0.950,0.950,0.100,2466,-1.550,2.500
0503100000010349,B,54.01,1977,Pand in gebruik,woonfunctie,831,4.850,6.650,6.650,1.800,1293,-1.550,8.200
0503100000011217,B,5.71,1993,Pand in gebruik,,195,0.750,0.750,0.750,0.000,2424,-1.650,2.400
0503100000011706,B,25.03,1981,Pand in gebruik,,825,0.950,0.950,1.050,0.100,2995,-1.550,2.500
0503100000010350,B,8.18,1977,Pand in gebruik,,130,0.850,0.850,0.850,0.000,1077,-1.550,2.400
0503100000011218,B,5.69,1993,Pand in gebruik,,195,0.750,0.750,0.950,0.200,2458,-1.650,2.400
0503100000011707,B,44.84,1982,Pand in gebruik,woonfunctie,1598,6.550,7.050,7.950,1.400,3441,-1.650,8.700
0503100000010351,B,8.28,1977,Pand in gebruik,,119,0.850,0.850,0.950,0.100,1499,-1.650,2.500
0503100000011219,B,5.84,1993,Pand in gebruik,,212,0.750,0.750,0.850,0.100,2467,-1.650,2.400
0503100000011708,B,7.97,1982,Pand in gebruik,,264,0.850,0.850,0.850,0.000,2985,-1.550,2.400
0503100000010352,B,6.89,1977,Pand in gebruik,,108,2.550,3.650,4.150,1.600,1185,-1.650,5.300
0503100000011220,B,5.78,1993,Pand in gebruik,,201,0.750,0.750,0.750,0.000,2643,-1.750,2.500
0503100000011709,B,7.97,1982,Pand in gebruik,,272,0.950,0.950,0.950,0.000,2136,-1.550,2.500
0503100000010353,B,6.85,1977,Pand in gebruik,,104,2.550,3.550,4.150,1.600,1038,-1.650,5.200
0503100000011221,B,55.04,1985,Pand in gebruik,woonfunctie,1908,4.750,6.850,7.950,3.200,3083,-1.550,8.400
0503100000011710,B,7.97,1982,Pand in gebruik,,261,0.850,0.850,0.850,0.000,1841,-1.550,2.400
0503100000010354,B,8.06,1977,Pand in gebruik,,118,0.750,0.850,0.850,0.100,1337,-1.750,2.600
0503100000011222,B,6.15,1993,Pand in gebruik,,144,0.950,0.950,0.950,0.000,1414,-1.550,2.500
0503100000011711,B,52.31,1982,Pand in gebruik,woonfunctie,1771,4.750,6.950,7.950,3.200,2855,-1.550,8.500
0503100000010355,B,53.08,1977,Pand in gebruik,woonfunctie,836,4.050,4.050,4.050,0.000,1263,-1.650,5.700
0503100000011223,B,6.29,1993,Pand in gebruik,,145,0.950,0.950,0.950,0.000,1582,-1.550,2.500
0503100000011712,B,7.98,1982,Pand in gebruik,,285,0.850,0.950,0.950,0.100,2876,-1.650,2.600
0503100000010356,B,8.07,1977,Pand in gebruik,,125,0.850,0.850,0.950,0.100,1160,-1.550,2.400
0503100000011224,B,63.69,1993,Pand in gebruik,woonfunctie,1650,6.850,7.050,7.050,0.200,4666,-1.650,8.700
0503100000010357,B,8.09,1977,Pand in gebruik,,117,0.850,0.850,0.850,0.000,1585,-1.650,2.500
0503100000011713,B,7.97,1982,Pand in gebruik,,272,0.850,0.850,0.850,0.000,2526,-1.450,2.300
0503100000011225,B,6.18,1993,Pand in gebruik,,138,0.950,0.950,0.950,0.000,1660,-1.650,2.600
0503100000010358,B,54.07,1977,Pand in gebruik,woonfunctie,845,4.750,6.750,6.750,2.000,1429,-1.650,8.400
0503100000011714,B,52.26,1982,Pand in gebruik,woonfunctie,1826,4.950,6.750,7.850,2.900,2759,-1.550,8.300
0503100000011226,B,6.18,1993,Pand in gebruik,,132,0.850,0.950,0.950,0.100,1562,-1.550,2.500
0503100000010359,B,7.89,1977,Pand in gebruik,,120,0.750,0.750,0.850,0.100,916,-1.750,2.500
0503100000011227,B,6.11,1993,Pand in gebruik,,142,0.850,0.950,0.950,0.100,1549,-1.550,2.500
0503100000011715,B,52.38,1982,Pand in gebruik,woonfunctie,1813,5.050,6.850,7.850,2.800,2737,-1.550,8.400
0503100000010360,B,6.58,1977,Pand in gebruik,,117,2.350,3.550,4.050,1.700,894,-1.550,5.100
0503100000011228,B,6.13,1993,Pand in gebruik,,141,0.850,0.850,0.950,0.100,1553,-1.550,2.400
0503100000010361,B,6.75,1977,Pand in gebruik,,86,0.850,0.850,0.850,0.000,1071,-1.550,2.400
0503100000011229,B,6.07,1993,Pand in gebruik,,140,0.950,0.950,0.950,0.000,1541,-1.550,2.500
0503100000010362,B,6.55,1977,Pand in gebruik,,99,2.450,3.450,4.050,1.600,1022,-1.650,5.100
0503100000011230,B,6.12,1993,Pand in gebruik,,143,0.950,0.950,0.950,0.000,1425,-1.550,2.500
0503100000010363,B,6.56,1977,Pand in gebruik,,106,2.550,3.550,4.050,1.500,844,-1.550,5.100
0503100000011231,B,6.07,1993,Pand in gebruik,,127,0.950,0.950,0.950,0.000,1476,-1.550,2.500
0503100000010364,A,61.83,1969,Pand in gebruik,woonfunctie,2641,8.750,9.950,10.550,1.800,2979,-1.450,11.400
0503100000010365,A,76.35,1969,Pand in gebruik,woonfunctie,3431,8.550,9.950,10.550,2.000,4733,-1.550,11.500
0503100000010366,A,71.00,1969,Pand in gebruik,woonfunctie,3387,7.050,7.050,7.050,0.000,5672,-1.750,8.800
0503100000010367,A,54.78,1969,Pand in gebruik,woonfunctie,2554,8.850,9.950,10.450,1.600,2952,-1.550,11.500
0503100000010368,A,56.44,1969,Pand in gebruik,woonfunctie,2467,7.050,7.150,7.250,0.200,3659,-1.550,8.700
0503100000010369,A,63.76,1969,Pand in gebruik,woonfunctie,2769,8.650,9.950,10.550,1.900,3873,-1.550,11.500
0503100000010370,A,61.91,1969,Pand in gebruik,woonfunctie,2954,8.850,9.950,10.550,1.700,3135,-1.550,11.500
0503100000010371,A,55.01,1969,Pand in gebruik,woonfunctie,2834,7.050,7.150,7.250,0.200,2097,-1.650,8.800
0503100000010372,A,56.55,1969,Pand in gebruik,woonfunctie,2944,6.950,6.950,7.050,0.100,4982,-1.750,8.700
0503100000010373,A,54.66,1969,Pand in gebruik,woonfunctie,1322,7.050,7.050,7.050,0.000,1598,-1.550,8.600
0503100000010374,A,54.96,1969,Pand in gebruik,woonfunctie,2828,7.050,7.050,7.050,0.000,2844,-1.650,8.700
0503100000010375,A,54.72,1969,Pand in gebruik,woonfunctie,1413,6.950,6.950,7.050,0.100,1746,-1.550,8.500
0503100000010376,A,54.77,1969,Pand in gebruik,woonfunctie,2898,7.050,7.050,7.050,0.000,2940,-1.650,8.700
0503100000010377,A,54.38,1969,Pand in gebruik,woonfunctie,2697,7.050,7.150,7.250,0.200,2135,-1.650,8.800
0503100000010379,A,63.45,1969,Pand in gebruik,woonfunctie,1489,8.450,9.850,10.450,2.000,2858,-1.650,11.500
0503100000010380,A,61.08,1966,Pand in gebruik,woonfunctie,1630,6.550,6.650,6.750,0.200,1392,-1.650,8.300
0503100000010381,A,60.87,1966,Pand in gebruik,woonfunctie,1572,6.550,6.550,6.550,0.000,2003,-1.750,8.300
0503100000010382,A,60.68,1966,Pand in gebruik,woonfunctie,1566,6.450,6.450,6.450,0.000,1802,-1.650,8.100
0503100000010383,A,111.43,1966,Pand in gebruik,woonfunctie,2731,1.050,9.150,10.050,9.000,4499,-1.850,11.000
0503100000010384,A,60.79,1966,Pand in gebruik,woonfunctie,1543,6.450,6.550,6.650,0.200,1802,-1.650,8.200
0503100000010385,A,63.49,1966,Pand in gebruik,"gezondheidszorgfunctie,woonfunctie",1620,6.550,6.650,6.650,0.100,2117,-1.750,8.400
0503100000010770,B,8.64,1969,Pand in gebruik,,418,0.850,0.850,0.850,0.000,3420,-1.850,2.700
0503100000010771,B,8.73,1969,Pand in gebruik,,442,0.850,0.850,0.850,0.000,3192,-1.850,2.700
0503100000010386,A,60.91,1966,Pand in gebruik,woonfunctie,1560,6.450,6.450,6.450,0.000,1760,-1.750,8.200
0503100000010387,A,60.88,1966,Pand in gebruik,woonfunctie,1607,8.650,9.850,10.450,1.800,1479,-1.650,11.500
0503100000010772,B,8.74,1969,Pand in gebruik,,201,0.850,0.850,0.850,0.000,1676,-1.650,2.500
0503100000010388,A,60.91,1966,Pand in gebruik,woonfunctie,1583,6.550,6.550,6.650,0.100,1892,-1.750,8.300
0503100000010773,B,8.74,1969,Pand in gebruik,,206,0.850,0.850,0.950,0.100,1880,-1.750,2.600
0503100000010389,A,61.02,1966,Pand in gebruik,woonfunctie,1539,6.450,6.450,6.450,0.000,1627,-1.750,8.200
0503100000010774,B,8.71,1969,Pand in gebruik,,428,0.750,0.750,0.850,0.100,3548,-1.850,2.600
0503100000010390,A,60.96,1966,Pand in gebruik,woonfunctie,1569,6.450,6.650,6.750,0.300,1540,-1.650,8.300
0503100000012742,B,68.10,1977,Pand in gebruik,woonfunctie,1737,4.150,6.750,7.250,3.100,3449,-1.150,7.900
0503100000010775,B,9.14,1969,Pand in gebruik,,446,0.850,0.850,0.850,0.000,2891,-1.750,2.600
0503100000010391,A,62.15,1966,Pand in gebruik,woonfunctie,1424,6.350,6.450,6.450,0.100,2724,-1.950,8.400
0503100000012743,B,71.00,1977,Pand in gebruik,woonfunctie,1750,4.150,6.450,7.550,3.400,3284,-1.150,7.600
0503100000012744,B,51.02,1977,Pand in gebruik,woonfunctie,1243,4.050,5.250,6.050,2.000,2048,-1.050,6.300
0503100000010776,B,8.68,1969,Pand in gebruik,,404,0.850,0.850,0.850,0.000,2747,-1.750,2.600
0503100000010392,A,60.73,1966,Pand in gebruik,woonfunctie,1557,6.450,6.550,6.650,0.200,1532,-1.650,8.200
0503100000012745,B,7.49,1977,Pand in gebruik,,187,1.250,1.250,1.250,0.000,1464,-1.250,2.500
0503100000010393,A,60.98,1966,Pand in gebruik,woonfunctie,2980,6.350,6.450,6.450,0.100,2834,-1.850,8.300
0503100000010777,B,8.57,1969,Pand in gebruik,,218,0.850,0.850,1.150,0.300,2474,-1.750,2.600
0503100000010394,A,62.41,1966,Pand in gebruik,woonfunctie,1562,6.450,6.450,6.750,0.300,2103,-1.750,8.200
0503100000010778,B,8.66,1969,Pand in gebruik,,208,0.850,0.850,0.850,0.000,1665,-1.750,2.600
0503100000012747,B,7.20,1977,Pand in gebruik,,181,1.250,1.250,1.350,0.100,1690,-1.150,2.400
0503100000010395,A,60.89,1966,Pand in gebruik,woonfunctie,1927,6.350,6.450,6.450,0.100,2263,-1.750,8.200
0503100000010779,B,8.68,1969,Pand in gebruik,,354,0.750,0.850,0.850,0.100,2890,-1.850,2.700
0503100000012748,B,7.25,1977,Pand in gebruik,,183,1.250,1.250,1.250,0.000,1544,-1.050,2.300
0503100000010396,A,60.93,1965,Pand in gebruik,woonfunctie,4868,6.550,6.550,6.550,0.000,5749,-1.450,8.000
0503100000010780,B,8.48,1969,Pand in gebruik,,360,0.750,0.750,0.850,0.100,3411,-1.850,2.600
0503100000010397,A,71.41,1966,Pand in gebruik,overige gebruiksfunctie,3516,1.750,1.750,1.750,0.000,7662,-1.450,3.200
0503100000010781,B,65.95,1971,Pand in gebruik,woonfunctie,2830,4.650,6.350,7.250,2.600,6128,-1.550,7.900
0503100000012750,B,64.25,1977,Pand in gebruik,woonfunctie,1566,4.150,6.150,7.350,3.200,2342,-1.150,7.300
0503100000010398,A,60.92,1965,Pand in gebruik,woonfunctie,4379,6.550,6.550,6.650,0.100,5505,-1.450,8.000
0503100000010782,B,64.69,1971,Pand in gebruik,woonfunctie,2809,4.750,6.550,7.250,2.500,4105,-1.550,8.100
0503100000010399,A,62.27,1965,Pand in gebruik,woonfunctie,5462,6.550,6.550,6.550,0.000,10479,-1.550,8.100
0503100000010783,B,64.88,1971,Pand in gebruik,woonfunctie,2720,4.650,6.250,7.150,2.500,4143,-1.550,7.800
0503100000012752,B,67.05,1977,Pand in gebruik,woonfunctie,1630,4.150,6.450,7.550,3.400,2669,-1.150,7.600
0503100000010400,A,60.92,1965,Pand in gebruik,woonfunctie,3764,8.450,9.450,9.950,1.500,4383,-1.450,10.900
0503100000010784,B,64.89,1971,Pand in gebruik,woonfunctie,2721,4.550,6.350,7.150,2.600,4082,-1.450,7.800
0503100000010401,A,62.47,1965,Pand in gebruik,woonfunctie,3055,6.450,6.550,6.550,0.100,5983,-1.350,7.900
0503100000010785,B,64.80,1971,Pand in gebruik,woonfunctie,2725,4.550,6.350,7.150,2.600,4067,-1.550,7.900
0503100000010786,B,64.80,1971,Pand in gebruik,woonfunctie,2735,4.650,6.350,7.150,2.500,4564,-1.550,7.900
0503100000010402,A,60.95,1965,Pand in gebruik,woonfunctie,3268,8.450,9.650,10.250,1.800,3860,-1.450,11.100
0503100000010787,B,64.73,1971,Pand in gebruik,woonfunctie,2728,4.650,6.350,7.150,2.500,4057,-1.650,8.000
0503100000010403,A,18.33,1968,Pand in gebruik,overige gebruiksfunctie,1122,2.650,2.650,2.850,0.200,9119,-0.450,3.100
0503100000012757,B,64.26,1977,Pand in gebruik,woonfunctie,1539,4.150,6.150,7.250,3.100,2262,-1.150,7.300
0503100000010788,B,64.82,1971,Pand in gebruik,woonfunctie,2755,4.550,6.350,7.250,2.700,4243,-1.550,7.900
0503100000010789,B,65.09,1971,Pand in gebruik,woonfunctie,2739,4.650,6.350,7.150,2.500,4156,-1.550,7.900
0503100000010790,B,65.97,1971,Pand in gebruik,woonfunctie,2793,4.650,6.350,7.150,2.500,5380,-1.550,7.900
0503100000010791,B,64.87,1971,Pand in gebruik,woonfunctie,2705,4.650,6.350,7.150,2.500,4264,-1.550,7.900
0503100000010792,B,66.83,1971,Pand in gebruik,woonfunctie,2802,4.650,6.350,7.150,2.500,5321,-1.650,8.000
0503100000010793,B,64.76,1971,Pand in gebruik,woonfunctie,1641,4.750,6.550,7.350,2.600,2475,-1.350,7.900
0503100000010794,B,66.13,1971,Pand in gebruik,woonfunctie,1715,4.750,6.550,7.350,2.600,4102,-1.550,8.100
0503100000010795,B,65.99,1971,Pand in gebruik,woonfunctie,1722,4.850,6.550,7.350,2.500,4018,-1.450,8.000
0503100000012766,B,66.98,1977,Pand in gebruik,woonfunctie,1643,4.150,6.750,7.550,3.400,2580,-1.150,7.900
0503100000010796,B,64.92,1971,Pand in gebruik,woonfunctie,1654,4.650,6.350,7.250,2.600,2911,-1.550,7.900
0503100000010797,B,64.84,1971,Pand in gebruik,woonfunctie,1669,4.750,6.450,7.350,2.600,2503,-1.350,7.800
0503100000010798,B,64.85,1971,Pand in gebruik,woonfunctie,1657,4.750,6.450,7.250,2.500,2798,-1.550,8.000
0503100000010799,B,66.09,1971,Pand in gebruik,woonfunctie,1714,4.750,6.450,7.350,2.600,5126,-1.450,7.900
0503100000010422,B,66.94,1977,Pand in gebruik,woonfunctie,2321,4.150,6.450,7.250,3.100,3220,-1.450,7.900
0503100000010424,B,67.20,1977,Pand in gebruik,woonfunctie,2317,3.550,6.350,7.250,3.700,3407,-1.450,7.800
0503100000010425,B,87.34,1977,Pand in gebruik,woonfunctie,3088,1.950,6.350,7.150,5.200,6889,-1.550,7.900
0503100000010427,B,68.29,1977,Pand in gebruik,woonfunctie,2299,3.650,6.050,7.050,3.400,6015,-1.550,7.600
0503100000010428,B,77.78,1977,Pand in gebruik,woonfunctie,2657,3.450,6.350,7.150,3.700,4206,-1.550,7.900
0503100000010429,B,64.22,1977,Pand in gebruik,woonfunctie,2197,3.750,6.450,7.050,3.300,3463,-1.450,7.900
0503100000010430,B,66.87,1977,Pand in gebruik,woonfunctie,2314,3.650,6.350,7.150,3.500,3623,-1.450,7.800
0503100000011310,B,5.48,1993,Pand in gebruik,,124,0.850,0.950,0.950,0.100,2092,-1.650,2.600
0503100000011311,B,47.61,1993,Pand in gebruik,woonfunctie,1097,6.850,6.950,7.050,0.200,2238,-1.550,8.500
0503100000011312,B,6.12,1993,Pand in gebruik,,142,0.850,0.950,0.950,0.100,1560,-1.550,2.500
0503100000011313,B,49.68,1993,Pand in gebruik,woonfunctie,1179,6.850,6.850,6.950,0.100,2220,-1.650,8.500
0503100000011314,B,6.25,1993,Pand in gebruik,,137,0.850,0.950,0.950,0.100,1568,-1.550,2.500
0503100000011805,B,608.13,2005,Pand in gebruik,bijeenkomstfunctie,14921,4.850,6.250,7.450,2.600,10428,-1.550,7.800
0503100000011315,B,6.13,1993,Pand in gebruik,,158,0.850,0.950,0.950,0.100,1371,-1.550,2.500
0503100000011806,A,18.43,1966,Pand in gebruik,overige gebruiksfunctie,774,1.350,1.450,1.650,0.300,5228,-1.550,3.000
0503100000011316,B,6.11,1993,Pand in gebruik,,146,0.850,0.950,0.950,0.100,1512,-1.650,2.600
0503100000011807,A,18.49,1966,Pand in gebruik,overige gebruiksfunctie,468,1.350,1.450,1.650,0.300,2757,-1.350,2.800
0503100000011317,B,60.54,1993,Pand in gebruik,woonfunctie,1390,4.250,6.850,6.950,2.700,2501,-1.650,8.500
0503100000011808,A,596.27,1978,Pand in gebruik,"bijeenkomstfunctie,woonfunctie",14705,8.250,10.450,10.850,2.600,13140,-1.650,12.100
0503100000011318,B,6.15,1993,Pand in gebruik,,146,0.950,0.950,0.950,0.000,1782,-1.550,2.500
0503100000011809,A,61.06,1966,Pand in gebruik,woonfunctie,1520,6.450,6.450,6.550,0.100,1487,-1.650,8.100
0503100000011319,B,6.08,1993,Pand in gebruik,,134,0.950,1.050,1.150,0.200,1199,-1.550,2.600
0503100000011810,A,124.80,1966,Pand in gebruik,"gezondheidszorgfunctie,woonfunctie",2989,1.450,8.750,9.850,8.400,3980,-1.650,10.400
0503100000011320,B,6.19,1993,Pand in gebruik,,136,0.950,0.950,0.950,0.000,1598,-1.650,2.600
0503100000011811,A,62.25,1966,Pand in gebruik,woonfunctie,1611,6.450,6.550,6.650,0.200,2012,-1.750,8.300
0503100000011321,B,6.22,1993,Pand in gebruik,,139,0.950,0.950,0.950,0.000,1753,-1.550,2.500
0503100000011322,B,6.23,1993,Pand in gebruik,,147,0.850,0.950,0.950,0.100,1805,-1.550,2.500
0503100000011812,A,68.03,1966,Pand in gebruik,woonfunctie,1723,8.150,9.450,10.050,1.900,2949,-1.550,11.000
0503100000011323,B,5.49,1993,Pand in gebruik,,127,0.850,0.850,0.950,0.100,2112,-1.650,2.500
0503100000013971,B,345.93,2001,Pand in gebruik,industriefunctie,11131,4.850,4.850,4.850,0.000,8886,-0.750,5.600
0503100000011324,B,60.78,1993,Pand in gebruik,woonfunctie,1386,4.150,6.850,6.950,2.800,2554,-1.650,8.500
0503100000011813,A,60.86,1966,Pand in gebruik,woonfunctie,1611,6.450,6.450,6.450,0.000,1748,-1.650,8.100
0503100000013972,B,97.50,2001,Pand in gebruik,industriefunctie,3143,4.850,4.850,4.850,0.000,2617,-0.750,5.600
0503100000011325,B,47.38,1993,Pand in gebruik,woonfunctie,1087,6.850,6.850,6.850,0.000,2277,-1.650,8.500
0503100000011814,A,60.87,1966,Pand in gebruik,woonfunctie,1631,6.450,6.450,6.450,0.000,1534,-1.650,8.100
0503100000013973,B,97.64,2001,Pand in gebruik,industriefunctie,3157,4.750,4.850,4.850,0.100,2571,-0.750,5.600
0503100000011326,B,6.20,1993,Pand in gebruik,,125,0.850,0.950,0.950,0.100,1064,-1.550,2.500
0503100000011815,A,62.31,1965,Pand in gebruik,woonfunctie,2673,6.750,6.850,6.850,0.100,4152,-1.350,8.200
0503100000013974,B,12.22,1930,Pand in gebruik,,272,3.250,3.350,3.350,0.100,1933,0.050,3.300
0503100000011327,B,47.44,1993,Pand in gebruik,woonfunctie,1115,6.850,6.950,7.050,0.200,2300,-1.550,8.500
0503100000011816,A,61.04,1966,Pand in gebruik,woonfunctie,1555,8.450,9.750,10.250,1.800,2445,-1.550,11.300
0503100000011328,B,47.51,1993,Pand in gebruik,woonfunctie,1111,6.850,6.950,7.150,0.300,2071,-1.550,8.500
0503100000011817,A,60.87,1965,Pand in gebruik,"gezondheidszorgfunctie,woonfunctie",2690,8.850,9.950,10.550,1.700,2778,-1.250,11.200
0503100000011329,B,6.20,1993,Pand in gebruik,,145,0.950,0.950,0.950,0.000,1429,-1.550,2.500
0503100000011818,A,60.01,1965,Pand in gebruik,woonfunctie,2559,6.850,6.850,6.850,0.000,2912,-1.150,8.000
0503100000011330,B,47.45,1993,Pand in gebruik,woonfunctie,1135,6.850,6.950,7.050,0.200,2363,-1.650,8.600
0503100000011819,A,62.59,1966,Pand in gebruik,woonfunctie,1434,8.350,9.450,10.150,1.800,3452,-1.650,11.100
0503100000011331,B,6.22,1993,Pand in gebruik,,155,0.850,0.850,0.850,0.000,1306,-1.550,2.400
0503100000011820,A,60.31,1965,Pand in gebruik,woonfunctie,2602,6.750,6.850,7.350,0.600,3167,-1.150,8.000
0503100000011332,B,5.55,1993,Pand in gebruik,,133,0.850,0.850,0.950,0.100,1989,-1.550,2.400
0503100000011821,A,61.07,1966,Pand in gebruik,woonfunctie,1569,6.550,6.550,6.650,0.100,2615,-1.650,8.200
0503100000013976,B,296.55,1982,Pand in gebruik,woonfunctie,4548,8.850,8.850,8.850,0.000,3926,0.150,8.700
0503100000011333,B,47.56,1993,Pand in gebruik,woonfunctie,1117,6.850,6.950,7.150,0.300,2283,-1.550,8.500
0503100000013977,B,5.44,1982,Pand in gebruik,,75,2.550,2.750,2.850,0.300,977,0.250,2.500
0503100000011822,A,61.06,1966,Pand in gebruik,woonfunctie,1945,6.450,6.550,6.550,0.100,1694,-1.650,8.200
0503100000011334,B,60.50,1993,Pand in gebruik,woonfunctie,1534,6.750,6.850,6.850,0.100,2652,-1.650,8.500
0503100000013978,B,7.56,2005,Pand in gebruik,,111,2.850,2.850,2.850,0.000,985,0.450,2.400
0503100000011823,A,60.39,1965,Pand in gebruik,woonfunctie,2696,6.750,6.850,6.850,0.100,3190,-1.150,8.000
0503100000011335,B,6.21,1993,Pand in gebruik,,146,0.950,0.950,0.950,0.000,1622,-1.550,2.500
0503100000013979,B,61.45,2005,Pand in gebruik,woonfunctie,931,8.850,8.950,9.050,0.200,1159,0.550,8.400
0503100000011824,A,60.89,1965,Pand in gebruik,woonfunctie,2439,6.750,6.850,6.850,0.100,3150,-1.250,8.100
0503100000011336,B,63.92,1993,Pand in gebruik,woonfunctie,1590,4.150,6.850,6.850,2.700,2156,-1.650,8.500
0503100000013980,B,50.08,2005,Pand in gebruik,woonfunctie,793,8.850,8.850,8.850,0.000,1204,0.450,8.400
0503100000011825,A,60.98,1965,Pand in gebruik,woonfunctie,3066,6.850,6.850,6.950,0.100,3313,-1.150,8.000
0503100000011337,B,5.65,1993,Pand in gebruik,,119,0.850,0.850,0.850,0.000,1937,-1.550,2.400
0503100000013981,B,7.59,2005,Pand in gebruik,,113,2.850,2.850,2.850,0.000,1055,0.550,2.300
0503100000011338,B,6.10,1993,Pand in gebruik,,132,0.850,0.950,0.950,0.100,1812,-1.550,2.500
0503100000011826,A,60.92,1965,Pand in gebruik,woonfunctie,3079,6.950,7.150,7.250,0.300,3271,-1.150,8.300
0503100000013982,B,61.46,2005,Pand in gebruik,woonfunctie,928,8.850,8.950,9.250,0.400,1212,0.550,8.400
0503100000011339,B,6.20,1993,Pand in gebruik,,138,0.950,0.950,0.950,0.000,1583,-1.550,2.500
0503100000013983,B,7.61,2005,Pand in gebruik,,112,2.850,2.850,2.850,0.000,1151,0.450,2.400
0503100000011827,A,55.79,1962,Pand in gebruik,woonfunctie,2776,5.550,5.550,5.650,0.100,4401,-0.150,5.700
0503100000011340,B,60.68,1993,Pand in gebruik,woonfunctie,1397,4.150,6.850,6.850,2.700,2616,-1.650,8.500
0503100000013984,B,50.04,2005,Pand in gebruik,woonfunctie,783,8.750,8.750,8.750,0.000,1346,0.350,8.400
0503100000011828,A,49.37,1962,Pand in gebruik,woonfunctie,2482,5.550,5.650,5.650,0.100,6157,-0.250,5.900
0503100000011341,B,15.56,1998,Pand in gebruik,,338,1.250,1.350,2.950,1.700,2800,-0.750,2.100
0503100000013985,B,7.61,2005,Pand in gebruik,,117,2.850,2.850,2.850,0.000,1200,0.450,2.400
0503100000011829,A,65.01,1962,Pand in gebruik,woonfunctie,3260,5.550,5.550,5.650,0.100,6677,-0.150,5.700
0503100000011342,B,8.74,1998,Pand in gebruik,,212,1.050,1.150,1.150,0.100,1188,-1.350,2.500
0503100000013986,B,7.61,2005,Pand in gebruik,,119,2.850,2.850,2.850,0.000,1262,0.450,2.400
0503100000011830,A,55.65,1962,Pand in gebruik,woonfunctie,2738,5.550,5.550,5.550,0.000,4164,-0.150,5.700
0503100000011831,A,55.73,1962,Pand in gebruik,woonfunctie,2805,5.550,5.550,5.650,0.100,4263,-0.150,5.700
0503100000013987,B,7.81,2005,Pand in gebruik,,116,2.650,2.650,2.750,0.100,1389,0.350,2.300
0503100000011832,A,55.08,1962,Pand in gebruik,woonfunctie,2727,5.550,5.550,5.650,0.100,4152,-0.250,5.800
0503100000013988,B,7.55,2005,Pand in gebruik,,112,2.850,2.850,2.850,0.000,1119,0.450,2.400
0503100000013989,B,60.93,2005,Pand in gebruik,woonfunctie,893,8.750,8.850,8.850,0.100,1481,0.450,8.400
0503100000013990,B,7.54,2005,Pand in gebruik,,122,2.850,2.850,2.850,0.000,1093,0.450,2.400
0503100000012841,B,50.87,1977,Pand in gebruik,woonfunctie,1219,4.050,5.250,6.050,2.000,2105,-1.050,6.300
0503100000013991,B,7.59,2005,Pand in gebruik,,120,2.750,2.850,2.850,0.100,1154,0.450,2.400
0503100000013992,B,7.47,2005,Pand in gebruik,,114,2.750,2.850,2.850,0.100,1176,0.450,2.400
0503100000013993,B,7.62,2005,Pand in gebruik,,121,2.850,2.850,2.950,0.100,1179,0.450,2.400
0503100000013994,B,7.61,2005,Pand in gebruik,,125,2.750,2.850,2.850,0.100,1144,0.450,2.400
0503100000012845,B,66.94,1977,Pand in gebruik,woonfunctie,1642,4.150,6.450,7.550,3.400,2671,-1.150,7.600
0503100000013995,B,7.57,2005,Pand in gebruik,,117,2.850,2.850,2.850,0.000,990,0.450,2.400
0503100000012846,B,11.05,1986,Pand in gebruik,,267,2.050,2.550,2.750,0.700,2999,-1.150,3.700
0503100000013996,B,7.59,2005,Pand in gebruik,,120,2.850,2.850,2.850,0.000,974,0.550,2.300
0503100000012847,B,73.73,1986,Pand in gebruik,woonfunctie,1823,5.050,7.150,8.150,3.100,3057,-1.050,8.200
0503100000013997,B,7.63,2005,Pand in gebruik,,111,2.850,2.850,2.850,0.000,1151,0.450,2.400
0503100000012848,B,8.81,1977,Pand in gebruik,,219,1.150,1.250,1.250,0.100,2329,-1.350,2.600
0503100000013998,B,7.55,2005,Pand in gebruik,,107,2.650,2.650,2.650,0.000,1355,0.350,2.300
0503100000012849,B,1144.32,1978,Pand in gebruik,"industriefunctie,winkelfunctie",50039,4.550,4.950,5.050,0.500,14935,-1.750,6.700
0503100000013999,B,7.58,2005,Pand in gebruik,,108,2.850,2.850,2.850,0.000,1039,0.450,2.400
0503100000012850,A,10.72,1964,Pand in gebruik,overige gebruiksfunctie,217,1.250,1.250,1.450,0.200,2573,-1.950,3.200
0503100000014000,B,7.53,2005,Pand in gebruik,,118,2.750,2.850,2.850,0.100,1060,0.450,2.400
0503100000012851,A,9.26,1966,Pand in gebruik,,252,0.150,0.250,0.250,0.100,1957,-1.950,2.200
0503100000014001,B,7.56,2005,Pand in gebruik,,112,2.850,2.850,2.850,0.000,965,0.550,2.300
0503100000012852,A,9.28,1966,Pand in gebruik,,246,0.150,0.250,0.250,0.100,2435,-1.750,2.000
0503100000014002,B,7.57,2005,Pand in gebruik,,113,2.850,2.850,2.950,0.100,953,0.550,2.300
0503100000014003,B,7.51,2005,Pand in gebruik,,108,2.850,2.850,2.850,0.000,1043,0.550,2.300
0503100000012853,B,3.42,1982,Pand in gebruik,,55,2.450,2.550,2.550,0.100,950,0.150,2.400
0503100000012854,B,9.40,1982,Pand in gebruik,,50,2.550,2.750,2.850,0.300,903,0.050,2.700
0503100000012855,B,10.01,1994,Pand in gebruik,,151,3.250,3.250,3.250,0.000,1581,0.650,2.600
0503100000010880,B,64.92,1971,Pand in gebruik,woonfunctie,1682,4.750,6.350,7.250,2.500,2958,-1.550,7.900
0503100000010881,B,64.87,1971,Pand in gebruik,woonfunctie,1643,4.650,6.350,7.250,2.600,3000,-1.550,7.900
0503100000012857,B,7.69,1994,Pand in gebruik,,108,3.250,3.250,3.250,0.000,1104,0.550,2.700
0503100000010882,B,65.06,1971,Pand in gebruik,woonfunctie,1686,4.650,6.450,7.250,2.600,2936,-1.550,8.000
0503100000012858,B,7.23,1994,Pand in gebruik,,111,3.250,3.250,3.250,0.000,791,0.650,2.600
0503100000010883,B,64.61,1971,Pand in gebruik,woonfunctie,1712,4.950,6.850,7.450,2.500,2317,-1.350,8.200
0503100000012859,B,12.42,1994,Pand in gebruik,,192,3.150,3.150,3.250,0.100,933,0.550,2.600
0503100000010884,B,64.91,1971,Pand in gebruik,woonfunctie,1677,4.750,6.350,7.250,2.500,3111,-1.550,7.900
0503100000012860,B,160.25,1964,Pand in gebruik,woonfunctie,2505,5.650,9.750,10.050,4.400,3203,0.650,9.100
0503100000010885,B,64.64,1971,Pand in gebruik,woonfunctie,1778,4.750,6.550,7.250,2.500,3238,-1.350,7.900
0503100000012861,B,9.96,1994,Pand in gebruik,,161,3.250,3.250,3.250,0.000,1211,0.650,2.600
0503100000010886,B,64.85,1971,Pand in gebruik,woonfunctie,1650,4.750,6.450,7.350,2.600,2764,-1.350,7.800
0503100000012862,B,7.23,1994,Pand in gebruik,,111,3.250,3.250,3.250,0.000,878,0.550,2.700
0503100000010887,A,12.08,2003,Pand in gebruik,,605,2.650,2.750,2.850,0.200,4337,-2.550,5.300
0503100000010888,A,23.45,2003,Pand in gebruik,,1197,2.650,2.850,2.950,0.300,8318,-1.350,4.200
0503100000012864,B,12.42,1994,Pand in gebruik,,186,3.150,3.150,3.150,0.000,1061,0.450,2.700
0503100000010889,A,6.90,1991,Pand in gebruik,,347,2.350,2.350,2.450,0.100,4865,-0.350,2.700
0503100000012865,B,10.07,1994,Pand in gebruik,,161,3.250,3.250,3.250,0.000,1504,0.650,2.600
0503100000012867,B,12.98,1994,Pand in gebruik,,200,3.150,3.150,3.250,0.100,1261,0.550,2.600
0503100000012868,B,15.76,1994,Pand in gebruik,,145,3.250,3.250,3.250,0.000,849,0.550,2.700
0503100000012869,B,7.21,1994,Pand in gebruik,,107,3.250,3.250,3.250,0.000,789,0.650,2.600
0503100000010890,A,1415.29,1964,Pand in gebruik,onderwijsfunctie,49824,8.050,12.850,14.050,6.000,22559,-0.050,12.900
0503100000009919,B,50.76,1977,Pand in gebruik,woonfunctie,1764,3.750,4.850,5.650,1.900,2840,-1.350,6.200
0503100000012875,B,64.51,1977,Pand in gebruik,woonfunctie,1504,4.050,6.450,7.350,3.300,2611,-1.150,7.600
0503100000009923,B,70.27,1977,Pand in gebruik,woonfunctie,2453,3.350,6.550,7.250,3.900,3688,-1.550,8.100
0503100000010893,A,18.00,1961,Pand in gebruik,overige gebruiksfunctie,221,2.050,2.050,2.050,0.000,1996,-0.450,2.500
0503100000010894,A,16.87,1961,Pand in gebruik,overige gebruiksfunctie,394,1.950,2.050,2.050,0.100,2515,-0.550,2.600
0503100000012877,B,64.17,1977,Pand in gebruik,woonfunctie,1616,3.950,6.250,7.350,3.400,2610,-1.150,7.400
0503100000009925,B,67.23,1977,Pand in gebruik,woonfunctie,2376,4.050,6.550,7.350,3.300,3504,-1.450,8.000
0503100000010895,A,16.86,1961,Pand in gebruik,overige gebruiksfunctie,467,2.050,2.050,2.050,0.000,2200,-0.550,2.600
0503100000010896,A,16.78,1961,Pand in gebruik,overige gebruiksfunctie,383,1.950,2.050,2.050,0.100,2529,-0.550,2.600
0503100000010897,A,16.67,1961,Pand in gebruik,overige gebruiksfunctie,337,1.950,2.050,2.050,0.100,2532,-0.550,2.600
0503100000009928,B,7.18,1977,Pand in gebruik,,246,0.950,0.950,0.950,0.000,3104,-1.550,2.500
0503100000010898,A,16.83,1961,Pand in gebruik,overige gebruiksfunctie,480,2.050,2.050,2.050,0.000,2397,-0.550,2.600
0503100000010899,A,16.70,1961,Pand in gebruik,overige gebruiksfunctie,457,2.050,2.050,2.050,0.000,2498,-0.550,2.600
0503100000009930,B,66.53,1977,Pand in gebruik,woonfunctie,2326,3.950,6.550,7.350,3.400,3424,-1.450,8.000
0503100000010900,B,168.35,1965,Pand in gebruik,woonfunctie,2913,14.250,14.350,14.350,0.100,1769,0.050,14.300
0503100000009931,B,70.49,1977,Pand in gebruik,woonfunctie,2451,3.350,6.550,7.350,4.000,5617,-1.550,8.100
0503100000012886,B,64.12,1977,Pand in gebruik,woonfunctie,1535,4.050,6.350,7.350,3.300,2468,-1.150,7.500
0503100000012889,B,8.91,1977,Pand in gebruik,,226,0.950,0.950,0.950,0.000,1999,-1.350,2.300
0503100000012893,B,64.59,1977,Pand in gebruik,woonfunctie,1667,3.650,5.950,7.050,3.400,2671,-1.350,7.300
0503100000012894,B,68.19,1977,Pand in gebruik,woonfunctie,1715,3.650,6.050,7.050,3.400,3572,-1.350,7.400
0503100000011429,B,8.67,1998,Pand in gebruik,,213,1.150,1.150,1.150,0.000,1391,-1.350,2.500
0503100000011430,B,9.83,1998,Pand in gebruik,,227,1.150,1.150,1.150,0.000,1620,-1.350,2.500
0503100000011431,B,56.76,1998,Pand in gebruik,woonfunctie,1215,7.050,7.150,7.250,0.200,2303,-1.450,8.600
0503100000011432,B,56.76,1998,Pand in gebruik,woonfunctie,1219,6.950,7.050,7.050,0.100,1859,-1.350,8.400
0503100000011433,B,71.17,1998,Pand in gebruik,woonfunctie,1516,5.050,7.050,7.050,2.000,3491,-1.450,8.500
0503100000011434,B,56.76,1998,Pand in gebruik,woonfunctie,1230,7.050,7.050,7.150,0.100,2095,-1.350,8.400
0503100000011435,B,8.73,1998,Pand in gebruik,,73,1.050,1.150,1.150,0.100,1120,-1.350,2.500
0503100000011436,B,9.93,1998,Pand in gebruik,,235,1.150,1.150,1.150,0.000,1886,-1.350,2.500
0503100000011437,B,71.18,1998,Pand in gebruik,woonfunctie,1521,5.050,7.150,7.250,2.200,3505,-1.450,8.600
0503100000011438,B,9.89,1998,Pand in gebruik,,239,1.050,1.150,1.150,0.100,1613,-1.350,2.500
0503100000014080,B,7.50,2005,Pand in gebruik,,116,2.850,2.850,2.850,0.000,1179,0.450,2.400
0503100000011439,B,8.77,1998,Pand in gebruik,,205,1.150,1.150,1.150,0.000,1194,-1.350,2.500
0503100000014081,B,7.54,2005,Pand in gebruik,,116,2.850,2.850,2.850,0.000,1205,0.450,2.400
0503100000014082,B,7.50,2005,Pand in gebruik,,106,2.850,2.850,2.850,0.000,1087,0.450,2.400
0503100000014083,B,7.56,2005,Pand in gebruik,,102,2.650,2.650,2.650,0.000,1284,0.350,2.300
0503100000014084,B,7.57,2005,Pand in gebruik,,123,2.850,2.850,2.850,0.000,948,0.450,2.400
0503100000014085,B,60.93,2005,Pand in gebruik,woonfunctie,916,8.850,8.950,9.050,0.200,1439,0.450,8.500
0503100000011915,A,16.94,1961,Pand in gebruik,overige gebruiksfunctie,604,2.150,2.150,2.150,0.000,2855,-0.450,2.600
0503100000014086,B,60.92,2005,Pand in gebruik,woonfunctie,885,8.850,8.850,8.850,0.000,1453,0.450,8.400
0503100000011916,A,16.86,1961,Pand in gebruik,overige gebruiksfunctie,591,2.150,2.150,2.150,0.000,2907,-0.450,2.600
0503100000011917,A,10.39,1961,Pand in gebruik,overige gebruiksfunctie,250,2.350,2.450,2.450,0.100,3536,-0.350,2.800
0503100000014087,B,7.59,2005,Pand in gebruik,,109,2.650,2.650,2.650,0.000,1408,0.350,2.300
0503100000011918,A,16.84,1961,Pand in gebruik,overige gebruiksfunctie,478,2.150,2.150,2.150,0.000,2978,-0.450,2.600
0503100000012945,B,7.20,1994,Pand in gebruik,,104,3.250,3.250,3.250,0.000,751,0.650,2.600
0503100000014088,B,7.59,2005,Pand in gebruik,,117,2.850,2.850,2.850,0.000,1113,0.450,2.400
0503100000011919,A,16.86,1961,Pand in gebruik,overige gebruiksfunctie,560,2.150,2.150,2.150,0.000,2913,-0.450,2.600
0503100000012946,B,7.20,1994,Pand in gebruik,,111,3.250,3.250,3.250,0.000,871,0.550,2.700
0503100000014089,B,7.52,2005,Pand in gebruik,,121,2.850,2.850,2.850,0.000,988,0.550,2.300
0503100000011920,A,17.98,1961,Pand in gebruik,overige gebruiksfunctie,637,2.150,2.150,2.150,0.000,2451,-0.350,2.500
0503100000014090,B,7.54,2005,Pand in gebruik,,116,2.850,2.850,2.850,0.000,902,0.450,2.400
0503100000011921,A,64.98,1961,Pand in gebruik,overige gebruiksfunctie,2247,2.650,2.650,2.650,0.000,6349,-0.350,3.000
0503100000014965,B,53.90,1977,Pand in gebruik,woonfunctie,873,4.550,6.750,6.750,2.200,1219,-1.450,8.200
0503100000014091,B,7.61,2005,Pand in gebruik,,118,2.850,2.850,2.850,0.000,1003,0.450,2.400
0503100000011922,A,16.84,1961,Pand in gebruik,overige gebruiksfunctie,574,2.150,2.150,2.150,0.000,2770,-0.450,2.600
0503100000014966,B,8.00,1977,Pand in gebruik,,196,0.850,0.950,0.950,0.100,2161,-1.450,2.400
0503100000014092,B,58.81,1996,Pand in gebruik,woonfunctie,869,6.450,6.950,7.250,0.800,1660,0.550,6.400
0503100000011923,A,16.84,1961,Pand in gebruik,overige gebruiksfunctie,563,2.150,2.150,2.150,0.000,2733,-0.450,2.600
0503100000014967,B,7.84,1977,Pand in gebruik,,199,0.950,0.950,0.950,0.000,2282,-1.450,2.400
0503100000014093,B,9.62,1996,Pand in gebruik,,157,3.150,3.150,3.150,0.000,1209,0.650,2.500
0503100000011924,A,18.12,1961,Pand in gebruik,overige gebruiksfunctie,474,2.150,2.150,2.150,0.000,3427,-0.450,2.600
0503100000014968,B,61.81,1977,Pand in gebruik,woonfunctie,1552,2.850,6.250,6.650,3.800,1940,-1.450,7.700
0503100000014094,B,82.34,2005,Pand in gebruik,woonfunctie,1224,7.350,9.250,9.350,2.000,1632,0.650,8.600
0503100000011925,A,16.81,1961,Pand in gebruik,overige gebruiksfunctie,585,2.150,2.150,2.150,0.000,2860,-0.450,2.600
0503100000014969,B,8.04,1977,Pand in gebruik,,210,0.950,0.950,0.950,0.000,1983,-1.550,2.500
0503100000014095,B,82.32,2005,Pand in gebruik,woonfunctie,1214,7.450,9.350,9.450,2.000,1593,0.650,8.700
0503100000011926,A,16.86,1961,Pand in gebruik,overige gebruiksfunctie,610,2.150,2.150,2.150,0.000,2881,-0.450,2.600
0503100000014970,B,8.07,1977,Pand in gebruik,,194,0.950,0.950,0.950,0.000,2237,-1.550,2.500
0503100000014096,B,9.47,1996,Pand in gebruik,,154,3.150,3.150,3.150,0.000,1039,0.650,2.500
0503100000011927,B,14.56,1982,Pand in gebruik,,259,2.650,3.150,3.450,0.800,860,-0.050,3.200
0503100000014097,B,10.33,2005,Pand in gebruik,,167,3.150,3.150,3.150,0.000,1012,0.650,2.500
0503100000014971,B,51.60,1977,Pand in gebruik,woonfunctie,1272,3.750,6.550,6.650,2.900,2723,-1.550,8.100
0503100000014098,B,9.41,1996,Pand in gebruik,,141,3.150,3.150,3.150,0.000,1286,0.650,2.500
0503100000014972,B,50.97,1977,Pand in gebruik,woonfunctie,1256,3.850,6.550,6.650,2.800,2032,-1.450,8.000
0503100000011928,B,317.78,1982,Pand in gebruik,woonfunctie,5738,12.150,13.650,14.450,2.300,4284,-0.050,13.700
0503100000014099,B,9.58,1996,Pand in gebruik,,146,3.150,3.150,3.150,0.000,1030,0.650,2.500
0503100000011929,B,13.66,1982,Pand in gebruik,,211,2.650,3.150,3.450,0.800,875,-0.050,3.200
0503100000014100,B,10.35,2005,Pand in gebruik,,156,3.150,3.350,3.350,0.200,1236,0.650,2.700
0503100000014973,B,67.75,1977,Pand in gebruik,woonfunctie,1601,2.550,6.750,6.850,4.300,2911,-1.450,8.200
0503100000014101,B,9.65,1996,Pand in gebruik,,152,3.150,3.150,3.150,0.000,1271,0.650,2.500
0503100000014974,B,53.21,1977,Pand in gebruik,woonfunctie,875,4.550,6.650,6.750,2.200,1357,-1.450,8.100
0503100000011930,B,53.31,1982,Pand in gebruik,,948,2.750,3.550,3.950,1.200,876,-0.050,3.600
0503100000014102,B,10.33,2005,Pand in gebruik,,152,3.250,3.250,3.250,0.000,1209,0.650,2.600
0503100000014975,B,53.57,1977,Pand in gebruik,woonfunctie,842,4.050,4.150,4.250,0.200,1200,-1.450,5.600
0503100000014103,B,9.60,1996,Pand in gebruik,,143,3.150,3.250,3.250,0.100,1008,0.650,2.600
0503100000014976,B,8.35,1977,Pand in gebruik,,194,0.850,0.950,0.950,0.100,1975,-1.450,2.400
0503100000014104,B,81.51,2005,Pand in gebruik,woonfunctie,1214,8.950,9.350,9.550,0.600,1873,0.650,8.700
0503100000011931,B,163.13,1982,Pand in gebruik,woonfunctie,2990,12.050,13.650,14.550,2.500,2498,-0.150,13.800
0503100000014977,B,61.93,1977,Pand in gebruik,woonfunctie,1623,3.050,6.450,6.650,3.600,2183,-1.450,7.900
0503100000014105,B,10.35,2005,Pand in gebruik,,174,3.150,3.150,3.150,0.000,1319,0.650,2.500
0503100000014978,B,8.30,1977,Pand in gebruik,,187,0.950,0.950,0.950,0.000,2303,-1.450,2.400
0503100000014106,B,10.35,2005,Pand in gebruik,,159,3.150,3.150,3.150,0.000,1206,0.650,2.500
0503100000014107,B,10.52,2005,Pand in gebruik,,150,3.150,3.150,3.250,0.100,1440,0.650,2.500
0503100000014980,B,8.04,1977,Pand in gebruik,,198,0.850,0.850,0.950,0.100,2277,-1.450,2.300
0503100000014108,B,82.33,2005,Pand in gebruik,woonfunctie,1223,7.050,9.350,9.450,2.400,1511,0.650,8.700
0503100000011932,B,162.15,1982,Pand in gebruik,woonfunctie,2962,12.050,13.650,14.550,2.500,2749,-0.150,13.800
0503100000014981,B,6.86,1977,Pand in gebruik,,133,2.250,3.350,3.850,1.600,1464,-1.450,4.800
0503100000011933,B,184.73,1961,Pand in gebruik,woonfunctie,3347,12.650,12.850,12.850,0.200,3704,-0.250,13.100
0503100000014982,B,61.82,1977,Pand in gebruik,woonfunctie,1617,4.150,6.350,6.650,2.500,2451,-1.450,7.800
0503100000011934,B,9.88,1930,Pand in gebruik,,163,2.450,2.550,2.650,0.200,1546,-0.050,2.600
0503100000014984,B,7.89,1977,Pand in gebruik,,127,0.850,0.950,0.950,0.100,1205,-1.650,2.600
0503100000014985,B,52.87,1977,Pand in gebruik,woonfunctie,1253,5.050,6.750,6.750,1.700,1729,-1.450,8.200
0503100000011935,B,70.42,1962,Pand in gebruik,overige gebruiksfunctie,1176,1.650,1.750,1.750,0.100,2205,-0.850,2.600
0503100000014986,B,53.20,1977,Pand in gebruik,woonfunctie,948,4.050,6.650,6.750,2.700,1571,-1.450,8.100
0503100000011936,B,152.56,1960,Pand in gebruik,woonfunctie,2939,12.650,12.650,12.650,0.000,3347,-0.250,12.900
0503100000014987,B,53.15,1977,Pand in gebruik,woonfunctie,1256,4.150,4.150,4.150,0.000,2189,-1.450,5.600
0503100000014988,B,53.19,1977,Pand in gebruik,woonfunctie,864,4.150,4.150,4.150,0.000,1152,-1.450,5.600
0503100000011937,B,19.96,1972,Pand in gebruik,overige gebruiksfunctie,356,2.450,2.450,2.450,0.000,2143,-0.150,2.600
0503100000014989,B,50.97,1977,Pand in gebruik,woonfunctie,1223,4.050,4.050,4.150,0.100,1722,-1.450,5.500
0503100000011938,B,67.78,1962,Pand in gebruik,overige gebruiksfunctie,1212,1.650,1.650,1.750,0.100,2555,-0.850,2.500
0503100000014990,B,8.14,1977,Pand in gebruik,,218,0.850,0.950,0.950,0.100,2135,-1.450,2.400
0503100000011939,B,344.26,1966,Pand in gebruik,gezondheidszorgfunctie,4873,1.750,5.050,5.050,3.300,4848,-0.250,5.300
0503100000014991,B,7.74,1977,Pand in gebruik,,131,0.850,0.950,0.950,0.100,1070,-1.650,2.600
0503100000014992,B,8.24,1977,Pand in gebruik,,211,0.950,0.950,0.950,0.000,2060,-1.350,2.300
0503100000014520,B,7.89,1977,Pand in gebruik,,125,0.850,0.850,0.850,0.000,949,-1.550,2.400
0503100000014521,B,53.02,1977,Pand in gebruik,woonfunctie,834,4.250,6.650,6.750,2.500,1261,-1.550,8.200
0503100000014522,B,8.10,1977,Pand in gebruik,,178,0.850,0.850,0.850,0.000,2187,-1.550,2.400
0503100000014523,B,53.26,1977,Pand in gebruik,woonfunctie,1294,4.150,4.150,4.250,0.100,2087,-1.450,5.600
0503100000014524,B,8.06,1977,Pand in gebruik,,198,0.850,0.850,0.850,0.000,1899,-1.550,2.400
0503100000014525,B,52.86,1977,Pand in gebruik,woonfunctie,1181,5.250,6.850,6.950,1.700,1886,-1.450,8.300
0503100000014526,B,7.87,1977,Pand in gebruik,,200,0.850,0.850,0.850,0.000,1753,-1.750,2.600
0503100000014527,B,7.83,1977,Pand in gebruik,,186,0.850,0.850,0.850,0.000,1854,-1.750,2.600
0503100000014528,B,8.07,1977,Pand in gebruik,,121,0.850,0.850,0.850,0.000,1101,-1.650,2.500
0503100000014529,B,7.99,1977,Pand in gebruik,,121,0.850,0.850,0.850,0.000,968,-1.550,2.400
0503100000014530,B,8.02,1977,Pand in gebruik,,114,0.850,0.850,0.850,0.000,1490,-1.750,2.600
0503100000014531,B,7.89,1977,Pand in gebruik,,119,0.850,0.850,0.850,0.000,1075,-1.750,2.600
0503100000014532,B,65.83,1986,Pand in gebruik,woonfunctie,1072,5.250,7.050,7.750,2.500,2343,-1.350,8.400
0503100000014533,B,53.06,1977,Pand in gebruik,woonfunctie,1271,4.150,4.250,4.350,0.200,2055,-1.450,5.700
0503100000014534,B,52.70,1977,Pand in gebruik,woonfunctie,1245,4.150,4.250,4.350,0.200,2393,-1.650,5.900
0503100000014535,B,52.00,1977,Pand in gebruik,woonfunctie,1222,4.050,4.150,4.250,0.200,1774,-1.550,5.700
0503100000014536,B,7.70,1977,Pand in gebruik,,181,0.950,0.950,0.950,0.000,1641,-1.650,2.600
0503100000014537,B,6.76,1977,Pand in gebruik,,93,0.850,0.850,0.850,0.000,1118,-1.550,2.400
0503100000014538,B,8.28,1977,Pand in gebruik,,131,0.850,0.850,0.850,0.000,1310,-1.550,2.400
0503100000014539,B,53.19,1977,Pand in gebruik,woonfunctie,810,4.050,4.150,4.150,0.100,1415,-1.550,5.700
0503100000014540,B,7.96,1977,Pand in gebruik,,189,0.950,0.950,0.950,0.000,1542,-1.650,2.600
0503100000014541,B,51.99,1977,Pand in gebruik,woonfunctie,857,5.850,6.650,6.650,0.800,1609,-1.550,8.200
0503100000014542,B,6.75,1977,Pand in gebruik,,102,0.850,0.850,0.950,0.100,1396,-1.550,2.400
0503100000014543,B,6.88,1977,Pand in gebruik,,103,2.250,3.250,3.850,1.600,1022,-1.550,4.800
0503100000014544,B,54.02,1977,Pand in gebruik,woonfunctie,889,3.550,3.950,4.050,0.500,2496,-1.550,5.500
0503100000014545,B,64.36,1977,Pand in gebruik,woonfunctie,968,3.250,4.050,4.050,0.800,1406,-1.650,5.700
0503100000014546,B,6.87,1977,Pand in gebruik,,113,2.550,3.450,3.950,1.400,1240,-1.650,5.100
0503100000014547,B,45.31,1986,Pand in gebruik,woonfunctie,910,5.850,7.150,7.750,1.900,1823,-1.450,8.600
0503100000013292,B,788.66,1989,Pand in gebruik,industriefunctie,38350,6.250,11.250,11.350,5.100,24060,0.250,11.000
0503100000015068,B,52.43,1977,Pand in gebruik,woonfunctie,1307,5.050,6.150,6.550,1.500,2143,-1.550,7.700
0503100000015069,B,6.80,1977,Pand in gebruik,,155,0.850,0.850,0.850,0.000,2120,-1.650,2.500
0503100000015070,B,6.92,1977,Pand in gebruik,,153,2.350,3.450,3.950,1.600,1412,-1.450,4.900
0503100000015071,B,54.41,1979,Pand in gebruik,woonfunctie,1146,3.850,4.250,4.250,0.400,2527,-1.350,5.600
0503100000015072,B,56.18,1979,Pand in gebruik,woonfunctie,1280,4.050,4.150,4.250,0.200,2233,-1.450,5.600
0503100000015073,B,54.76,1977,Pand in gebruik,woonfunctie,1272,4.150,4.150,4.150,0.000,2630,-1.550,5.700
0503100000015074,B,6.86,1977,Pand in gebruik,,171,0.850,0.850,0.950,0.100,1681,-1.550,2.400
0503100000015075,B,61.49,1979,Pand in gebruik,woonfunctie,1303,2.150,4.150,4.250,2.100,2715,-1.450,5.600
0503100000015076,B,55.62,1979,Pand in gebruik,woonfunctie,1192,3.850,4.250,4.350,0.500,3064,-1.450,5.700
0503100000015077,B,7.75,1977,Pand in gebruik,,189,0.850,0.850,0.850,0.000,1435,-1.550,2.400
0503100000015078,B,53.41,1977,Pand in gebruik,woonfunctie,1253,4.950,6.750,6.750,1.800,2018,-1.450,8.200
0503100000015079,B,51.85,1977,Pand in gebruik,woonfunctie,1173,3.150,4.050,4.150,1.000,2185,-1.750,5.800
0503100000013758,B,22.14,1978,Pand in gebruik,,535,1.250,1.250,1.250,0.000,2998,-1.350,2.600
0503100000015080,B,50.62,1977,Pand in gebruik,woonfunctie,1291,3.250,4.050,4.050,0.800,1990,-1.550,5.600
0503100000013759,B,8.69,1977,Pand in gebruik,,208,1.250,1.250,1.250,0.000,2237,-1.350,2.600
0503100000013760,B,8.80,1977,Pand in gebruik,,234,1.150,1.250,1.250,0.100,2227,-1.350,2.600
0503100000015081,B,6.86,1977,Pand in gebruik,,198,2.550,3.550,4.150,1.600,1310,-1.450,5.000
0503100000015082,B,7.72,1977,Pand in gebruik,,197,0.850,0.850,0.850,0.000,1986,-1.550,2.400
0503100000013762,B,8.78,1977,Pand in gebruik,,225,1.250,1.250,1.250,0.000,2090,-1.350,2.600
0503100000015083,B,8.27,1977,Pand in gebruik,,199,0.850,0.850,0.950,0.100,2190,-1.650,2.500
0503100000013763,B,41.38,1976,Pand in gebruik,,420,4.150,4.250,4.250,0.100,5556,-1.750,6.000
0503100000015084,B,55.64,1979,Pand in gebruik,woonfunctie,1218,3.750,4.150,4.250,0.500,2622,-1.450,5.600
0503100000013764,B,154.76,1982,Pand in gebruik,kantoorfunctie,7822,5.350,5.550,5.650,0.300,11121,-1.750,7.300
0503100000015085,B,5.98,1979,Pand in gebruik,,144,0.750,0.750,0.850,0.100,1679,-1.350,2.100
0503100000013765,B,168.83,1991,Pand in gebruik,gezondheidszorgfunctie,8364,4.450,4.550,4.550,0.100,8931,-1.750,6.300
0503100000015086,B,7.97,1977,Pand in gebruik,,183,0.950,0.950,0.950,0.000,1840,-1.550,2.500
0503100000013766,B,71.24,1977,Pand in gebruik,overige gebruiksfunctie,3550,1.750,1.750,1.750,0.000,7490,-1.750,3.500
0503100000015087,B,6.62,1977,Pand in gebruik,,150,0.850,0.950,0.950,0.100,1792,-1.550,2.500
0503100000013767,A,9.24,1966,Pand in gebruik,,237,0.350,0.450,0.450,0.100,1577,-1.750,2.200
0503100000015088,B,6.92,1977,Pand in gebruik,,137,0.850,0.950,0.950,0.100,2209,-1.750,2.700
0503100000013768,A,9.26,1966,Pand in gebruik,,218,0.350,0.350,0.450,0.100,2134,-1.650,2.000
0503100000015089,B,6.89,1977,Pand in gebruik,,169,0.850,0.850,0.850,0.000,2353,-1.550,2.400
0503100000013769,A,9.28,1966,Pand in gebruik,,217,0.350,0.450,0.450,0.100,1831,-1.650,2.100
0503100000015090,B,55.66,1979,Pand in gebruik,woonfunctie,1186,3.850,4.250,4.350,0.500,2496,-1.350,5.600
0503100000013770,A,71.60,1964,Pand in gebruik,overige gebruiksfunctie,1839,1.450,1.550,1.550,0.100,3896,-1.750,3.300
0503100000015091,B,54.29,1977,Pand in gebruik,woonfunctie,1329,4.250,6.650,6.650,2.400,2907,-1.550,8.200
0503100000013771,A,9.26,1966,Pand in gebruik,,237,0.350,0.450,0.450,0.100,1951,-1.750,2.200
0503100000013772,A,9.24,1966,Pand in gebruik,,268,0.250,0.350,0.350,0.100,2968,-1.650,2.000
0503100000013773,A,10.65,1964,Pand in gebruik,overige gebruiksfunctie,419,1.250,1.250,1.450,0.200,4855,-1.550,2.800
0503100000013774,A,10.34,1966,Pand in gebruik,,432,1.050,1.050,1.050,0.000,3498,-1.450,2.500
0503100000013775,A,10.52,1966,Pand in gebruik,,430,1.050,1.150,1.150,0.100,3553,-1.450,2.600
0503100000013776,A,10.33,1966,Pand in gebruik,,565,0.950,1.050,1.050,0.100,3160,-1.450,2.500
0503100000013777,A,10.37,1966,Pand in gebruik,,411,1.050,1.050,1.050,0.000,3767,-1.450,2.500
0503100000013778,A,50.95,1966,Pand in gebruik,woonfunctie,3512,4.350,4.350,4.450,0.100,5938,-1.450,5.800
0503100000013779,A,51.84,1966,Pand in gebruik,woonfunctie,3522,4.350,4.350,4.450,0.100,7279,-1.550,5.900
0503100000013780,A,51.85,1966,Pand in gebruik,woonfunctie,3574,4.350,4.350,4.450,0.100,8474,-1.650,6.000
0503100000014219,B,6.90,1977,Pand in gebruik,,97,0.750,0.750,0.750,0.000,1164,-1.750,2.500
0503100000014220,B,51.73,1977,Pand in gebruik,woonfunctie,851,4.050,4.050,4.150,0.100,1995,-1.650,5.700
0503100000014221,B,8.11,1977,Pand in gebruik,,133,0.850,0.850,0.850,0.000,1228,-1.550,2.400
0503100000014222,B,7.68,1977,Pand in gebruik,,124,0.950,0.950,0.950,0.000,1187,-1.750,2.700
0503100000014223,B,6.64,1977,Pand in gebruik,,116,0.850,0.950,0.950,0.100,976,-1.550,2.500
0503100000014224,B,8.08,1977,Pand in gebruik,,134,0.850,0.850,0.850,0.000,1193,-1.550,2.400
0503100000014225,B,52.33,1977,Pand in gebruik,woonfunctie,864,4.150,4.150,4.150,0.000,1344,-1.550,5.700
0503100000014226,B,8.12,1977,Pand in gebruik,,126,0.350,0.350,0.350,0.000,1425,-2.050,2.400
0503100000014227,B,7.63,1977,Pand in gebruik,,126,0.950,0.950,0.950,0.000,1106,-1.750,2.700
0503100000014228,B,8.12,1977,Pand in gebruik,,132,0.950,0.950,0.950,0.000,1172,-1.750,2.700
0503100000014229,B,52.08,1977,Pand in gebruik,woonfunctie,856,5.250,6.650,6.650,1.400,1213,-1.550,8.200
0503100000014626,B,8.37,1977,Pand in gebruik,,198,0.950,0.950,1.050,0.100,2609,-1.650,2.600
0503100000014627,B,53.65,1977,Pand in gebruik,woonfunctie,1333,4.150,4.250,4.350,0.200,2056,-1.450,5.700
0503100000014628,B,53.52,1977,Pand in gebruik,woonfunctie,1224,5.250,6.750,6.750,1.500,2964,-1.750,8.500
0503100000014629,B,6.76,1977,Pand in gebruik,,97,0.850,0.850,0.850,0.000,996,-1.550,2.400
0503100000014631,B,54.79,1977,Pand in gebruik,woonfunctie,1249,4.150,4.250,4.350,0.200,2538,-1.550,5.800
0503100000014632,B,51.22,1977,Pand in gebruik,woonfunctie,1205,4.150,4.250,4.350,0.200,1539,-1.550,5.800
0503100000014633,B,6.90,1977,Pand in gebruik,,173,0.950,0.950,0.950,0.000,1966,-1.650,2.600
0503100000014634,B,8.03,1977,Pand in gebruik,,165,0.850,0.850,0.950,0.100,1949,-1.750,2.600
0503100000014635,B,51.95,1977,Pand in gebruik,woonfunctie,1223,4.950,6.750,6.750,1.800,2255,-1.550,8.300
0503100000014636,B,54.55,1977,Pand in gebruik,woonfunctie,868,4.050,4.050,4.150,0.100,1937,-1.550,5.600
0503100000014637,B,54.81,1977,Pand in gebruik,woonfunctie,844,4.050,4.150,4.150,0.100,1717,-1.650,5.800
0503100000014639,B,8.13,1977,Pand in gebruik,,191,0.850,0.850,0.850,0.000,1963,-1.550,2.400
0503100000014640,B,8.09,1977,Pand in gebruik,,191,0.950,0.950,1.050,0.100,2255,-1.550,2.500
0503100000014641,B,53.10,1977,Pand in gebruik,woonfunctie,1248,4.850,6.850,6.950,2.100,1565,-1.450,8.300
0503100000014642,B,6.75,1977,Pand in gebruik,,73,0.950,0.950,1.050,0.100,2003,-1.650,2.600
0503100000014643,B,376.12,1985,Pand in gebruik,kantoorfunctie,9005,4.150,4.150,4.250,0.100,8553,-1.850,6.000
0503100000014644,A,76.25,1964,Pand in gebruik,overige gebruiksfunctie,2546,1.250,1.250,1.350,0.100,8099,-1.850,3.100
0503100000014645,A,53.20,1967,Pand in gebruik,woonfunctie,1811,5.750,6.950,6.950,1.200,3075,-1.650,8.600
0503100000014646,A,9.21,1967,Pand in gebruik,,321,0.450,0.450,0.450,0.000,2172,-1.750,2.200
0503100000014647,A,9.25,1967,Pand in gebruik,,312,0.350,0.450,0.450,0.100,2150,-1.750,2.200
0503100000014648,A,51.73,1967,Pand in gebruik,woonfunctie,1762,5.750,6.950,6.950,1.200,1982,-1.550,8.500
0503100000014649,A,51.79,1967,Pand in gebruik,woonfunctie,1792,5.650,6.950,6.950,1.300,1821,-1.550,8.500
0503100000014650,A,9.18,1967,Pand in gebruik,,317,0.550,0.550,0.550,0.000,2010,-1.650,2.200
0503100000014651,A,9.22,1967,Pand in gebruik,,314,0.350,0.450,0.550,0.200,2304,-1.850,2.300
0503100000014652,A,9.22,1967,Pand in gebruik,,243,0.450,0.450,0.550,0.100,1960,-1.750,2.200
0503100000014653,A,9.46,1967,Pand in gebruik,,203,0.450,0.450,0.550,0.100,1970,-1.850,2.300
0503100000014654,A,53.40,1967,Pand in gebruik,woonfunctie,1767,4.250,4.250,4.250,0.000,2896,-1.650,5.900
0503100000014655,A,9.25,1967,Pand in gebruik,,309,0.350,0.450,0.450,0.100,1999,-1.750,2.200
0503100000013831,A,50.61,1966,Pand in gebruik,woonfunctie,2513,4.350,4.350,4.550,0.200,4005,-1.350,5.700
0503100000013832,A,50.62,1966,Pand in gebruik,woonfunctie,2389,4.350,4.350,4.550,0.200,3849,-1.350,5.700
0503100000013833,A,9.36,1966,Pand in gebruik,,368,0.950,0.950,1.050,0.100,3052,-1.350,2.300
0503100000013835,A,9.05,1966,Pand in gebruik,,439,0.850,0.950,0.950,0.100,4212,-1.450,2.400
0503100000013836,A,9.32,1966,Pand in gebruik,,471,0.850,0.950,0.950,0.100,3588,-1.450,2.400
0503100000013837,A,9.27,1966,Pand in gebruik,,463,0.550,0.650,0.650,0.100,3837,-1.650,2.300
0503100000013838,A,50.63,1966,Pand in gebruik,woonfunctie,1629,4.350,4.350,4.550,0.200,2088,-1.250,5.600
0503100000013839,A,50.64,1966,Pand in gebruik,woonfunctie,1646,4.350,4.350,4.350,0.000,2421,-1.350,5.700
0503100000013841,A,53.37,1966,Pand in gebruik,woonfunctie,2732,4.350,4.350,4.550,0.200,5109,-1.350,5.700
0503100000013842,A,54.65,1966,Pand in gebruik,woonfunctie,2768,4.350,4.350,4.550,0.200,6699,-1.650,6.000
0503100000013843,A,52.45,1966,Pand in gebruik,woonfunctie,2630,4.350,4.350,4.550,0.200,4591,-1.350,5.700
0503100000013844,A,52.05,1966,Pand in gebruik,woonfunctie,2638,4.350,4.350,4.550,0.200,6113,-1.450,5.800
0503100000013845,A,50.62,1966,Pand in gebruik,woonfunctie,2600,4.350,4.350,4.550,0.200,4172,-1.350,5.700
0503100000015176,B,6.73,1977,Pand in gebruik,,162,0.850,0.850,0.950,0.100,2197,-1.650,2.500
0503100000013846,A,52.80,1966,Pand in gebruik,woonfunctie,2664,4.350,4.350,4.350,0.000,4329,-1.350,5.700
0503100000015177,B,52.86,1977,Pand in gebruik,woonfunctie,1258,4.150,4.150,4.250,0.100,2130,-1.450,5.600
0503100000013847,A,9.28,1966,Pand in gebruik,,471,0.750,0.850,0.850,0.100,3802,-1.450,2.300
0503100000015178,B,7.92,1977,Pand in gebruik,,171,0.850,0.950,0.950,0.100,1768,-1.650,2.600
0503100000013848,A,9.09,1966,Pand in gebruik,,452,0.750,0.750,0.750,0.000,2908,-1.550,2.300
0503100000013849,A,54.93,1966,Pand in gebruik,woonfunctie,2136,4.350,4.350,4.550,0.200,5211,-1.450,5.800
0503100000013850,A,52.78,1966,Pand in gebruik,woonfunctie,2683,4.350,4.350,4.550,0.200,4796,-1.350,5.700
0503100000015180,B,54.70,1977,Pand in gebruik,woonfunctie,1230,4.950,6.750,6.750,1.800,2227,-1.450,8.200
0503100000013851,A,54.58,1966,Pand in gebruik,woonfunctie,2690,7.250,7.350,7.450,0.200,6703,-1.450,8.800
0503100000015181,B,6.63,1977,Pand in gebruik,,167,0.850,0.850,0.950,0.100,1864,-1.550,2.400
0503100000013852,A,50.59,1966,Pand in gebruik,woonfunctie,1635,4.350,4.350,4.550,0.200,2036,-1.250,5.600
0503100000013853,A,50.61,1966,Pand in gebruik,woonfunctie,2573,4.350,4.350,4.550,0.200,4023,-1.350,5.700
0503100000013854,A,52.88,1966,Pand in gebruik,woonfunctie,2657,4.350,4.350,4.550,0.200,4384,-1.350,5.700
0503100000015182,B,53.97,1977,Pand in gebruik,woonfunctie,1336,4.150,4.250,4.350,0.200,2675,-1.550,5.800
0503100000013855,A,50.64,1966,Pand in gebruik,woonfunctie,1622,4.250,4.350,4.350,0.100,2386,-1.350,5.700
0503100000015183,B,8.05,1977,Pand in gebruik,,196,0.850,0.850,0.850,0.000,1661,-1.550,2.400
0503100000013856,A,9.35,1966,Pand in gebruik,,286,1.050,1.050,1.150,0.100,2064,-1.350,2.400
0503100000015184,B,50.64,1977,Pand in gebruik,woonfunctie,1177,3.250,4.050,4.050,0.800,2057,-1.550,5.600
0503100000013857,A,9.41,1966,Pand in gebruik,,303,0.950,1.050,1.050,0.100,2658,-1.350,2.400
0503100000015185,B,5.36,1979,Pand in gebruik,,140,0.650,0.750,0.850,0.200,1588,-1.350,2.100
0503100000013858,B,19.09,1996,Pand in gebruik,,301,3.150,3.150,3.250,0.100,1891,0.650,2.500
0503100000015186,B,7.95,1977,Pand in gebruik,,175,0.850,0.850,0.950,0.100,1462,-1.550,2.400
0503100000013859,B,54.92,1996,Pand in gebruik,woonfunctie,871,6.350,6.850,7.050,0.700,1286,0.650,6.200
0503100000015187,B,53.47,1977,Pand in gebruik,woonfunctie,1267,4.550,6.650,6.650,2.100,1741,-1.550,8.200
0503100000015188,B,53.50,1977,Pand in gebruik,woonfunctie,1292,4.450,6.650,6.750,2.300,1833,-1.450,8.100
0503100000015189,B,56.12,1979,Pand in gebruik,woonfunctie,1253,4.050,4.150,4.250,0.200,3355,-1.550,5.700
0503100000015190,B,6.62,1977,Pand in gebruik,,161,0.850,0.850,0.950,0.100,1579,-1.550,2.400
0503100000015191,B,55.90,1979,Pand in gebruik,woonfunctie,1176,3.850,4.150,4.250,0.400,2595,-1.450,5.600
0503100000015192,B,8.02,1977,Pand in gebruik,,204,1.050,1.050,1.150,0.100,2179,-1.650,2.700
0503100000013864,A,50.93,1966,Pand in gebruik,woonfunctie,3527,4.350,4.350,4.450,0.100,5970,-1.450,5.800
0503100000015193,B,50.62,1977,Pand in gebruik,woonfunctie,1164,3.250,4.050,4.050,0.800,2214,-1.550,5.600
0503100000013865,A,10.33,1966,Pand in gebruik,,528,1.050,1.050,1.050,0.000,3416,-1.450,2.500
0503100000015194,B,53.85,1977,Pand in gebruik,woonfunctie,1439,3.650,4.150,4.150,0.500,2809,-1.550,5.700
0503100000013866,A,50.67,1966,Pand in gebruik,woonfunctie,3480,4.350,4.350,4.450,0.100,5635,-1.450,5.800
0503100000015195,B,8.11,1977,Pand in gebruik,,184,0.850,0.850,0.850,0.000,2292,-1.550,2.400
0503100000013867,A,50.95,1966,Pand in gebruik,woonfunctie,3515,4.350,4.450,4.550,0.200,6175,-1.450,5.900
0503100000015196,B,55.13,1977,Pand in gebruik,woonfunctie,1286,4.950,6.650,6.650,1.700,1867,-1.550,8.200
0503100000013868,A,50.66,1966,Pand in gebruik,woonfunctie,3512,4.350,4.350,4.450,0.100,5794,-1.450,5.800
0503100000015197,B,55.56,1979,Pand in gebruik,woonfunctie,1242,3.850,4.250,4.350,0.500,2363,-1.350,5.600
0503100000013869,A,52.10,1966,Pand in gebruik,woonfunctie,3567,4.350,4.450,4.550,0.200,9077,-1.650,6.100
0503100000015198,B,54.98,1979,Pand in gebruik,woonfunctie,1207,3.950,4.350,4.450,0.500,2810,-1.350,5.700
0503100000013870,A,50.66,1966,Pand in gebruik,woonfunctie,3513,4.350,4.350,4.450,0.100,5384,-1.450,5.800
0503100000013871,A,50.67,1966,Pand in gebruik,woonfunctie,3477,4.350,4.450,4.550,0.200,5653,-1.450,5.900
0503100000013872,A,50.71,1966,Pand in gebruik,woonfunctie,3473,4.350,4.450,4.550,0.200,5984,-1.450,5.900
0503100000015199,B,8.10,1977,Pand in gebruik,,182,0.950,0.950,0.950,0.000,1734,-1.550,2.500
0503100000013873,A,51.99,1966,Pand in gebruik,woonfunctie,3550,4.350,4.450,4.550,0.200,9040,-1.650,6.100
0503100000013874,A,10.65,1964,Pand in gebruik,overige gebruiksfunctie,367,1.250,1.250,1.450,0.200,3546,-1.450,2.700
0503100000013875,A,51.99,1966,Pand in gebruik,woonfunctie,2861,4.350,4.350,4.450,0.100,7221,-1.450,5.800
0503100000015201,A,9.29,1966,Pand in gebruik,,402,0.350,0.450,0.550,0.200,3341,-1.750,2.200
0503100000013876,A,50.71,1966,Pand in gebruik,woonfunctie,3484,4.350,4.350,4.350,0.000,5689,-1.350,5.700
0503100000015202,A,9.28,1966,Pand in gebruik,,391,0.450,0.450,0.550,0.100,3118,-1.750,2.200
0503100000013877,A,50.71,1966,Pand in gebruik,woonfunctie,3533,4.350,4.450,4.550,0.200,6078,-1.450,5.900
0503100000013878,A,50.71,1966,Pand in gebruik,woonfunctie,3487,4.350,4.450,4.550,0.200,5654,-1.450,5.900
0503100000013879,B,197.29,1972,Pand in gebruik,kantoorfunctie,9480,2.050,5.150,5.150,3.100,8767,-1.550,6.700
0503100000013880,A,50.71,1966,Pand in gebruik,woonfunctie,3503,4.350,4.350,4.350,0.000,5284,-1.350,5.700
0503100000013881,A,50.72,1966,Pand in gebruik,woonfunctie,3545,4.350,4.450,4.550,0.200,5406,-1.450,5.900
0503100000013882,B,97.51,2001,Pand in gebruik,kantoorfunctie,3218,8.750,8.750,8.850,0.100,1985,-0.850,9.600
0503100000013883,B,101.25,2001,Pand in gebruik,industriefunctie,3293,4.850,4.850,4.950,0.100,4446,-0.650,5.500
0503100000013884,B,97.52,2001,Pand in gebruik,"industriefunctie,woonfunctie",3217,8.750,8.750,8.850,0.100,2105,-0.750,9.500
0503100000013885,B,100.71,1969,Pand in gebruik,kantoorfunctie,3279,8.750,8.750,8.850,0.100,4652,-0.750,9.500
0503100000013886,B,164.65,1993,Pand in gebruik,,5317,2.450,2.450,2.450,0.000,7611,-0.550,3.000
0503100000013887,B,182.29,2001,Pand in gebruik,kantoorfunctie,5759,8.750,8.750,8.850,0.100,8436,-0.750,9.500
0503100000013888,B,97.55,2001,Pand in gebruik,industriefunctie,3157,8.750,8.750,8.850,0.100,2998,-0.750,9.500
0503100000013889,B,97.50,2001,Pand in gebruik,industriefunctie,3119,4.850,4.850,4.850,0.000,2319,-0.750,5.600
0503100000013890,B,97.56,2001,Pand in gebruik,"industriefunctie,woonfunctie",3151,8.750,8.750,8.850,0.100,2741,-0.850,9.600
0503100000013891,B,97.49,2001,Pand in gebruik,industriefunctie,3130,4.750,4.850,4.850,0.100,2381,-0.750,5.600
0503100000013892,B,97.65,2001,Pand in gebruik,industriefunctie,3170,4.750,4.850,4.850,0.100,2261,-0.750,5.600
0503100000013893,B,40.13,1964,Pand in gebruik,overige gebruiksfunctie,1276,2.550,2.550,2.650,0.100,5026,-0.550,3.100
0503100000013894,B,101.46,2001,Pand in gebruik,industriefunctie,3309,8.750,8.750,8.850,0.100,5677,-0.750,9.500
0503100000014718,A,9.29,1967,Pand in gebruik,,307,0.350,0.450,0.450,0.100,2249,-1.750,2.200
0503100000014309,B,6.93,1977,Pand in gebruik,,54,0.950,0.950,0.950,0.000,1020,-1.550,2.500
0503100000014719,A,51.64,1967,Pand in gebruik,woonfunctie,1786,5.650,6.950,6.950,1.300,2652,-1.550,8.500
0503100000014310,B,92.02,1993,Pand in gebruik,woonfunctie,1484,5.550,5.650,5.650,0.100,2557,-1.550,7.200
0503100000014720,A,9.24,1967,Pand in gebruik,,261,0.450,0.450,0.550,0.100,2057,-1.750,2.200
0503100000014311,B,51.52,1977,Pand in gebruik,woonfunctie,873,3.950,4.150,4.150,0.200,1379,-1.450,5.600
0503100000014721,A,9.19,1967,Pand in gebruik,,317,0.450,0.550,0.550,0.100,2229,-1.750,2.300
0503100000014312,B,8.07,1977,Pand in gebruik,,134,0.950,0.950,0.950,0.000,1391,-1.550,2.500
0503100000014722,A,9.04,1967,Pand in gebruik,,310,0.450,0.550,0.550,0.100,2127,-1.750,2.300
0503100000014313,B,6.90,1977,Pand in gebruik,,104,0.850,0.850,0.950,0.100,1137,-1.550,2.400
0503100000014723,A,51.61,1967,Pand in gebruik,woonfunctie,1780,5.650,6.950,6.950,1.300,2144,-1.550,8.500
0503100000014314,B,11.87,1982,Pand in gebruik,,201,1.050,1.050,1.150,0.100,1332,-1.450,2.500
0503100000014724,A,9.18,1967,Pand in gebruik,,286,0.450,0.450,0.550,0.100,1924,-1.850,2.300
0503100000014315,B,7.99,1977,Pand in gebruik,,186,0.850,0.850,0.850,0.000,2431,-1.750,2.600
0503100000014725,A,52.81,1967,Pand in gebruik,woonfunctie,1848,5.650,7.050,7.150,1.500,4140,-1.650,8.700
0503100000014316,B,50.32,1977,Pand in gebruik,woonfunctie,826,4.050,4.050,4.050,0.000,1470,-1.650,5.700
0503100000014726,A,51.80,1967,Pand in gebruik,woonfunctie,2588,5.750,6.950,7.050,1.300,3914,-1.550,8.500
0503100000014727,A,9.09,1967,Pand in gebruik,,307,0.350,0.450,0.450,0.100,2518,-1.750,2.200
0503100000014317,B,51.91,1977,Pand in gebruik,woonfunctie,814,4.250,6.550,6.650,2.400,2456,-1.750,8.300
0503100000014728,A,155.58,1965,Pand in gebruik,overige gebruiksfunctie,4621,2.750,2.850,48.750,46.000,5259,-1.850,4.700
0503100000014318,B,8.13,1977,Pand in gebruik,,137,0.350,0.450,0.450,0.100,1443,-1.950,2.400
0503100000014729,A,51.93,1967,Pand in gebruik,woonfunctie,2057,5.750,6.950,7.050,1.300,3564,-1.550,8.500
0503100000014319,B,8.04,1977,Pand in gebruik,,117,0.950,0.950,0.950,0.000,1183,-1.650,2.600
0503100000014730,A,9.30,1967,Pand in gebruik,,303,0.350,0.450,0.450,0.100,2360,-1.650,2.100
0503100000014320,B,52.31,1977,Pand in gebruik,woonfunctie,858,4.850,6.750,6.850,2.000,1177,-1.450,8.200
0503100000014731,A,51.66,1967,Pand in gebruik,woonfunctie,2490,4.350,4.450,4.550,0.200,3766,-1.450,5.900
0503100000014321,B,6.79,1977,Pand in gebruik,,108,0.350,0.350,0.450,0.100,1417,-1.950,2.300
0503100000014322,B,53.16,1977,Pand in gebruik,woonfunctie,861,4.750,6.750,6.750,2.000,1267,-1.450,8.200
0503100000014732,A,9.28,1967,Pand in gebruik,,324,0.450,0.550,0.550,0.100,2398,-1.750,2.300
0503100000014323,B,50.61,1977,Pand in gebruik,woonfunctie,839,3.250,4.150,4.250,1.000,1579,-1.450,5.600
0503100000014733,A,51.87,1967,Pand in gebruik,woonfunctie,1671,6.250,7.750,7.750,1.500,2802,-0.850,8.600
0503100000014324,B,296.92,1982,Pand in gebruik,woonfunctie,4471,4.150,5.150,6.750,2.600,4381,-1.550,6.700
0503100000014734,A,9.39,1967,Pand in gebruik,,297,1.150,1.250,1.250,0.100,1974,-1.150,2.400
0503100000014325,B,54.56,1977,Pand in gebruik,woonfunctie,1276,4.950,6.750,6.750,1.800,2906,-1.650,8.400
0503100000014735,A,9.18,1967,Pand in gebruik,,297,1.050,1.150,1.150,0.100,2294,-1.150,2.300
0503100000014326,B,53.13,1977,Pand in gebruik,woonfunctie,872,3.650,4.050,4.150,0.500,1745,-1.650,5.700
0503100000014736,A,9.32,1966,Pand in gebruik,,305,0.950,1.050,1.050,0.100,2435,-1.450,2.500
0503100000014327,B,52.09,1977,Pand in gebruik,woonfunctie,848,5.250,6.650,6.750,1.500,1258,-1.550,8.200
0503100000014737,A,9.24,1967,Pand in gebruik,,298,1.250,1.250,1.250,0.000,2201,-0.950,2.200
0503100000014738,A,9.21,1967,Pand in gebruik,,291,1.150,1.150,1.150,0.000,2192,-1.150,2.300
0503100000014328,B,8.02,1977,Pand in gebruik,,128,0.950,0.950,0.950,0.000,1246,-1.750,2.700
0503100000014739,A,51.67,1967,Pand in gebruik,woonfunctie,1646,5.850,7.150,7.150,1.300,2595,-1.150,8.300
0503100000014329,B,53.47,1977,Pand in gebruik,woonfunctie,857,4.750,6.850,6.950,2.200,1340,-1.450,8.300
0503100000014740,A,9.23,1967,Pand in gebruik,,285,1.150,1.150,1.150,0.000,1784,-1.150,2.300
0503100000014330,B,6.93,1977,Pand in gebruik,,109,0.350,0.450,0.450,0.100,1659,-1.950,2.400
0503100000014741,A,53.36,1967,Pand in gebruik,woonfunctie,1668,5.550,7.150,7.150,1.600,3261,-1.150,8.300
0503100000014331,B,6.83,1977,Pand in gebruik,,117,0.850,0.950,0.950,0.100,1156,-1.450,2.400
0503100000014742,A,9.25,1967,Pand in gebruik,,300,1.250,1.350,1.350,0.100,2061,-1.050,2.400
0503100000014332,B,52.08,1977,Pand in gebruik,woonfunctie,904,3.250,4.150,4.150,0.900,2342,-1.550,5.700
0503100000014743,A,9.24,1967,Pand in gebruik,,291,1.150,1.250,1.250,0.100,2002,-1.150,2.400
0503100000014333,B,6.90,1977,Pand in gebruik,,114,0.950,0.950,0.950,0.000,1457,-1.550,2.500
0503100000014744,A,51.62,1967,Pand in gebruik,woonfunctie,1629,5.850,7.150,7.150,1.300,2389,-1.150,8.300
0503100000014745,A,51.84,1967,Pand in gebruik,woonfunctie,1673,5.850,7.150,7.150,1.300,2561,-1.250,8.400
0503100000014746,A,9.23,1967,Pand in gebruik,,302,1.150,1.150,1.250,0.100,2127,-1.150,2.300
0503100000014747,A,51.56,1967,Pand in gebruik,woonfunctie,1656,6.650,7.850,7.950,1.300,2648,-0.950,8.800
0503100000014748,A,53.14,1967,Pand in gebruik,woonfunctie,1601,5.050,5.050,5.050,0.000,2678,-1.050,6.100
0503100000014749,A,9.25,1967,Pand in gebruik,,282,1.250,1.250,1.350,0.100,2230,-0.950,2.200
0503100000014750,A,9.14,1967,Pand in gebruik,,295,1.050,1.150,1.150,0.100,2341,-1.150,2.300
0503100000015286,A,9.08,1967,Pand in gebruik,,311,0.450,0.450,0.550,0.100,1823,-1.850,2.300
0503100000015287,A,9.28,1966,Pand in gebruik,,467,0.250,0.350,0.350,0.100,4622,-1.650,2.000
0503100000015288,A,9.22,1967,Pand in gebruik,,325,0.350,0.450,0.450,0.100,1992,-1.750,2.200
0503100000015289,A,69.86,1967,Pand in gebruik,woonfunctie,2348,4.650,6.950,7.050,2.400,3022,-1.650,8.600
0503100000015290,A,51.36,1967,Pand in gebruik,woonfunctie,1729,4.250,4.250,4.250,0.000,2893,-1.550,5.800
0503100000015291,A,52.51,1966,Pand in gebruik,woonfunctie,2743,4.250,4.350,4.350,0.100,4215,-1.650,6.000
0503100000015292,A,52.54,1966,Pand in gebruik,woonfunctie,2695,4.250,4.350,4.350,0.100,4629,-1.550,5.900
0503100000015293,A,51.74,1967,Pand in gebruik,woonfunctie,1800,5.750,6.950,6.950,1.200,2065,-1.550,8.500
0503100000015294,A,51.61,1967,Pand in gebruik,woonfunctie,1764,4.250,4.250,4.250,0.000,2662,-1.650,5.900
0503100000015295,A,51.65,1967,Pand in gebruik,woonfunctie,1731,4.250,4.250,4.250,0.000,2998,-1.650,5.900
0503100000015296,A,9.17,1967,Pand in gebruik,,319,0.450,0.550,0.550,0.100,2761,-1.550,2.100
0503100000015297,A,52.54,1966,Pand in gebruik,woonfunctie,2416,4.250,4.350,4.650,0.400,3882,-1.650,6.000
0503100000015298,A,52.64,1966,Pand in gebruik,woonfunctie,2724,4.250,4.350,4.350,0.100,4524,-1.550,5.900
0503100000015299,A,53.92,1967,Pand in gebruik,woonfunctie,2638,4.250,4.250,4.350,0.100,7071,-1.550,5.800
0503100000015300,A,52.54,1966,Pand in gebruik,woonfunctie,2718,4.250,4.350,4.550,0.300,5096,-1.550,5.900
0503100000015301,A,9.21,1966,Pand in gebruik,,493,0.350,0.350,0.450,0.100,3658,-1.850,2.200
0503100000015302,A,9.24,1966,Pand in gebruik,,491,0.350,0.350,0.450,0.100,3659,-1.850,2.200
0503100000015303,A,9.17,1967,Pand in gebruik,,285,0.450,0.550,0.550,0.100,1995,-1.750,2.300
0503100000015304,A,52.54,1966,Pand in gebruik,woonfunctie,1796,4.250,4.350,4.450,0.200,3292,-1.550,5.900
0503100000015305,A,70.14,1966,Pand in gebruik,woonfunctie,3536,4.250,4.250,4.350,0.100,6061,-1.650,5.900
0503100000015306,A,52.66,1966,Pand in gebruik,woonfunctie,2761,4.250,4.350,4.350,0.100,4321,-1.650,6.000
0503100000015307,A,51.47,1967,Pand in gebruik,woonfunctie,1952,4.250,4.250,4.250,0.000,4260,-1.550,5.800
0503100000015308,A,9.22,1966,Pand in gebruik,,484,0.350,0.350,0.450,0.100,3865,-1.950,2.300
0503100000015309,A,9.21,1966,Pand in gebruik,,474,0.350,0.350,0.450,0.100,3774,-1.950,2.300
0503100000015310,A,9.16,1966,Pand in gebruik,,470,0.250,0.250,0.350,0.100,3763,-1.950,2.200
0503100000015311,A,9.12,1966,Pand in gebruik,,469,0.250,0.350,0.350,0.100,3548,-1.950,2.300
0503100000015312,A,52.66,1966,Pand in gebruik,woonfunctie,2803,4.350,4.350,4.550,0.200,4811,-1.650,6.000
0503100000015313,A,9.18,1966,Pand in gebruik,,482,0.250,0.350,0.350,0.100,3775,-1.750,2.100
0503100000015314,A,51.67,1966,Pand in gebruik,woonfunctie,2575,4.350,4.450,4.550,0.200,5707,-1.650,6.100
0503100000015315,A,8.95,1966,Pand in gebruik,,599,0.350,0.450,0.550,0.200,4528,-1.750,2.200
0503100000015316,A,50.92,1966,Pand in gebruik,woonfunctie,2593,4.350,4.450,4.550,0.200,3938,-1.550,6.000
0503100000015317,A,52.66,1966,Pand in gebruik,woonfunctie,2811,4.250,4.350,4.350,0.100,4716,-1.550,5.900
0503100000015318,A,54.58,1966,Pand in gebruik,woonfunctie,2376,4.250,4.350,4.350,0.100,5976,-1.650,6.000
0503100000014410,B,50.17,1977,Pand in gebruik,woonfunctie,818,4.150,6.650,6.650,2.500,1606,-1.550,8.200
0503100000014411,B,51.63,1977,Pand in gebruik,woonfunctie,814,4.350,6.850,6.950,2.600,1360,-1.550,8.400
0503100000014412,B,8.24,1977,Pand in gebruik,,127,0.850,0.850,0.850,0.000,1605,-1.750,2.600
0503100000014413,B,8.07,1977,Pand in gebruik,,128,0.350,0.350,0.350,0.000,1500,-1.950,2.300
0503100000014414,B,51.60,1977,Pand in gebruik,woonfunctie,838,3.850,4.150,4.350,0.500,1351,-1.450,5.600
0503100000014415,B,7.87,1977,Pand in gebruik,,129,0.850,0.850,0.850,0.000,1125,-1.650,2.500
0503100000014416,B,8.08,1977,Pand in gebruik,,132,0.850,0.850,0.850,0.000,1206,-1.550,2.400
0503100000014417,B,52.58,1977,Pand in gebruik,woonfunctie,803,4.150,4.150,4.150,0.000,1295,-1.550,5.700
0503100000014418,B,6.73,1977,Pand in gebruik,,105,0.350,0.350,0.350,0.000,1394,-1.950,2.300
0503100000014419,B,52.33,1977,Pand in gebruik,woonfunctie,864,4.550,6.750,6.750,2.200,1167,-1.550,8.300
0503100000014420,B,52.08,1977,Pand in gebruik,woonfunctie,836,5.650,6.650,6.750,1.100,1029,-1.550,8.200
0503100000014835,A,59.22,1967,Pand in gebruik,woonfunctie,1875,6.150,7.750,7.750,1.600,2888,-1.050,8.800
0503100000014421,B,8.34,1977,Pand in gebruik,,128,0.950,0.950,0.950,0.000,1722,-1.650,2.600
0503100000014836,A,51.97,1967,Pand in gebruik,woonfunctie,1582,5.050,5.050,5.050,0.000,2591,-0.950,6.000
0503100000014422,B,8.15,1977,Pand in gebruik,,128,0.950,0.950,0.950,0.000,1459,-1.450,2.400
0503100000014837,A,53.71,1967,Pand in gebruik,woonfunctie,1737,6.350,7.750,7.750,1.400,2726,-1.150,8.900
0503100000014423,B,52.16,1977,Pand in gebruik,woonfunctie,856,3.250,4.150,4.150,0.900,2122,-1.550,5.700
0503100000014838,A,54.20,1967,Pand in gebruik,woonfunctie,1725,6.450,7.750,7.750,1.300,2819,-0.750,8.500
0503100000014424,B,50.55,1977,Pand in gebruik,woonfunctie,863,3.350,4.150,4.150,0.800,1646,-1.550,5.700
0503100000014839,A,9.20,1967,Pand in gebruik,,292,1.450,1.450,1.450,0.000,2358,-0.750,2.200
0503100000014425,B,8.10,1977,Pand in gebruik,,131,0.850,0.850,0.850,0.000,1081,-1.550,2.400
0503100000014840,A,9.25,1967,Pand in gebruik,,287,1.450,1.450,1.450,0.000,2275,-0.750,2.200
0503100000014426,B,50.67,1977,Pand in gebruik,woonfunctie,847,4.050,6.650,6.750,2.700,1785,-1.550,8.200
0503100000014841,A,9.39,1966,Pand in gebruik,,289,1.650,1.650,1.650,0.000,1907,-0.750,2.400
0503100000014427,B,50.93,1977,Pand in gebruik,woonfunctie,836,4.050,6.650,6.750,2.700,1586,-1.550,8.200
0503100000014842,A,9.29,1967,Pand in gebruik,,284,1.450,1.550,1.550,0.100,2048,-0.750,2.300
0503100000014843,A,51.96,1967,Pand in gebruik,woonfunctie,1582,5.350,5.350,5.350,0.000,2068,-0.450,5.800
0503100000014428,B,8.15,1977,Pand in gebruik,,139,0.350,0.350,0.350,0.000,1503,-1.950,2.300
0503100000014844,A,9.24,1967,Pand in gebruik,,275,1.450,1.450,1.550,0.100,1922,-0.750,2.200
0503100000014429,B,53.58,1977,Pand in gebruik,woonfunctie,851,4.750,6.750,6.750,2.000,2110,-1.650,8.400
0503100000014845,A,71.37,1964,Pand in gebruik,overige gebruiksfunctie,2080,1.850,1.850,1.850,0.000,4851,-1.150,3.000
0503100000014430,B,7.90,1977,Pand in gebruik,,125,0.850,0.850,0.950,0.100,1087,-1.550,2.400
0503100000014846,A,9.26,1967,Pand in gebruik,,223,1.350,1.350,1.450,0.100,1690,-0.750,2.100
0503100000014847,A,51.71,1967,Pand in gebruik,woonfunctie,1639,6.450,7.750,7.850,1.400,2501,-0.750,8.500
0503100000014431,B,54.13,1977,Pand in gebruik,woonfunctie,841,4.050,4.050,4.150,0.100,1561,-1.650,5.700
0503100000014432,B,53.23,1977,Pand in gebruik,woonfunctie,855,4.250,6.650,6.750,2.500,1375,-1.550,8.200
0503100000014848,A,56.73,1967,Pand in gebruik,woonfunctie,1775,6.350,7.750,7.750,1.400,2276,-0.750,8.500
0503100000014433,B,8.06,1977,Pand in gebruik,,197,0.850,0.850,0.850,0.000,2214,-1.550,2.400
0503100000014849,A,9.25,1967,Pand in gebruik,,205,1.350,1.350,1.350,0.000,1479,-0.750,2.100
0503100000014434,B,6.74,1977,Pand in gebruik,,112,0.850,0.850,0.850,0.000,1468,-1.550,2.400
0503100000014435,B,52.03,1977,Pand in gebruik,woonfunctie,861,5.050,6.250,6.650,1.600,1529,-1.550,7.800
0503100000014850,A,66.14,1967,Pand in gebruik,woonfunctie,1966,6.050,8.050,8.150,2.100,3058,-0.550,8.600
0503100000014436,B,7.98,1977,Pand in gebruik,,127,0.850,0.850,0.850,0.000,821,-1.750,2.600
0503100000014851,A,9.25,1967,Pand in gebruik,,300,1.450,1.550,1.550,0.100,1982,-0.750,2.300
0503100000014437,B,8.07,1977,Pand in gebruik,,125,0.850,0.850,0.850,0.000,1189,-1.750,2.600
0503100000014852,A,52.91,1967,Pand in gebruik,woonfunctie,1681,6.750,8.050,8.150,1.400,3477,-0.450,8.500
0503100000014438,B,52.37,1977,Pand in gebruik,woonfunctie,1300,5.250,6.450,6.750,1.500,2159,-1.450,7.900
0503100000014853,A,9.25,1967,Pand in gebruik,,299,1.450,1.550,1.550,0.100,2257,-0.650,2.200
0503100000014439,B,51.99,1977,Pand in gebruik,woonfunctie,1314,5.150,6.350,6.750,1.600,2157,-1.450,7.800
0503100000014854,A,53.11,1967,Pand in gebruik,woonfunctie,1678,6.450,7.750,7.750,1.300,2854,-0.750,8.500
0503100000014855,A,9.23,1967,Pand in gebruik,,258,1.550,1.550,1.550,0.000,1676,-0.750,2.300
0503100000014856,A,9.37,1967,Pand in gebruik,,259,1.450,1.450,1.550,0.100,2052,-0.850,2.300
0503100000014857,A,9.25,1967,Pand in gebruik,,214,1.350,1.450,1.450,0.100,1571,-0.750,2.200
0503100000014858,A,9.29,1966,Pand in gebruik,,289,1.650,1.750,1.750,0.100,2160,-0.550,2.300
0503100000014879,B,8.01,1977,Pand in gebruik,,126,0.950,0.950,0.950,0.000,1113,-1.550,2.500
0503100000014880,B,55.12,1977,Pand in gebruik,woonfunctie,908,4.150,4.150,4.150,0.000,2091,-1.550,5.700
0503100000014881,B,8.24,1977,Pand in gebruik,,200,0.850,0.950,0.950,0.100,2326,-1.550,2.500
0503100000014882,B,8.25,1977,Pand in gebruik,,210,0.950,0.950,0.950,0.000,1932,-1.450,2.400
0503100000014883,B,8.11,1977,Pand in gebruik,,212,0.850,0.850,0.950,0.100,2318,-1.450,2.300
0503100000014884,B,51.04,1977,Pand in gebruik,woonfunctie,1197,4.050,4.050,4.150,0.100,2122,-1.550,5.600
0503100000014885,B,51.82,1977,Pand in gebruik,woonfunctie,1282,3.950,4.050,4.150,0.200,2574,-1.450,5.500
0503100000014886,B,6.87,1977,Pand in gebruik,,198,2.450,3.450,3.950,1.500,1435,-1.550,5.000
0503100000014887,B,54.35,1977,Pand in gebruik,woonfunctie,1390,4.050,4.150,4.250,0.200,2408,-1.450,5.600
0503100000014888,B,8.02,1977,Pand in gebruik,,185,0.950,0.950,0.950,0.000,2017,-1.350,2.300
0503100000014890,B,54.18,1977,Pand in gebruik,woonfunctie,1407,3.950,4.050,4.050,0.100,3424,-1.550,5.600
0503100000019011,B,50.20,2005,Pand in gebruik,woonfunctie,814,8.850,8.950,8.950,0.100,1056,0.450,8.500
0503100000014891,B,7.81,1977,Pand in gebruik,,130,0.950,0.950,0.950,0.000,1160,-1.650,2.600
0503100000019012,B,50.20,2005,Pand in gebruik,woonfunctie,811,8.850,8.950,9.050,0.200,991,0.450,8.500
0503100000014892,B,8.03,1977,Pand in gebruik,,118,0.950,0.950,0.950,0.000,1485,-1.550,2.500
0503100000019013,B,62.20,2005,Pand in gebruik,woonfunctie,934,8.850,8.850,8.850,0.000,1235,0.550,8.300
0503100000019014,B,50.24,2005,Pand in gebruik,woonfunctie,804,8.850,8.950,9.050,0.200,871,0.450,8.500
0503100000019015,B,62.87,2005,Pand in gebruik,woonfunctie,947,8.850,8.950,9.050,0.200,1401,0.550,8.400
0503100000019016,B,59.88,1996,Pand in gebruik,woonfunctie,889,6.450,6.950,7.050,0.600,1647,0.550,6.400
0503100000019017,B,70.44,1996,Pand in gebruik,woonfunctie,1111,6.350,6.850,7.050,0.700,1375,0.650,6.200
0503100000019018,B,60.62,1996,Pand in gebruik,woonfunctie,921,6.450,6.950,7.150,0.700,1548,0.550,6.400
0503100000019019,B,60.00,1996,Pand in gebruik,woonfunctie,911,6.450,6.950,7.150,0.700,1536,0.550,6.400
0503100000019020,B,54.97,1996,Pand in gebruik,woonfunctie,879,8.750,8.950,9.050,0.300,1157,0.650,8.300
0503100000019021,B,8.06,1996,Pand in gebruik,,121,3.150,3.150,3.150,0.000,896,0.650,2.500
0503100000019022,B,10.00,1994,Pand in gebruik,,149,3.250,3.250,3.250,0.000,1599,0.650,2.600
0503100000019023,B,7.61,1996,Pand in gebruik,,115,3.150,3.150,3.150,0.000,1087,0.650,2.500
0503100000019024,B,70.43,1996,Pand in gebruik,woonfunctie,1110,6.450,6.850,7.150,0.700,1532,0.650,6.200
0503100000019025,B,70.45,1996,Pand in gebruik,woonfunctie,1076,6.450,6.850,7.150,0.700,1333,0.650,6.200
0503100000019026,B,60.60,1996,Pand in gebruik,woonfunctie,895,6.450,6.950,7.150,0.700,1617,0.550,6.400
0503100000019027,B,60.03,1996,Pand in gebruik,woonfunctie,904,6.450,6.950,7.150,0.700,1534,0.550,6.400
0503100000019028,B,7.81,1996,Pand in gebruik,,120,3.150,3.150,3.150,0.000,1115,0.650,2.500
0503100000019029,B,7.37,1996,Pand in gebruik,,115,3.150,3.250,3.350,0.200,858,0.650,2.600
0503100000019030,B,79.81,2005,Pand in gebruik,woonfunctie,1184,9.150,9.250,9.450,0.300,2332,0.650,8.600
0503100000019031,B,54.97,1996,Pand in gebruik,woonfunctie,898,8.650,8.950,9.050,0.400,1243,0.650,8.300
0503100000019032,B,7.46,1996,Pand in gebruik,,122,3.150,3.150,3.150,0.000,1097,0.650,2.500
0503100000019033,B,63.66,2005,Pand in gebruik,woonfunctie,992,9.250,9.350,9.550,0.300,1368,0.650,8.700
0503100000019034,B,83.88,2005,Pand in gebruik,woonfunctie,1232,7.350,9.350,9.450,2.100,1866,0.650,8.700
0503100000019035,B,63.43,2005,Pand in gebruik,woonfunctie,963,9.250,9.350,9.450,0.200,1329,0.650,8.700
0503100000019036,B,83.06,2005,Pand in gebruik,woonfunctie,1226,7.150,9.350,9.450,2.300,1868,0.650,8.700
0503100000019037,B,10.34,2005,Pand in gebruik,,159,3.150,3.150,3.150,0.000,1101,0.650,2.500
0503100000019038,B,10.32,2005,Pand in gebruik,,156,3.150,3.250,3.250,0.100,1093,0.650,2.600
0503100000015400,A,9.15,1966,Pand in gebruik,,374,0.350,0.350,0.450,0.100,3873,-1.850,2.200
0503100000015401,A,9.14,1966,Pand in gebruik,,447,0.350,0.350,0.450,0.100,3495,-1.950,2.300
0503100000015402,A,54.56,1966,Pand in gebruik,woonfunctie,2946,4.250,4.350,4.450,0.200,8016,-1.650,6.000
0503100000015403,A,9.28,1966,Pand in gebruik,,409,0.350,0.450,0.450,0.100,2826,-1.950,2.400
0503100000015404,A,51.68,1966,Pand in gebruik,woonfunctie,2600,4.350,4.450,4.550,0.200,5653,-1.650,6.100
0503100000015405,A,51.99,1966,Pand in gebruik,woonfunctie,2579,4.350,4.450,4.550,0.200,6003,-1.650,6.100
0503100000015406,A,52.10,1966,Pand in gebruik,woonfunctie,3569,4.450,4.550,4.650,0.200,8278,-1.550,6.100
0503100000015407,A,9.40,1966,Pand in gebruik,,502,0.350,0.450,0.450,0.100,4412,-1.750,2.200
0503100000015408,A,50.93,1966,Pand in gebruik,woonfunctie,2597,4.350,4.450,4.550,0.200,3727,-1.550,6.000
0503100000015409,A,50.59,1966,Pand in gebruik,woonfunctie,2557,4.350,4.450,4.550,0.200,4245,-1.450,5.900
0503100000015410,A,52.91,1966,Pand in gebruik,woonfunctie,2693,4.250,4.350,4.450,0.200,4798,-1.550,5.900
0503100000015411,A,9.00,1966,Pand in gebruik,,292,0.450,0.550,0.650,0.200,2197,-1.750,2.300
0503100000015412,A,50.59,1966,Pand in gebruik,woonfunctie,2569,4.350,4.350,4.450,0.100,4317,-1.450,5.800
0503100000015413,A,50.59,1966,Pand in gebruik,woonfunctie,2542,4.350,4.450,4.550,0.200,4070,-1.450,5.900
0503100000015414,A,52.00,1966,Pand in gebruik,woonfunctie,2670,4.350,4.450,4.550,0.200,6709,-1.550,6.000
0503100000015415,A,52.92,1966,Pand in gebruik,woonfunctie,2526,4.250,4.350,4.450,0.200,4043,-1.550,5.900
0503100000015416,A,50.89,1966,Pand in gebruik,woonfunctie,2587,4.350,4.350,4.450,0.100,4211,-1.550,5.900
0503100000015417,A,9.39,1966,Pand in gebruik,,308,0.450,0.450,0.550,0.100,2124,-1.850,2.300
0503100000015418,A,52.80,1966,Pand in gebruik,woonfunctie,2667,4.250,4.350,4.450,0.200,4198,-1.550,5.900
0503100000015419,A,9.24,1966,Pand in gebruik,,305,0.350,0.350,0.450,0.100,3086,-1.950,2.300
0503100000015420,A,66.26,1966,Pand in gebruik,woonfunctie,3283,4.350,4.550,4.650,0.300,5364,-1.550,6.100
0503100000015421,A,9.17,1966,Pand in gebruik,,478,0.850,0.850,0.950,0.100,3834,-1.450,2.300
0503100000015422,A,9.32,1966,Pand in gebruik,,469,0.650,0.750,0.750,0.100,3175,-1.550,2.300
0503100000015423,A,9.07,1966,Pand in gebruik,,457,0.650,0.750,0.750,0.100,2978,-1.550,2.300
0503100000015424,A,50.64,1966,Pand in gebruik,woonfunctie,1635,4.350,4.350,4.550,0.200,2504,-1.250,5.600
0503100000015425,A,50.65,1966,Pand in gebruik,woonfunctie,1590,4.250,4.350,4.350,0.100,2462,-1.350,5.700
0503100000015426,A,9.27,1966,Pand in gebruik,,482,0.850,0.950,0.950,0.100,4367,-1.450,2.400
0503100000015427,A,9.24,1966,Pand in gebruik,,473,0.650,0.750,0.750,0.100,3768,-1.550,2.300
0503100000015428,A,52.90,1966,Pand in gebruik,woonfunctie,2627,4.350,4.350,4.350,0.000,4052,-1.450,5.800
0503100000015429,A,9.13,1966,Pand in gebruik,,466,0.750,0.850,0.850,0.100,3701,-1.450,2.300
0503100000015430,A,9.33,1966,Pand in gebruik,,452,0.650,0.750,0.750,0.100,3084,-1.550,2.300
0503100000015431,A,52.90,1966,Pand in gebruik,woonfunctie,2593,4.350,4.350,4.350,0.000,4776,-1.350,5.700
0503100000015432,A,52.04,1966,Pand in gebruik,woonfunctie,1676,4.350,4.350,4.550,0.200,3883,-1.350,5.700
0503100000019096,A,52.67,1966,Pand in gebruik,woonfunctie,1334,4.350,4.350,4.350,0.000,3748,-1.450,5.800
0503100000019097,A,9.17,1966,Pand in gebruik,,257,0.350,0.350,0.450,0.100,1264,-1.750,2.100
0503100000019098,A,52.48,1966,Pand in gebruik,woonfunctie,2199,4.250,4.350,4.350,0.100,3985,-1.450,5.800
0503100000019099,A,52.49,1966,Pand in gebruik,woonfunctie,2207,4.350,4.350,4.350,0.000,4361,-1.550,5.900
0503100000019100,A,52.48,1966,Pand in gebruik,woonfunctie,2232,4.350,4.350,4.450,0.100,4812,-1.550,5.900
0503100000019101,A,9.18,1966,Pand in gebruik,,384,0.450,0.550,0.550,0.100,1951,-1.750,2.300
0503100000019102,A,52.83,1966,Pand in gebruik,woonfunctie,1380,4.350,4.350,4.450,0.100,3187,-1.550,5.900
0503100000019103,A,52.64,1966,Pand in gebruik,woonfunctie,1324,4.350,4.350,4.350,0.000,2652,-1.450,5.800
0503100000019104,A,52.64,1966,Pand in gebruik,woonfunctie,1309,4.350,4.350,4.350,0.000,2379,-1.450,5.800
0503100000019105,A,52.62,1966,Pand in gebruik,woonfunctie,1298,4.350,4.350,4.350,0.000,2402,-1.650,6.000
0503100000019106,A,52.60,1966,Pand in gebruik,woonfunctie,1299,4.250,4.350,4.350,0.100,3110,-1.650,6.000
0503100000019107,A,52.57,1966,Pand in gebruik,woonfunctie,1602,4.350,4.350,4.450,0.100,4349,-1.750,6.100
0503100000019108,A,52.48,1966,Pand in gebruik,woonfunctie,2273,4.350,4.350,4.350,0.000,3748,-1.450,5.800
0503100000019109,A,52.47,1966,Pand in gebruik,woonfunctie,2269,4.350,4.350,4.350,0.000,4076,-1.450,5.800
0503100000019110,A,52.48,1966,Pand in gebruik,woonfunctie,2265,4.350,4.350,4.350,0.000,4044,-1.450,5.800
0503100000019111,A,52.48,1966,Pand in gebruik,woonfunctie,2266,4.350,4.350,4.350,0.000,4068,-1.450,5.800
0503100000019112,A,52.48,1966,Pand in gebruik,woonfunctie,2108,4.350,4.350,4.350,0.000,3689,-1.450,5.800
0503100000019113,A,52.48,1966,Pand in gebruik,woonfunctie,1386,4.350,4.350,4.350,0.000,3136,-1.550,5.900
0503100000019114,A,52.47,1966,Pand in gebruik,woonfunctie,1530,4.350,4.350,4.350,0.000,3290,-1.450,5.800
0503100000019115,A,52.13,1966,Pand in gebruik,woonfunctie,2167,4.350,4.350,4.350,0.000,4330,-1.550,5.900
0503100000019116,A,52.45,1966,Pand in gebruik,woonfunctie,2233,4.350,4.350,4.350,0.000,3754,-1.450,5.800
0503100000019117,A,52.45,1966,Pand in gebruik,woonfunctie,2237,4.350,4.350,4.350,0.000,3702,-1.550,5.900
0503100000019118,B,7.52,1996,Pand in gebruik,,118,3.150,3.150,3.150,0.000,1147,0.750,2.400
0503100000019120,B,7.87,1996,Pand in gebruik,,123,3.150,3.150,3.150,0.000,1130,0.750,2.400
0503100000019513,A,52.70,1966,Pand in gebruik,woonfunctie,1657,5.350,5.450,5.450,0.100,3047,-0.450,5.900
0503100000019514,A,52.69,1966,Pand in gebruik,woonfunctie,1678,5.350,5.450,5.450,0.100,3028,-0.450,5.900
0503100000019124,B,7.93,1996,Pand in gebruik,,127,3.150,3.150,3.150,0.000,1146,0.750,2.400
0503100000019517,A,52.28,1966,Pand in gebruik,woonfunctie,1651,5.150,5.150,5.150,0.000,2621,-0.850,6.000
0503100000019126,B,7.90,1996,Pand in gebruik,,125,3.150,3.150,3.150,0.000,1130,0.750,2.400
0503100000019518,A,52.28,1966,Pand in gebruik,woonfunctie,1688,5.150,5.150,5.150,0.000,2865,-0.750,5.900
0503100000019519,A,52.30,1966,Pand in gebruik,woonfunctie,1679,5.150,5.250,5.350,0.200,3243,-0.650,5.900
0503100000019128,B,55.06,1996,Pand in gebruik,woonfunctie,862,6.350,6.850,7.050,0.700,1319,0.650,6.200
0503100000019520,A,52.28,1966,Pand in gebruik,woonfunctie,1670,5.150,5.150,5.150,0.000,2976,-0.650,5.800
0503100000019521,A,9.19,1966,Pand in gebruik,,280,1.050,1.050,1.150,0.100,2400,-1.250,2.300
0503100000019522,A,9.56,1966,Pand in gebruik,,286,1.050,1.050,1.150,0.100,2750,-1.250,2.300
0503100000019523,A,9.25,1966,Pand in gebruik,,291,1.050,1.150,1.150,0.100,2349,-1.250,2.400
0503100000019524,A,9.02,1966,Pand in gebruik,,291,1.050,1.050,1.150,0.100,2242,-1.250,2.300
0503100000019525,A,9.67,1966,Pand in gebruik,,317,1.050,1.150,1.150,0.100,1924,-1.250,2.400
0503100000019134,B,7.56,1996,Pand in gebruik,,124,3.150,3.150,3.150,0.000,1161,0.750,2.400
0503100000019526,A,9.29,1966,Pand in gebruik,,289,1.350,1.350,1.350,0.000,2945,-0.950,2.300
0503100000019527,A,9.62,1966,Pand in gebruik,,318,1.450,1.550,1.550,0.100,2809,-0.750,2.300
0503100000019528,A,9.44,1966,Pand in gebruik,,311,1.650,1.650,1.750,0.100,2131,-0.650,2.300
0503100000019136,B,7.92,1996,Pand in gebruik,,126,3.250,3.250,3.250,0.000,1171,0.750,2.500
0503100000019529,A,8.97,1966,Pand in gebruik,,279,1.650,1.750,1.750,0.100,2085,-0.650,2.400
0503100000019530,A,9.54,1966,Pand in gebruik,,306,1.050,1.050,1.150,0.100,2348,-1.150,2.200
0503100000019531,A,9.28,1966,Pand in gebruik,,287,1.250,1.350,1.350,0.100,2850,-0.950,2.300
0503100000019139,B,7.51,1996,Pand in gebruik,,116,3.250,3.250,3.250,0.000,1261,0.750,2.500
0503100000019532,A,8.85,1966,Pand in gebruik,,291,1.450,1.550,1.550,0.100,2313,-0.750,2.300
0503100000019533,A,9.50,1966,Pand in gebruik,,304,1.650,1.750,1.750,0.100,2132,-0.650,2.400
0503100000019534,A,52.35,1966,Pand in gebruik,woonfunctie,1678,4.350,4.450,4.550,0.200,3980,-1.350,5.800
0503100000019535,A,52.34,1966,Pand in gebruik,woonfunctie,1696,4.350,4.350,4.350,0.000,2352,-1.350,5.700
0503100000019536,A,52.35,1966,Pand in gebruik,woonfunctie,1686,4.350,4.350,4.350,0.000,2183,-1.350,5.700
0503100000019142,B,7.50,1996,Pand in gebruik,,119,3.150,3.150,3.150,0.000,1086,0.750,2.400
0503100000019537,A,52.34,1966,Pand in gebruik,woonfunctie,1656,4.350,4.350,4.350,0.000,2482,-1.250,5.600
0503100000019143,B,7.58,1996,Pand in gebruik,,123,3.150,3.150,3.150,0.000,1054,0.750,2.400
0503100000019538,A,52.34,1966,Pand in gebruik,woonfunctie,1678,4.350,4.350,4.350,0.000,2576,-1.250,5.600
0503100000019144,B,7.84,1996,Pand in gebruik,,124,3.150,3.150,3.150,0.000,1114,0.750,2.400
0503100000019539,A,52.34,1966,Pand in gebruik,woonfunctie,1685,4.350,4.350,4.350,0.000,3195,-1.350,5.700
0503100000019145,B,7.57,1996,Pand in gebruik,,122,3.150,3.150,3.150,0.000,1143,0.750,2.400
0503100000019540,A,9.22,1966,Pand in gebruik,,297,0.950,1.050,1.050,0.100,2273,-1.350,2.400
0503100000019541,A,9.24,1966,Pand in gebruik,,273,0.950,1.050,1.050,0.100,2266,-1.350,2.400
0503100000019542,A,9.22,1966,Pand in gebruik,,278,0.950,0.950,1.050,0.100,2066,-1.350,2.300
0503100000019148,B,7.59,1996,Pand in gebruik,,111,3.250,3.250,3.250,0.000,1078,0.750,2.500
0503100000019543,A,9.22,1966,Pand in gebruik,,280,0.950,0.950,1.050,0.100,2011,-1.350,2.300
0503100000019149,B,7.83,1996,Pand in gebruik,,126,3.150,3.150,3.150,0.000,1112,0.750,2.400
0503100000019544,A,9.26,1966,Pand in gebruik,,293,0.950,0.950,0.950,0.000,2279,-1.350,2.300
0503100000019545,A,9.23,1966,Pand in gebruik,,300,0.850,0.950,0.950,0.100,2215,-1.350,2.300
0503100000019546,A,9.22,1966,Pand in gebruik,,294,0.950,0.950,0.950,0.000,2621,-1.350,2.300
0503100000020027,A,61.42,1967,Pand in gebruik,woonfunctie,2992,5.350,6.950,7.050,1.700,6136,-1.650,8.600
0503100000020029,A,9.20,1966,Pand in gebruik,,490,0.250,0.350,0.350,0.100,4564,-1.650,2.000
0503100000020031,A,9.80,1966,Pand in gebruik,,475,1.050,1.050,1.050,0.000,3236,-1.350,2.400
0503100000019186,B,1146.76,1960,Pand in gebruik,"overige gebruiksfunctie,woonfunctie",19426,12.950,12.950,13.050,0.100,15213,-0.250,13.200
0503100000019187,B,28.18,1990,Pand in gebruik,,509,13.550,13.550,13.650,0.100,1408,-0.750,14.300
0503100000018687,A,1955.80,1966,Pand in gebruik,"overige gebruiksfunctie,woonfunctie",85489,18.250,21.050,21.050,2.800,36693,-1.650,22.700
0503100000019188,B,174.19,1961,Pand in gebruik,woonfunctie,3131,9.750,9.950,10.050,0.300,2459,-0.350,10.300
0503100000019189,B,20.78,1962,Pand in gebruik,overige gebruiksfunctie,351,2.250,2.250,2.350,0.100,2185,-0.350,2.600
0503100000018688,A,1572.31,1967,Pand in gebruik,"winkelfunctie,woonfunctie",72021,2.050,5.350,5.350,3.300,34536,-1.650,7.000
0503100000018689,A,464.99,1967,Pand in gebruik,onderwijsfunctie,15190,2.450,2.550,2.550,0.100,19472,-1.750,4.300
0503100000019190,B,20.73,1962,Pand in gebruik,overige gebruiksfunctie,359,2.350,2.450,2.450,0.100,2189,-0.250,2.700
0503100000019191,B,183.78,1961,Pand in gebruik,woonfunctie,3118,9.750,9.950,10.050,0.300,3260,-0.250,10.200
0503100000019192,B,174.62,1961,Pand in gebruik,woonfunctie,3171,9.750,9.950,10.050,0.300,2264,-0.350,10.300
0503100000018690,A,2100.60,1965,Pand in gebruik,"overige gebruiksfunctie,woonfunctie",56275,26.650,48.950,49.050,22.400,39332,-1.650,50.600
0503100000019193,B,182.66,1961,Pand in gebruik,woonfunctie,3246,9.750,9.950,10.050,0.300,3586,-0.350,10.300
0503100000018691,A,53.28,1966,Pand in gebruik,woonfunctie,1364,4.350,4.450,4.550,0.200,2696,-1.550,6.000
0503100000019194,A,52.45,1966,Pand in gebruik,woonfunctie,2242,4.350,4.350,4.350,0.000,3654,-1.550,5.900
0503100000018692,A,52.92,1966,Pand in gebruik,woonfunctie,1375,4.350,4.450,4.550,0.200,2474,-1.450,5.900
0503100000019195,A,52.46,1966,Pand in gebruik,woonfunctie,2213,4.350,4.350,4.350,0.000,3776,-1.550,5.900
0503100000018693,A,52.52,1966,Pand in gebruik,woonfunctie,2151,4.250,4.350,4.350,0.100,5165,-1.550,5.900
0503100000019196,A,52.45,1966,Pand in gebruik,woonfunctie,2253,4.350,4.350,4.350,0.000,3804,-1.550,5.900
0503100000018694,A,52.52,1966,Pand in gebruik,woonfunctie,1835,4.350,4.350,4.350,0.000,3689,-1.450,5.800
0503100000019197,A,52.45,1966,Pand in gebruik,woonfunctie,2218,4.350,4.350,4.350,0.000,4413,-1.650,6.000
0503100000019198,A,52.45,1966,Pand in gebruik,woonfunctie,2262,4.350,4.350,4.350,0.000,3899,-1.650,6.000
0503100000018695,A,52.52,1966,Pand in gebruik,woonfunctie,1389,4.350,4.350,4.350,0.000,3064,-1.450,5.800
0503100000019199,A,9.19,1966,Pand in gebruik,,395,0.350,0.450,0.450,0.100,2989,-1.750,2.200
0503100000018696,A,10.18,1965,Pand in gebruik,overige gebruiksfunctie,342,1.450,1.450,1.750,0.300,1978,-1.650,3.100
0503100000019200,A,9.17,1966,Pand in gebruik,,386,0.350,0.450,0.450,0.100,3105,-1.750,2.200
0503100000018697,A,16.80,1967,Pand in gebruik,,569,0.450,0.550,0.550,0.100,3385,-1.650,2.200
0503100000019201,A,9.17,1966,Pand in gebruik,,383,0.350,0.450,0.450,0.100,2862,-1.750,2.200
0503100000018698,A,50.32,1966,Pand in gebruik,woonfunctie,1312,4.350,4.350,4.350,0.000,2515,-1.450,5.800
0503100000019202,A,9.21,1966,Pand in gebruik,,394,0.350,0.450,0.450,0.100,3144,-1.850,2.300
0503100000018699,A,50.32,1966,Pand in gebruik,woonfunctie,1311,4.350,4.350,4.350,0.000,2339,-1.450,5.800
0503100000019203,A,9.18,1966,Pand in gebruik,,372,0.350,0.350,0.450,0.100,2909,-1.850,2.200
0503100000019204,A,9.17,1966,Pand in gebruik,,400,0.350,0.450,0.450,0.100,3178,-1.850,2.300
0503100000018700,A,51.21,1966,Pand in gebruik,woonfunctie,1360,4.350,4.350,4.450,0.100,2898,-1.550,5.900
0503100000019205,A,9.17,1966,Pand in gebruik,,390,0.350,0.450,0.450,0.100,3000,-1.750,2.200
0503100000018701,A,52.71,1966,Pand in gebruik,woonfunctie,1372,4.350,4.450,4.550,0.200,2064,-1.350,5.800
0503100000019206,A,9.17,1966,Pand in gebruik,,383,0.350,0.450,0.450,0.100,3189,-1.750,2.200
0503100000019207,A,9.13,1966,Pand in gebruik,,228,0.450,0.550,0.550,0.100,1888,-1.450,2.000
0503100000019208,A,9.17,1966,Pand in gebruik,,235,0.450,0.550,0.550,0.100,1658,-1.550,2.100
0503100000019209,A,9.13,1966,Pand in gebruik,,347,0.350,0.450,0.550,0.200,2771,-1.850,2.300
0503100000019210,A,9.17,1966,Pand in gebruik,,240,0.450,0.550,0.550,0.100,2333,-1.750,2.300
0503100000018703,B,1463.15,1970,Pand in gebruik,"kantoorfunctie,overige gebruiksfunctie",38093,8.650,10.350,10.450,1.800,16818,-1.750,12.100
0503100000019211,A,9.17,1966,Pand in gebruik,,367,0.450,0.450,0.550,0.100,2708,-1.750,2.200
0503100000018704,A,52.39,1966,Pand in gebruik,woonfunctie,1374,4.350,4.350,4.350,0.000,2690,-1.550,5.900
0503100000019212,A,9.17,1966,Pand in gebruik,,380,0.350,0.450,0.450,0.100,3020,-1.850,2.300
0503100000018705,A,52.37,1966,Pand in gebruik,woonfunctie,1360,4.350,4.350,4.350,0.000,2709,-1.450,5.800
0503100000019213,A,9.17,1966,Pand in gebruik,,369,0.450,0.450,0.450,0.000,3199,-1.850,2.300
0503100000019214,A,9.19,1966,Pand in gebruik,,361,0.450,0.450,0.450,0.000,3206,-1.750,2.200
0503100000018706,A,53.76,1966,Pand in gebruik,woonfunctie,1389,4.350,4.450,4.550,0.200,2958,-1.650,6.100
0503100000019215,A,9.15,1966,Pand in gebruik,,393,0.450,0.450,0.550,0.100,3351,-1.750,2.200
0503100000018707,A,52.30,1966,Pand in gebruik,woonfunctie,1368,4.350,4.350,4.450,0.100,3290,-1.750,6.100
0503100000019216,A,9.17,1966,Pand in gebruik,,391,0.350,0.450,0.450,0.100,3246,-1.750,2.200
0503100000018708,A,803.26,1966,Pand in gebruik,"overige gebruiksfunctie,woonfunctie",57158,16.250,18.150,18.150,1.900,32317,-1.750,19.900
0503100000019217,A,9.17,1966,Pand in gebruik,,378,0.450,0.450,0.450,0.000,3273,-1.750,2.200
0503100000018709,A,85.54,1996,Pand in gebruik,winkelfunctie,2207,1.950,1.950,2.050,0.100,5494,-1.750,3.700
0503100000019218,A,9.19,1966,Pand in gebruik,,378,0.450,0.450,0.450,0.000,2980,-1.750,2.200
0503100000019219,A,9.17,1966,Pand in gebruik,,354,0.450,0.450,0.550,0.100,3506,-1.750,2.200
0503100000019220,A,9.14,1966,Pand in gebruik,,330,0.450,0.450,0.550,0.100,3652,-1.750,2.200
0503100000019221,A,9.04,1966,Pand in gebruik,,376,0.450,0.550,0.550,0.100,2962,-1.750,2.300
0503100000018713,B,124.09,1972,Pand in gebruik,,8521,3.450,3.550,3.550,0.100,8943,-1.850,5.400
0503100000019222,A,9.34,1966,Pand in gebruik,,382,0.450,0.550,0.650,0.200,2451,-1.550,2.100
0503100000018714,B,63.17,1996,Pand in gebruik,woonfunctie,1042,8.750,9.050,9.150,0.400,1890,0.650,8.400
0503100000019223,A,52.72,1966,Pand in gebruik,woonfunctie,2276,4.350,4.350,4.450,0.100,4153,-1.550,5.900
0503100000018715,B,60.11,1996,Pand in gebruik,woonfunctie,965,8.750,9.050,9.150,0.400,1638,0.550,8.500
0503100000019224,A,52.67,1966,Pand in gebruik,woonfunctie,2261,4.350,4.450,4.550,0.200,3171,-1.450,5.900
0503100000019225,A,52.60,1966,Pand in gebruik,woonfunctie,2250,4.350,4.350,4.350,0.000,3884,-1.550,5.900
0503100000018716,B,54.87,1996,Pand in gebruik,woonfunctie,865,6.350,6.850,7.050,0.700,1248,0.650,6.200
0503100000019226,A,52.55,1966,Pand in gebruik,woonfunctie,2217,4.350,4.350,4.350,0.000,4314,-1.550,5.900
0503100000019227,A,9.17,1966,Pand in gebruik,,422,0.450,0.550,0.650,0.200,2067,-1.750,2.300
0503100000018718,B,7.50,1996,Pand in gebruik,,118,3.150,3.250,3.250,0.100,998,0.650,2.600
0503100000018719,B,55.00,1996,Pand in gebruik,woonfunctie,856,6.350,6.850,7.050,0.700,1376,0.650,6.200
0503100000018720,B,54.93,1996,Pand in gebruik,woonfunctie,853,6.550,6.950,7.250,0.700,1320,0.650,6.300
0503100000018721,B,54.89,1996,Pand in gebruik,woonfunctie,866,6.350,6.850,7.050,0.700,1251,0.650,6.200
0503100000018722,B,7.92,1996,Pand in gebruik,,123,3.250,3.250,3.250,0.000,1059,0.750,2.500
0503100000018723,B,7.87,1996,Pand in gebruik,,125,3.150,3.150,3.250,0.100,1090,0.650,2.500
0503100000018725,B,60.07,1996,Pand in gebruik,woonfunctie,975,8.750,9.050,9.150,0.400,1594,0.550,8.500
0503100000018726,B,60.10,1996,Pand in gebruik,woonfunctie,971,8.750,9.050,9.150,0.400,1581,0.550,8.500
0503100000018727,B,7.56,1996,Pand in gebruik,,118,3.150,3.150,3.150,0.000,1133,0.650,2.500
0503100000019617,A,9.20,1966,Pand in gebruik,,296,0.850,0.950,0.950,0.100,2048,-1.350,2.300
0503100000019618,A,9.30,1966,Pand in gebruik,,293,0.950,0.950,1.050,0.100,2286,-1.350,2.300
0503100000018737,B,50.03,2005,Pand in gebruik,woonfunctie,793,8.750,8.850,8.950,0.200,1046,0.350,8.500
0503100000019619,A,52.13,1966,Pand in gebruik,woonfunctie,1647,4.450,4.450,4.550,0.100,4391,-1.250,5.700
0503100000019245,B,7.48,2005,Pand in gebruik,,106,2.650,2.650,2.650,0.000,1423,0.350,2.300
0503100000019620,A,52.16,1966,Pand in gebruik,woonfunctie,1658,4.450,4.550,4.650,0.200,3007,-1.250,5.800
0503100000018738,B,50.03,2005,Pand in gebruik,woonfunctie,779,8.650,8.750,8.750,0.100,1102,0.350,8.400
0503100000019246,B,62.83,2005,Pand in gebruik,woonfunctie,899,8.750,8.850,8.950,0.200,1559,0.350,8.500
0503100000019621,A,52.18,1966,Pand in gebruik,woonfunctie,1647,4.450,4.450,4.450,0.000,2796,-1.250,5.700
0503100000018739,B,50.17,2005,Pand in gebruik,woonfunctie,793,8.850,8.850,8.850,0.000,1066,0.450,8.400
0503100000019622,A,52.20,1966,Pand in gebruik,woonfunctie,1657,4.450,4.450,4.450,0.000,3077,-1.250,5.700
0503100000019623,A,52.23,1966,Pand in gebruik,woonfunctie,1665,4.450,4.450,4.550,0.100,3035,-1.250,5.700
0503100000019624,A,52.25,1966,Pand in gebruik,woonfunctie,1666,4.450,4.450,4.450,0.000,2828,-1.150,5.600
0503100000019625,A,52.28,1966,Pand in gebruik,woonfunctie,1681,4.450,4.450,4.450,0.000,4182,-1.250,5.700
0503100000019250,B,154.89,1924,Pand in gebruik,woonfunctie,2086,4.050,10.150,11.950,7.900,2941,0.450,9.700
0503100000019626,A,52.74,1966,Pand in gebruik,woonfunctie,1686,4.750,4.750,4.750,0.000,3053,-1.250,6.000
0503100000019627,A,52.69,1966,Pand in gebruik,woonfunctie,1685,4.750,4.750,4.750,0.000,2837,-1.150,5.900
0503100000019628,A,52.64,1966,Pand in gebruik,woonfunctie,1669,4.750,4.750,4.750,0.000,3143,-1.150,5.900
0503100000019629,A,52.64,1966,Pand in gebruik,woonfunctie,1644,4.750,4.750,4.750,0.000,3748,-1.150,5.900
0503100000019630,A,52.63,1966,Pand in gebruik,woonfunctie,1657,5.150,5.150,5.150,0.000,2766,-1.050,6.200
0503100000019631,A,52.63,1966,Pand in gebruik,woonfunctie,1715,5.150,5.150,5.150,0.000,2898,-0.850,6.000
0503100000019632,A,52.63,1966,Pand in gebruik,woonfunctie,1678,5.150,5.150,5.150,0.000,2792,-0.850,6.000
0503100000019633,A,9.67,1966,Pand in gebruik,,296,1.050,1.150,1.150,0.100,1613,-1.250,2.400
0503100000019634,A,9.45,1966,Pand in gebruik,,298,0.950,1.050,1.050,0.100,2116,-1.250,2.300
0503100000019635,A,9.00,1966,Pand in gebruik,,287,1.050,1.050,1.050,0.000,1629,-1.250,2.300
0503100000019636,A,9.06,1966,Pand in gebruik,,284,0.950,1.050,1.050,0.100,1953,-1.250,2.300
0503100000019637,A,8.76,1966,Pand in gebruik,,285,1.050,1.150,1.150,0.100,2450,-1.250,2.400
0503100000019638,A,8.93,1966,Pand in gebruik,,275,1.050,1.050,1.150,0.100,2485,-1.250,2.300
0503100000019639,A,9.50,1966,Pand in gebruik,,275,0.950,1.050,1.050,0.100,2227,-1.250,2.300
0503100000019640,A,9.59,1966,Pand in gebruik,,305,0.950,1.050,1.050,0.100,2490,-1.250,2.300
0503100000019641,A,9.02,1966,Pand in gebruik,,293,1.050,1.150,1.150,0.100,1792,-1.250,2.400
0503100000019642,A,9.08,1966,Pand in gebruik,,279,1.150,1.250,1.250,0.100,1489,-1.150,2.400
0503100000019643,A,9.52,1966,Pand in gebruik,,308,1.150,1.250,1.250,0.100,2338,-1.150,2.400
0503100000019644,A,9.44,1966,Pand in gebruik,,296,1.150,1.250,1.250,0.100,2310,-1.150,2.400
0503100000019645,A,8.99,1966,Pand in gebruik,,278,1.150,1.250,1.250,0.100,1755,-1.250,2.500
0503100000021034,B,43.08,1982,Pand in gebruik,woonfunctie,1485,5.550,7.150,7.950,2.400,3222,-1.450,8.600
0503100000021035,B,43.10,1982,Pand in gebruik,woonfunctie,1492,5.450,7.150,7.950,2.500,2992,-1.450,8.600
0503100000021036,B,43.11,1982,Pand in gebruik,woonfunctie,1508,5.450,7.150,7.950,2.500,2470,-1.550,8.700
0503100000021037,B,43.96,1982,Pand in gebruik,woonfunctie,1544,6.350,7.150,7.950,1.600,3487,-1.650,8.800
0503100000021038,B,8.01,1982,Pand in gebruik,,278,0.850,0.850,0.850,0.000,2018,-1.550,2.400
0503100000021039,B,7.98,1982,Pand in gebruik,,265,0.850,0.850,0.850,0.000,1928,-1.550,2.400
0503100000021040,B,8.01,1982,Pand in gebruik,,267,0.850,0.850,0.850,0.000,2618,-1.450,2.300
0503100000021041,B,7.98,1982,Pand in gebruik,,271,0.850,0.850,0.850,0.000,2528,-1.450,2.300
0503100000021042,B,7.98,1982,Pand in gebruik,,268,0.950,0.950,0.950,0.000,2412,-1.550,2.500
0503100000021043,B,4.91,1981,Pand in gebruik,,162,0.850,0.850,0.850,0.000,2197,-1.550,2.400
0503100000021044,B,4.91,1981,Pand in gebruik,,148,0.850,0.850,0.850,0.000,1921,-1.550,2.400
0503100000021045,B,4.91,1981,Pand in gebruik,,122,0.850,0.850,0.850,0.000,1651,-1.550,2.400
0503100000021046,B,4.91,1981,Pand in gebruik,,123,0.850,0.850,0.850,0.000,1618,-1.550,2.400
0503100000021047,B,4.91,1981,Pand in gebruik,,136,0.850,0.850,0.850,0.000,1820,-1.550,2.400
0503100000021048,B,4.91,1981,Pand in gebruik,,163,0.850,0.850,0.850,0.000,2155,-1.550,2.400
0503100000020129,A,1970.98,1965,Pand in gebruik,"overige gebruiksfunctie,woonfunctie",77316,18.250,21.050,21.150,2.900,43900,-1.750,22.800
0503100000020130,A,1325.14,1969,Pand in gebruik,"onderwijsfunctie,sportfunctie",50631,2.750,5.750,6.450,3.700,24733,-1.450,7.200
0503100000020131,A,53.01,1966,Pand in gebruik,woonfunctie,1348,4.350,4.350,4.450,0.100,3496,-1.650,6.000
0503100000020134,A,9.74,1966,Pand in gebruik,,402,1.050,1.050,1.150,0.100,2863,-1.450,2.500
0503100000019277,B,174.31,1961,Pand in gebruik,woonfunctie,3129,9.750,9.950,10.050,0.300,2425,-0.350,10.300
0503100000020135,A,9.72,1966,Pand in gebruik,,381,1.050,1.050,1.150,0.100,3443,-1.450,2.500
0503100000020136,A,9.72,1966,Pand in gebruik,,391,1.050,1.050,1.150,0.100,3065,-1.450,2.500
0503100000020137,A,9.72,1966,Pand in gebruik,,405,1.050,1.050,1.150,0.100,3098,-1.450,2.500
0503100000020138,A,9.76,1966,Pand in gebruik,,392,1.050,1.050,1.050,0.000,3927,-1.450,2.500
0503100000018783,A,10.65,1964,Pand in gebruik,overige gebruiksfunctie,458,1.450,1.450,1.750,0.300,2923,-1.550,3.000
0503100000020139,A,9.72,1966,Pand in gebruik,,407,1.050,1.050,1.050,0.000,3145,-1.450,2.500
0503100000018784,A,152.90,1969,Pand in gebruik,overige gebruiksfunctie,4639,2.750,10.250,43.150,40.400,4942,-1.750,12.000
0503100000020140,A,9.72,1966,Pand in gebruik,,399,1.050,1.050,1.050,0.000,2942,-1.450,2.500
0503100000018785,A,55.27,1966,Pand in gebruik,woonfunctie,2892,4.250,4.350,4.550,0.300,7284,-1.550,5.900
0503100000020141,A,9.74,1966,Pand in gebruik,,407,1.050,1.050,1.050,0.000,2642,-1.450,2.500
0503100000018786,A,55.34,1966,Pand in gebruik,woonfunctie,2909,4.250,4.350,4.350,0.100,7420,-1.650,6.000
0503100000020142,A,9.72,1966,Pand in gebruik,,408,1.050,1.050,1.050,0.000,2524,-1.450,2.500
0503100000018787,A,55.41,1966,Pand in gebruik,woonfunctie,2882,4.350,4.550,4.850,0.500,5412,-1.650,6.200
0503100000020143,A,9.72,1966,Pand in gebruik,,420,1.050,1.050,1.050,0.000,2940,-1.450,2.500
0503100000018788,A,50.52,1966,Pand in gebruik,woonfunctie,1330,4.350,4.450,4.550,0.200,2888,-1.450,5.900
0503100000020144,A,9.73,1966,Pand in gebruik,,404,1.050,1.050,1.050,0.000,2874,-1.450,2.500
0503100000018789,A,50.53,1966,Pand in gebruik,woonfunctie,1341,4.350,4.350,4.450,0.100,2168,-1.450,5.800
0503100000018790,A,50.53,1966,Pand in gebruik,woonfunctie,1349,4.350,4.350,4.450,0.100,2172,-1.550,5.900
0503100000018791,A,50.53,1966,Pand in gebruik,woonfunctie,1304,4.450,4.550,4.550,0.100,2440,-1.550,6.100
0503100000018792,A,50.52,1966,Pand in gebruik,woonfunctie,1329,4.350,4.350,4.350,0.000,1948,-1.550,5.900
0503100000018793,A,50.31,1966,Pand in gebruik,woonfunctie,1334,4.350,4.350,4.450,0.100,2834,-1.550,5.900
0503100000020150,A,9.72,1966,Pand in gebruik,,522,0.950,0.950,1.050,0.100,4115,-1.450,2.400
0503100000018794,A,52.73,1966,Pand in gebruik,woonfunctie,1256,4.350,4.350,4.450,0.100,3078,-1.650,6.000
0503100000020151,A,9.78,1966,Pand in gebruik,,507,0.950,1.050,1.050,0.100,3854,-1.450,2.500
0503100000018795,A,52.72,1966,Pand in gebruik,woonfunctie,1285,4.350,4.350,4.350,0.000,1942,-1.450,5.800
0503100000020152,A,9.80,1966,Pand in gebruik,,527,0.950,0.950,0.950,0.000,3847,-1.450,2.400
0503100000018796,A,52.73,1966,Pand in gebruik,woonfunctie,1337,4.350,4.450,4.550,0.200,2106,-1.450,5.900
0503100000020153,A,9.77,1966,Pand in gebruik,,504,0.950,0.950,1.050,0.100,4125,-1.450,2.400
0503100000018797,A,52.44,1966,Pand in gebruik,woonfunctie,1339,4.350,4.350,4.550,0.200,3311,-1.650,6.000
0503100000019292,A,356.03,1972,Pand in gebruik,woonfunctie,13070,35.350,35.350,35.450,0.100,8062,-1.350,36.700
0503100000020154,A,9.72,1966,Pand in gebruik,,520,0.950,0.950,1.050,0.100,3881,-1.450,2.400
0503100000018798,A,52.44,1966,Pand in gebruik,woonfunctie,1346,4.350,4.350,4.350,0.000,2184,-1.550,5.900
0503100000019293,A,207.81,1968,Pand in gebruik,woonfunctie,8730,23.950,24.250,25.050,1.100,6494,-1.750,26.000
0503100000020155,A,9.79,1966,Pand in gebruik,,509,0.950,1.050,1.050,0.100,3672,-1.450,2.500
0503100000018799,A,52.42,1966,Pand in gebruik,woonfunctie,1318,4.350,4.350,4.350,0.000,2014,-1.550,5.900
0503100000019294,A,207.85,1968,Pand in gebruik,woonfunctie,8678,23.950,24.750,27.050,3.100,3732,-1.750,26.500
0503100000020156,A,9.72,1966,Pand in gebruik,,500,0.950,1.050,1.050,0.100,2870,-1.450,2.500
0503100000018800,A,52.42,1966,Pand in gebruik,woonfunctie,1289,4.350,4.350,4.350,0.000,1840,-1.450,5.800
0503100000019295,A,207.94,1968,Pand in gebruik,woonfunctie,5733,24.050,24.950,27.550,3.500,3757,-1.750,26.700
0503100000018801,A,52.40,1966,Pand in gebruik,woonfunctie,1279,4.350,4.350,4.350,0.000,2065,-1.450,5.800
0503100000019296,A,301.76,1971,Pand in gebruik,woonfunctie,12037,35.350,35.350,35.450,0.100,6202,-1.450,36.800
0503100000019297,A,9.17,1966,Pand in gebruik,,235,0.450,0.550,0.550,0.100,1684,-1.550,2.100
0503100000018802,A,52.39,1966,Pand in gebruik,woonfunctie,1247,4.350,4.350,4.550,0.200,2403,-1.450,5.800
0503100000019298,A,9.18,1966,Pand in gebruik,,238,0.350,0.450,0.450,0.100,1641,-1.450,1.900
0503100000020160,A,9.74,1966,Pand in gebruik,,512,1.050,1.050,1.050,0.000,3948,-1.450,2.500
0503100000018803,A,52.40,1966,Pand in gebruik,woonfunctie,1312,4.350,4.450,4.550,0.200,2823,-1.550,6.000
0503100000019299,A,9.13,1966,Pand in gebruik,,223,0.350,0.450,0.450,0.100,2548,-1.750,2.200
0503100000019684,A,354.90,1971,Pand in gebruik,woonfunctie,8945,35.350,35.350,35.450,0.100,5766,-1.450,36.800
0503100000020161,A,9.72,1966,Pand in gebruik,,492,1.050,1.050,1.050,0.000,3788,-1.450,2.500
0503100000019300,A,9.13,1966,Pand in gebruik,,229,0.350,0.450,0.450,0.100,2190,-1.750,2.200
0503100000018804,A,53.41,1966,Pand in gebruik,woonfunctie,1409,4.350,4.350,4.450,0.100,3131,-1.450,5.800
0503100000019685,A,323.24,1971,Pand in gebruik,woonfunctie,8162,35.350,35.350,35.550,0.200,3924,-1.250,36.600
0503100000020162,A,9.70,1966,Pand in gebruik,,504,1.050,1.050,1.050,0.000,3620,-1.450,2.500
0503100000019301,A,9.19,1966,Pand in gebruik,,240,0.350,0.450,0.450,0.100,1911,-1.750,2.200
0503100000018805,A,52.42,1966,Pand in gebruik,woonfunctie,1351,4.350,4.450,4.550,0.200,2788,-1.450,5.900
0503100000019686,A,208.94,1968,Pand in gebruik,woonfunctie,5189,24.150,24.150,27.150,3.000,3869,-1.450,25.600
0503100000020163,A,9.79,1966,Pand in gebruik,,519,1.050,1.050,1.150,0.100,4107,-1.450,2.500
0503100000018806,A,52.40,1966,Pand in gebruik,woonfunctie,1376,4.350,4.350,4.350,0.000,2745,-1.550,5.900
0503100000019302,A,9.17,1966,Pand in gebruik,,235,0.450,0.450,0.550,0.100,1973,-1.750,2.200
0503100000020164,A,9.72,1966,Pand in gebruik,,504,1.050,1.150,1.150,0.100,4430,-1.450,2.600
0503100000018807,A,52.97,1966,Pand in gebruik,woonfunctie,1354,4.350,4.350,4.450,0.100,3480,-1.650,6.000
0503100000019303,A,9.26,1966,Pand in gebruik,,243,0.350,0.450,0.450,0.100,1781,-1.850,2.300
0503100000018808,A,52.95,1966,Pand in gebruik,woonfunctie,1365,4.350,4.350,4.350,0.000,2311,-1.550,5.900
0503100000019304,A,9.21,1966,Pand in gebruik,,233,0.350,0.450,0.450,0.100,1922,-1.850,2.300
0503100000019305,A,9.17,1966,Pand in gebruik,,245,0.350,0.350,0.450,0.100,2022,-1.750,2.100
0503100000018809,A,53.64,1966,Pand in gebruik,woonfunctie,1393,4.350,4.350,4.450,0.100,2277,-1.550,5.900
0503100000019306,A,9.15,1966,Pand in gebruik,,244,0.350,0.350,0.450,0.100,1826,-1.850,2.200
0503100000019307,A,9.17,1966,Pand in gebruik,,164,0.450,0.450,0.550,0.100,1619,-1.650,2.100
0503100000018811,A,52.88,1966,Pand in gebruik,woonfunctie,1391,4.350,4.350,4.350,0.000,2102,-1.650,6.000
0503100000019308,A,9.13,1966,Pand in gebruik,,242,0.450,0.450,0.450,0.000,1503,-1.850,2.300
0503100000018812,A,52.89,1966,Pand in gebruik,woonfunctie,1373,4.350,4.350,4.350,0.000,2308,-1.650,6.000
0503100000019309,A,9.24,1966,Pand in gebruik,,228,0.350,0.350,0.450,0.100,1914,-1.850,2.200
0503100000018813,A,52.66,1966,Pand in gebruik,woonfunctie,1350,4.350,4.350,4.450,0.100,2996,-1.650,6.000
0503100000019310,A,9.21,1966,Pand in gebruik,,240,0.350,0.350,0.450,0.100,1848,-1.850,2.200
0503100000018814,A,52.65,1966,Pand in gebruik,woonfunctie,1363,4.350,4.350,4.350,0.000,2255,-1.550,5.900
0503100000019311,A,9.19,1966,Pand in gebruik,,231,0.350,0.450,0.450,0.100,1563,-1.550,2.000
0503100000018815,A,52.66,1966,Pand in gebruik,woonfunctie,1377,4.350,4.350,4.350,0.000,2249,-1.550,5.900
0503100000019312,A,9.17,1966,Pand in gebruik,,232,0.350,0.450,0.450,0.100,1777,-1.650,2.100
0503100000018816,B,64.81,2005,Pand in gebruik,woonfunctie,967,8.850,9.050,9.050,0.200,1361,0.450,8.600
0503100000019313,A,9.17,1966,Pand in gebruik,,247,0.350,0.450,0.450,0.100,1501,-1.850,2.300
0503100000019314,A,9.22,1966,Pand in gebruik,,237,0.350,0.450,0.550,0.200,1416,-1.750,2.200
0503100000018817,B,61.43,2005,Pand in gebruik,woonfunctie,936,8.850,8.950,9.050,0.200,1185,0.450,8.500
0503100000019315,A,9.19,1966,Pand in gebruik,,229,0.250,0.350,0.450,0.200,1185,-1.450,1.800
0503100000019316,A,9.17,1966,Pand in gebruik,,226,0.350,0.350,0.450,0.100,1128,-1.450,1.800
0503100000019317,A,9.20,1966,Pand in gebruik,,241,0.250,0.350,0.350,0.100,1287,-1.850,2.200
0503100000018818,B,61.45,2005,Pand in gebruik,woonfunctie,926,8.850,8.850,8.850,0.000,1208,0.450,8.400
0503100000019318,A,9.17,1966,Pand in gebruik,,234,0.250,0.350,0.350,0.100,1741,-1.750,2.100
0503100000019319,A,9.17,1966,Pand in gebruik,,234,0.250,0.350,0.350,0.100,1608,-1.750,2.100
0503100000018819,B,61.41,2005,Pand in gebruik,woonfunctie,923,8.850,8.950,9.050,0.200,1172,0.450,8.500
0503100000019320,A,9.17,1966,Pand in gebruik,,259,0.350,0.350,0.450,0.100,1511,-1.850,2.200
0503100000019321,A,9.19,1966,Pand in gebruik,,241,0.350,0.350,0.350,0.000,1812,-1.750,2.100
0503100000019703,B,375.60,2005,Pand in gebruik,woonfunctie,5437,21.450,21.550,21.750,0.300,3262,0.550,21.000
0503100000019704,B,375.24,2005,Pand in gebruik,woonfunctie,5504,21.450,21.550,21.750,0.300,3217,0.650,20.900
0503100000018823,B,7.97,1996,Pand in gebruik,,128,3.150,3.150,3.150,0.000,1289,0.750,2.400
0503100000018824,B,7.79,1996,Pand in gebruik,,123,3.150,3.150,3.150,0.000,1271,0.650,2.500
0503100000018825,B,7.45,1996,Pand in gebruik,,115,3.150,3.150,3.150,0.000,1161,0.650,2.500
0503100000018826,B,7.96,1996,Pand in gebruik,,130,3.250,3.350,3.350,0.100,1114,0.650,2.700
0503100000019706,B,242.18,1963,Pand in gebruik,,3746,3.150,3.750,3.950,0.800,4207,0.650,3.100
0503100000018827,B,94.86,1996,Pand in gebruik,woonfunctie,1418,4.750,6.750,7.150,2.400,2562,0.650,6.100
0503100000018828,B,7.70,1996,Pand in gebruik,,123,3.150,3.150,3.150,0.000,1020,0.650,2.500
0503100000018829,B,7.79,1996,Pand in gebruik,,124,3.150,3.150,3.150,0.000,1138,0.650,2.500
0503100000019334,B,89.47,1994,Pand in gebruik,woonfunctie,1372,6.550,7.050,7.250,0.700,2323,0.550,6.500
0503100000019335,B,595.81,1996,Pand in gebruik,woonfunctie,9594,15.550,15.750,15.750,0.200,4661,0.550,15.200
0503100000019336,B,78.30,2005,Pand in gebruik,woonfunctie,1168,9.250,9.450,9.550,0.300,1904,0.650,8.800
0503100000018831,B,7.73,1996,Pand in gebruik,,121,3.150,3.150,3.150,0.000,1037,0.650,2.500
0503100000019711,B,47.97,1982,Pand in gebruik,woonfunctie,754,6.950,8.450,9.150,2.200,1348,0.150,8.300
0503100000019337,B,64.10,2005,Pand in gebruik,woonfunctie,981,9.250,9.350,9.450,0.200,1439,0.650,8.700
0503100000018832,B,7.62,1996,Pand in gebruik,,106,3.150,3.150,3.250,0.100,1179,0.650,2.500
0503100000019712,B,9.37,1982,Pand in gebruik,,142,2.450,2.650,2.750,0.300,1163,0.150,2.500
0503100000019338,B,70.93,1996,Pand in gebruik,woonfunctie,1119,6.450,6.850,7.150,0.700,1484,0.650,6.200
0503100000019713,B,9.35,1982,Pand in gebruik,,148,2.450,2.650,2.750,0.300,1058,0.150,2.500
0503100000018833,B,7.54,1996,Pand in gebruik,,117,3.150,3.150,3.150,0.000,1082,0.650,2.500
0503100000019339,B,87.20,1996,Pand in gebruik,woonfunctie,1342,6.350,6.850,7.250,0.900,1945,0.650,6.200
0503100000018834,B,7.88,1996,Pand in gebruik,,121,3.150,3.150,3.150,0.000,1016,0.650,2.500
0503100000019714,B,536.40,1998,Pand in gebruik,woonfunctie,8957,12.050,12.050,12.050,0.000,4598,0.250,11.800
0503100000019340,B,57.75,1996,Pand in gebruik,woonfunctie,970,7.250,8.950,9.050,1.800,1712,0.650,8.300
0503100000019715,B,234.14,1998,Pand in gebruik,woonfunctie,3726,14.750,14.850,14.850,0.100,1730,0.550,14.300
0503100000018835,B,312.38,1996,Pand in gebruik,woonfunctie,5002,15.550,15.750,15.850,0.300,2973,0.550,15.200
0503100000019716,B,48.34,1982,Pand in gebruik,woonfunctie,734,3.850,7.450,8.850,5.000,1368,0.250,7.200
0503100000018836,B,60.08,1996,Pand in gebruik,woonfunctie,902,6.350,6.850,7.050,0.700,1632,0.550,6.300
0503100000019717,B,47.87,1982,Pand in gebruik,woonfunctie,753,6.950,8.350,9.150,2.200,1302,0.250,8.100
0503100000021574,B,6003.84,1976,Pand in gebruik,onderwijsfunctie,202453,4.150,9.950,11.750,7.600,58965,-0.150,10.100
0503100000019718,B,5.36,1982,Pand in gebruik,,81,2.550,2.750,2.850,0.300,847,0.250,2.500
0503100000019719,B,5.35,1982,Pand in gebruik,,82,2.550,2.750,2.850,0.300,819,0.250,2.500
0503100000019720,B,5.35,1982,Pand in gebruik,,72,2.550,2.750,2.850,0.300,790,0.250,2.500
0503100000019721,B,47.99,1982,Pand in gebruik,woonfunctie,731,7.050,8.450,9.250,2.200,1384,0.150,8.300
0503100000019722,B,48.01,1982,Pand in gebruik,woonfunctie,745,6.950,8.450,9.150,2.200,1491,0.150,8.300
0503100000019351,B,126.11,1947,Pand in gebruik,woonfunctie,1870,3.050,6.050,7.650,4.600,3029,0.050,6.000
0503100000020217,B,51.57,1977,Pand in gebruik,woonfunctie,1789,3.750,4.850,5.650,1.900,2961,-1.350,6.200
0503100000020218,B,51.30,1977,Pand in gebruik,woonfunctie,1808,3.750,4.850,5.650,1.900,2927,-1.350,6.200
0503100000020219,B,7.25,1977,Pand in gebruik,,259,0.950,0.950,0.950,0.000,2978,-1.450,2.400
0503100000020220,B,7.26,1977,Pand in gebruik,,248,0.950,0.950,1.050,0.100,2388,-1.450,2.400
0503100000020221,B,7.20,1977,Pand in gebruik,,254,0.950,0.950,0.950,0.000,3386,-1.550,2.500
0503100000020222,B,7.22,1977,Pand in gebruik,,250,0.950,0.950,0.950,0.000,3168,-1.550,2.500
0503100000019367,A,323.53,1971,Pand in gebruik,woonfunctie,12996,35.350,35.350,38.050,2.700,5294,-1.250,36.600
0503100000019368,A,355.12,1971,Pand in gebruik,woonfunctie,14567,35.350,35.350,35.450,0.100,8885,-1.450,36.800
0503100000019369,A,208.94,1968,Pand in gebruik,woonfunctie,11336,23.950,23.950,24.950,1.000,7434,-1.750,25.700
0503100000019370,A,209.03,1968,Pand in gebruik,woonfunctie,11310,23.950,23.950,26.950,3.000,5487,-1.850,25.800
0503100000019371,A,302.56,1972,Pand in gebruik,woonfunctie,12793,35.350,35.350,35.450,0.100,7792,-1.250,36.600
0503100000019372,A,324.92,1972,Pand in gebruik,"gezondheidszorgfunctie,woonfunctie",12993,35.350,35.350,38.050,2.700,6120,-1.350,36.700
0503100000019373,A,322.88,1972,Pand in gebruik,woonfunctie,12674,35.350,35.350,35.550,0.200,6110,-1.350,36.700
0503100000019374,A,208.04,1968,Pand in gebruik,woonfunctie,5155,23.950,24.750,27.050,3.100,3158,-1.750,26.500
0503100000019375,A,208.52,1968,Pand in gebruik,woonfunctie,9832,23.950,24.150,25.050,1.100,7223,-1.750,25.900
0503100000019751,A,208.26,1967,Pand in gebruik,woonfunctie,5238,24.050,24.050,27.150,3.100,2506,-1.450,25.500
0503100000019376,A,321.14,2009,Pand in gebruik,bijeenkomstfunctie,13505,1.850,2.550,2.550,0.700,13457,-1.550,4.100
0503100000019752,A,301.37,1972,Pand in gebruik,woonfunctie,8517,32.750,35.350,35.450,2.700,4575,-1.350,36.700
0503100000019377,A,323.75,1971,Pand in gebruik,woonfunctie,12998,35.350,35.350,37.950,2.600,5296,-1.350,36.700
0503100000019753,A,322.84,1972,Pand in gebruik,woonfunctie,8995,33.450,35.350,37.950,4.500,2962,-1.250,36.600
0503100000019378,A,209.23,1968,Pand in gebruik,woonfunctie,11659,23.850,23.950,24.650,0.800,5205,-1.850,25.800
0503100000019754,A,300.72,1971,Pand in gebruik,woonfunctie,7547,35.350,35.350,35.450,0.100,4717,-1.450,36.800
0503100000019379,A,209.29,1968,Pand in gebruik,woonfunctie,11453,23.950,23.950,24.550,0.600,5933,-1.850,25.800
0503100000019380,A,209.12,1968,Pand in gebruik,woonfunctie,11305,23.850,23.950,27.450,3.600,5471,-1.850,25.800
0503100000019755,A,208.87,1968,Pand in gebruik,woonfunctie,5472,24.150,24.150,27.650,3.500,2473,-1.450,25.600
0503100000019756,A,208.89,1968,Pand in gebruik,woonfunctie,5477,24.150,24.150,27.150,3.000,2223,-1.450,25.600
0503100000019757,A,208.91,1968,Pand in gebruik,woonfunctie,5212,24.050,24.150,27.150,3.100,2156,-1.450,25.600
0503100000019758,A,208.25,1967,Pand in gebruik,woonfunctie,5243,23.850,23.950,27.550,3.700,2765,-1.750,25.700
0503100000019759,A,354.08,1972,Pand in gebruik,woonfunctie,9917,35.350,35.350,35.350,0.000,4491,-1.250,36.600
0503100000019760,A,322.79,1972,Pand in gebruik,woonfunctie,8985,33.550,35.350,35.450,1.900,3131,-1.250,36.600
0503100000019761,A,208.26,1967,Pand in gebruik,woonfunctie,5194,24.050,24.150,27.050,3.000,3957,-1.450,25.600
0503100000019762,A,208.26,1967,Pand in gebruik,woonfunctie,5367,24.050,24.050,27.050,3.000,3493,-1.650,25.700
0503100000019763,A,208.26,1967,Pand in gebruik,woonfunctie,5383,24.050,24.050,24.950,0.900,2481,-1.450,25.500
0503100000018871,A,1302.10,1971,Pand in gebruik,"bijeenkomstfunctie,winkelfunctie,woonfunctie",40309,53.150,53.250,53.550,0.400,15983,-0.250,53.500
0503100000019764,A,208.26,1967,Pand in gebruik,woonfunctie,5384,24.050,24.050,27.150,3.100,2402,-1.450,25.500
0503100000018872,A,1651.21,1969,Pand in gebruik,"bijeenkomstfunctie,gezondheidszorgfunctie,kantoorfunctie,woonfunctie",53362,14.850,14.850,14.850,0.000,25333,-0.150,15.000
0503100000019765,A,208.25,1967,Pand in gebruik,woonfunctie,5259,24.050,24.150,27.650,3.600,2424,-1.450,25.600
0503100000018873,B,133.29,1994,Pand in gebruik,industriefunctie,2039,5.450,5.550,5.550,0.100,673,0.050,5.500
0503100000019766,A,208.82,1968,Pand in gebruik,woonfunctie,5366,24.150,24.150,27.150,3.000,3187,-1.450,25.600
0503100000018875,A,978.06,1991,Pand in gebruik,woonfunctie,32128,10.550,10.550,10.650,0.100,17979,-0.450,11.000
0503100000019767,A,208.82,1968,Pand in gebruik,woonfunctie,5474,24.150,24.150,27.150,3.000,2436,-1.450,25.600
0503100000018877,A,60.01,1992,Pand in gebruik,winkelfunctie,1926,3.250,3.250,3.350,0.100,6085,-0.250,3.500
0503100000019768,A,210.03,1967,Pand in gebruik,woonfunctie,5332,23.850,23.850,24.550,0.700,3786,-1.750,25.600
0503100000018878,A,2406.97,2007,Pand in gebruik,"overige gebruiksfunctie,sportfunctie,woonfunctie",74864,3.650,16.450,18.750,15.100,22425,-0.150,16.600
0503100000019769,A,208.13,1967,Pand in gebruik,woonfunctie,5350,23.850,23.850,24.050,0.200,2825,-1.750,25.600
0503100000018879,A,52.66,1966,Pand in gebruik,woonfunctie,1297,4.350,4.350,4.350,0.000,3195,-1.550,5.900
0503100000019770,A,208.50,1967,Pand in gebruik,woonfunctie,5398,23.850,23.850,27.050,3.200,4399,-1.650,25.500
0503100000018880,A,52.65,1966,Pand in gebruik,woonfunctie,1336,4.350,4.350,4.350,0.000,2025,-1.550,5.900
0503100000019771,A,208.38,1967,Pand in gebruik,woonfunctie,5396,23.850,23.850,27.050,3.200,2723,-1.750,25.600
0503100000018881,A,52.52,1966,Pand in gebruik,woonfunctie,1378,4.350,4.350,4.350,0.000,2536,-1.450,5.800
0503100000018882,A,52.52,1966,Pand in gebruik,woonfunctie,1381,4.250,4.350,4.350,0.100,2299,-1.350,5.700
0503100000018883,A,52.51,1966,Pand in gebruik,woonfunctie,1403,4.350,4.350,4.350,0.000,2430,-1.450,5.800
0503100000018884,A,52.52,1966,Pand in gebruik,woonfunctie,1390,4.350,4.350,4.350,0.000,2336,-1.450,5.800
0503100000018885,A,9.17,1966,Pand in gebruik,,235,0.350,0.450,0.450,0.100,1467,-1.750,2.200
0503100000018886,A,9.17,1966,Pand in gebruik,,231,0.350,0.350,0.450,0.100,1539,-1.750,2.100
0503100000018887,A,9.17,1966,Pand in gebruik,,222,0.250,0.350,0.450,0.200,1748,-1.750,2.100
0503100000018888,A,9.19,1966,Pand in gebruik,,227,0.350,0.350,0.450,0.100,1631,-1.750,2.100
0503100000018402,B,14.38,1950,Pand in gebruik,,367,4.450,4.550,4.550,0.100,3842,0.050,4.500
0503100000018889,A,9.19,1966,Pand in gebruik,,217,0.350,0.350,0.450,0.100,1672,-1.450,1.800
0503100000018890,A,9.17,1966,Pand in gebruik,,225,0.350,0.350,0.450,0.100,1645,-1.750,2.100
0503100000020715,B,1378.89,1969,Pand in gebruik,woonfunctie,43826,10.050,10.050,10.050,0.000,30029,-1.450,11.500
0503100000018891,A,9.17,1966,Pand in gebruik,,222,0.350,0.450,0.450,0.100,1696,-1.850,2.300
0503100000020716,B,1380.49,1969,Pand in gebruik,"kantoorfunctie,woonfunctie",36488,10.050,10.050,10.050,0.000,19319,-1.450,11.500
0503100000018892,A,52.30,1966,Pand in gebruik,woonfunctie,1358,4.350,4.350,4.450,0.100,2645,-1.450,5.800
0503100000020717,B,1378.84,1969,Pand in gebruik,woonfunctie,35325,9.950,10.050,10.050,0.100,20123,-1.550,11.600
0503100000018893,A,52.30,1966,Pand in gebruik,woonfunctie,1361,4.350,4.350,4.350,0.000,2599,-1.450,5.800
0503100000020718,B,1381.96,1969,Pand in gebruik,woonfunctie,36123,10.050,10.050,10.050,0.000,19672,-1.450,11.500
0503100000018894,A,52.30,1966,Pand in gebruik,woonfunctie,1348,4.350,4.450,4.550,0.200,2436,-1.450,5.900
0503100000018895,A,52.29,1966,Pand in gebruik,woonfunctie,1364,4.350,4.350,4.350,0.000,2338,-1.450,5.800
0503100000021629,B,52.51,1977,Pand in gebruik,woonfunctie,1799,3.850,4.950,5.650,1.800,2969,-1.350,6.300
0503100000020720,B,1425.30,1967,Pand in gebruik,woonfunctie,80364,10.050,10.150,10.150,0.100,56613,-1.350,11.500
0503100000018896,A,52.93,1966,Pand in gebruik,woonfunctie,1381,4.350,4.350,4.350,0.000,2181,-1.450,5.800
0503100000021630,B,51.83,1977,Pand in gebruik,woonfunctie,1843,3.850,4.950,5.650,1.800,4250,-1.450,6.400
0503100000020721,B,1388.06,1969,Pand in gebruik,woonfunctie,34522,9.950,10.050,10.050,0.100,22824,-1.450,11.500
0503100000018897,A,52.95,1966,Pand in gebruik,woonfunctie,1394,4.350,4.350,4.350,0.000,2250,-1.450,5.800
0503100000018898,A,10.20,1966,Pand in gebruik,,420,1.050,1.050,1.050,0.000,2827,-1.350,2.400
0503100000018899,A,63.62,1966,Pand in gebruik,woonfunctie,1634,4.350,4.350,4.450,0.100,2513,-1.450,5.800
0503100000018900,A,50.32,1966,Pand in gebruik,woonfunctie,1300,4.350,4.350,4.450,0.100,1925,-1.450,5.800
0503100000018901,A,50.31,1966,Pand in gebruik,woonfunctie,1289,4.350,4.350,4.350,0.000,2028,-1.450,5.800
0503100000018902,A,50.31,1966,Pand in gebruik,woonfunctie,1324,4.350,4.350,4.450,0.100,2293,-1.450,5.800
0503100000018903,A,49.08,1966,Pand in gebruik,woonfunctie,1301,4.350,4.350,4.450,0.100,2974,-1.850,6.200
0503100000018904,A,50.10,1966,Pand in gebruik,woonfunctie,1327,4.350,4.450,4.550,0.200,1803,-1.550,6.000
0503100000018905,A,68.54,1966,Pand in gebruik,woonfunctie,1733,4.350,4.350,4.350,0.000,2564,-1.550,5.900
0503100000018906,A,69.22,1966,Pand in gebruik,woonfunctie,1592,4.350,4.550,5.050,0.700,2499,-1.450,6.000
0503100000018907,A,50.09,1966,Pand in gebruik,woonfunctie,1351,4.350,4.350,4.350,0.000,2710,-1.550,5.900
0503100000019414,B,57.12,1994,Pand in gebruik,woonfunctie,883,6.650,7.150,7.450,0.800,2353,0.550,6.600
0503100000019415,B,54.96,1994,Pand in gebruik,woonfunctie,815,6.550,7.250,7.450,0.900,1496,0.550,6.700
0503100000018908,A,50.09,1966,Pand in gebruik,woonfunctie,1336,4.350,4.350,4.350,0.000,2405,-1.550,5.900
0503100000018909,A,50.08,1966,Pand in gebruik,woonfunctie,1338,4.350,4.350,4.350,0.000,2306,-1.450,5.800
0503100000019416,B,54.96,1994,Pand in gebruik,woonfunctie,853,10.150,10.650,10.950,0.800,1330,0.550,10.100
0503100000018910,A,50.09,1966,Pand in gebruik,woonfunctie,1341,4.350,4.350,4.350,0.000,2187,-1.450,5.800
0503100000019417,B,54.98,1994,Pand in gebruik,woonfunctie,842,10.150,10.650,10.950,0.800,1218,0.550,10.100
0503100000019418,B,54.99,1994,Pand in gebruik,woonfunctie,748,6.550,7.150,7.450,0.900,1187,0.550,6.600
0503100000018911,A,50.08,1966,Pand in gebruik,woonfunctie,1330,4.350,4.350,4.350,0.000,1825,-1.550,5.900
0503100000019419,B,68.89,1994,Pand in gebruik,woonfunctie,982,10.050,10.750,10.950,0.900,1468,0.550,10.200
0503100000018912,A,50.08,1966,Pand in gebruik,woonfunctie,1338,4.350,4.350,4.350,0.000,2798,-1.650,6.000
0503100000019420,B,68.93,1994,Pand in gebruik,woonfunctie,1097,9.150,9.250,9.350,0.200,1019,0.350,8.900
0503100000019800,B,48.03,1982,Pand in gebruik,woonfunctie,746,6.950,8.450,9.150,2.200,1915,0.150,8.300
0503100000019421,B,65.10,1994,Pand in gebruik,woonfunctie,1042,9.150,9.150,9.350,0.200,1124,0.450,8.700
0503100000019801,B,5.34,1982,Pand in gebruik,,83,2.550,2.750,2.850,0.300,952,0.250,2.500
0503100000019422,B,65.06,1994,Pand in gebruik,woonfunctie,1031,9.150,9.250,9.350,0.200,1144,0.450,8.800
0503100000019802,B,5.36,1982,Pand in gebruik,,86,2.550,2.750,2.850,0.300,962,0.150,2.600
0503100000019423,B,68.00,1994,Pand in gebruik,woonfunctie,1042,9.150,9.250,9.350,0.200,2118,0.350,8.900
0503100000019803,B,5.37,1982,Pand in gebruik,,81,2.550,2.750,2.850,0.300,1046,0.250,2.500
0503100000019804,B,5.35,1982,Pand in gebruik,,93,2.550,2.750,2.850,0.300,1121,0.250,2.500
0503100000019805,B,9.35,1982,Pand in gebruik,,141,2.450,2.650,2.750,0.300,1247,0.150,2.500
0503100000018918,B,63.17,1996,Pand in gebruik,woonfunctie,937,6.450,7.050,7.150,0.700,2206,0.650,6.400
0503100000019806,B,9.39,1982,Pand in gebruik,,141,2.450,2.650,2.750,0.300,1268,0.050,2.600
0503100000019427,A,52.14,1966,Pand in gebruik,woonfunctie,2455,4.350,4.350,4.350,0.000,5902,-1.350,5.700
0503100000019807,B,9.35,1982,Pand in gebruik,,154,2.450,2.650,2.750,0.300,1231,0.050,2.600
0503100000019428,A,9.05,1966,Pand in gebruik,,278,0.950,0.950,1.050,0.100,2170,-1.350,2.300
0503100000019808,B,233.47,1998,Pand in gebruik,woonfunctie,3760,14.750,14.850,14.850,0.100,2414,0.550,14.300
0503100000019429,A,52.34,1966,Pand in gebruik,woonfunctie,1685,4.450,4.450,4.450,0.000,4136,-1.450,5.900
0503100000019809,B,234.21,1998,Pand in gebruik,woonfunctie,3707,14.750,14.850,14.850,0.100,1672,0.550,14.300
0503100000019430,A,52.33,1966,Pand in gebruik,woonfunctie,1700,4.450,4.450,4.450,0.000,3036,-1.250,5.700
0503100000019810,B,224.43,1998,Pand in gebruik,woonfunctie,3577,14.750,14.850,14.850,0.100,2071,0.550,14.300
0503100000018923,B,60.08,1996,Pand in gebruik,woonfunctie,916,6.350,6.850,7.050,0.700,1549,0.550,6.300
0503100000018925,B,594.46,1996,Pand in gebruik,woonfunctie,9592,15.550,15.750,15.750,0.200,4419,0.550,15.200
0503100000019432,A,52.34,1966,Pand in gebruik,woonfunctie,1689,4.450,4.450,4.450,0.000,2436,-1.250,5.700
0503100000018926,B,52.23,2005,Pand in gebruik,woonfunctie,814,8.650,8.750,8.850,0.200,1564,0.350,8.400
0503100000019433,A,52.34,1966,Pand in gebruik,woonfunctie,1712,4.450,4.450,4.450,0.000,2773,-1.150,5.600
0503100000019434,A,8.88,1966,Pand in gebruik,,228,1.050,1.150,1.150,0.100,2935,-1.250,2.400
0503100000018927,B,50.04,2005,Pand in gebruik,woonfunctie,798,8.650,8.750,8.750,0.100,1254,0.350,8.400
0503100000019435,A,52.12,1966,Pand in gebruik,woonfunctie,1676,4.350,4.450,4.550,0.200,3640,-1.250,5.700
0503100000018928,B,50.03,2005,Pand in gebruik,woonfunctie,794,8.650,8.750,8.750,0.100,1201,0.350,8.400
0503100000019436,A,52.09,1966,Pand in gebruik,woonfunctie,1689,4.350,4.350,4.350,0.000,2945,-1.350,5.700
0503100000018929,B,62.90,2005,Pand in gebruik,woonfunctie,888,8.750,8.750,8.750,0.000,1511,0.350,8.400
0503100000019437,A,52.06,1966,Pand in gebruik,woonfunctie,1681,4.350,4.350,4.350,0.000,2611,-1.250,5.600
0503100000019438,A,52.05,1966,Pand in gebruik,woonfunctie,1649,4.350,4.450,4.550,0.200,2639,-1.250,5.700
0503100000019439,A,52.05,1966,Pand in gebruik,woonfunctie,1669,4.350,4.350,4.350,0.000,3283,-1.350,5.700
0503100000019440,A,52.62,1966,Pand in gebruik,woonfunctie,1675,5.250,5.350,5.350,0.100,3689,-0.850,6.200
0503100000018930,B,110.74,2005,Pand in gebruik,woonfunctie,1658,3.750,9.050,9.150,5.400,2321,0.550,8.500
0503100000019441,A,52.60,1966,Pand in gebruik,woonfunctie,1661,5.250,5.250,5.250,0.000,2853,-0.650,5.900
0503100000018931,B,64.13,2005,Pand in gebruik,woonfunctie,959,8.850,8.850,8.950,0.100,1583,0.450,8.400
0503100000019442,A,52.58,1966,Pand in gebruik,woonfunctie,1671,5.250,5.250,5.250,0.000,2890,-0.650,5.900
0503100000018932,B,64.28,2005,Pand in gebruik,woonfunctie,969,8.850,8.850,8.850,0.000,1400,0.450,8.400
0503100000019443,A,52.65,1966,Pand in gebruik,woonfunctie,1673,5.250,5.250,5.350,0.100,3686,-0.550,5.800
0503100000018933,B,64.36,2005,Pand in gebruik,woonfunctie,942,8.850,8.850,8.950,0.100,2025,0.550,8.300
0503100000019444,A,52.69,1966,Pand in gebruik,woonfunctie,1662,5.450,5.450,5.450,0.000,3070,-0.650,6.100
0503100000018934,B,52.40,2005,Pand in gebruik,woonfunctie,826,8.850,8.950,9.050,0.200,1195,0.450,8.500
0503100000018935,B,11.73,2005,Pand in gebruik,overige gebruiksfunctie,185,3.150,3.150,3.150,0.000,1438,0.450,2.700
0503100000019818,B,62597.51,1950,Pand in gebruik,"bijeenkomstfunctie,industriefunctie,kantoorfunctie,overige gebruiksfunctie",2556253,11.550,14.250,14.550,3.000,134789,0.150,14.100
0503100000018936,B,7.78,2005,Pand in gebruik,,121,2.850,3.050,3.050,0.200,1342,0.550,2.500
0503100000018937,B,61.43,2005,Pand in gebruik,woonfunctie,893,8.850,8.950,9.050,0.200,1278,0.450,8.500
0503100000018938,B,7.81,2005,Pand in gebruik,,99,2.850,2.850,2.850,0.000,1174,0.550,2.300
0503100000018939,B,62.83,2005,Pand in gebruik,woonfunctie,911,8.750,8.750,8.750,0.000,1610,0.350,8.400
0503100000018940,B,61.55,2005,Pand in gebruik,woonfunctie,921,8.850,9.050,9.050,0.200,1175,0.450,8.600
0503100000018941,B,61.67,2005,Pand in gebruik,woonfunctie,935,8.850,8.950,9.050,0.200,1591,0.450,8.500
0503100000018942,B,50.11,2005,Pand in gebruik,woonfunctie,790,8.850,8.850,8.850,0.000,1134,0.450,8.400
0503100000021239,B,65.69,1977,Pand in gebruik,woonfunctie,1644,3.550,6.050,7.050,3.500,2273,-1.350,7.400
0503100000021240,B,604.97,1991,Pand in gebruik,kantoorfunctie,20157,14.250,14.250,14.450,0.200,12866,-1.450,15.700
0503100000021241,B,315.55,1980,Pand in gebruik,woonfunctie,4644,4.050,4.950,6.750,2.700,4222,-1.650,6.600
0503100000020349,B,66.17,1971,Pand in gebruik,woonfunctie,2819,4.550,6.250,7.150,2.600,6203,-1.650,7.900
0503100000018964,A,1613.87,1965,Pand in gebruik,"kantoorfunctie,onderwijsfunctie",51430,9.250,9.350,9.350,0.100,17958,-0.150,9.500
0503100000020350,B,64.97,1971,Pand in gebruik,woonfunctie,2813,4.550,6.250,7.150,2.600,4444,-1.550,7.800
0503100000018965,A,2465.25,1964,Pand in gebruik,kantoorfunctie,79506,8.350,8.450,8.450,0.100,19928,-0.150,8.600
0503100000020351,B,64.92,1971,Pand in gebruik,woonfunctie,2744,4.550,6.350,7.150,2.600,4686,-1.550,7.900
0503100000018966,B,3225.96,1971,Pand in gebruik,sportfunctie,86717,6.150,6.850,7.950,1.800,19159,0.050,6.800
0503100000020352,B,64.75,1971,Pand in gebruik,woonfunctie,2762,4.550,6.250,7.150,2.600,4499,-1.550,7.800
0503100000018967,B,133.16,1994,Pand in gebruik,industriefunctie,2085,5.450,5.550,5.550,0.100,1594,0.050,5.500
0503100000020797,B,1438.77,1967,Pand in gebruik,woonfunctie,65726,10.050,10.050,12.650,2.600,39730,-1.550,11.600
0503100000020353,B,64.83,1971,Pand in gebruik,woonfunctie,2757,4.550,6.350,7.150,2.600,4481,-1.550,7.900
0503100000018968,B,136.26,1994,Pand in gebruik,industriefunctie,2162,5.450,5.550,5.550,0.100,1750,0.050,5.500
0503100000020798,B,1416.20,1967,Pand in gebruik,woonfunctie,59520,10.050,10.050,12.650,2.600,35716,-1.550,11.600
0503100000020354,B,64.74,1971,Pand in gebruik,woonfunctie,2773,4.550,6.250,7.150,2.600,3968,-1.450,7.700
0503100000020799,B,1418.01,1967,Pand in gebruik,woonfunctie,41837,9.950,10.050,12.650,2.700,29324,-1.550,11.600
0503100000020355,B,64.71,1971,Pand in gebruik,woonfunctie,2825,4.550,6.250,7.150,2.600,4206,-1.450,7.700
0503100000020800,B,1271.02,1967,Pand in gebruik,woonfunctie,88307,9.950,10.050,10.050,0.100,59334,-1.450,11.500
0503100000020356,B,64.80,1971,Pand in gebruik,woonfunctie,2774,4.550,6.350,7.150,2.600,4519,-1.450,7.800
0503100000020357,B,64.68,1971,Pand in gebruik,woonfunctie,2749,4.550,6.350,7.150,2.600,4578,-1.550,7.900
0503100000020802,B,5.72,1990,Pand in gebruik,,143,0.550,0.650,0.750,0.200,1909,-1.550,2.200
0503100000020358,B,64.84,1971,Pand in gebruik,woonfunctie,2739,4.650,6.350,7.150,2.500,4373,-1.550,7.900
0503100000020803,B,8.53,1990,Pand in gebruik,,226,1.050,1.250,1.350,0.300,2349,-1.550,2.800
0503100000018971,B,496.61,1994,Pand in gebruik,sportfunctie,7471,6.550,6.550,6.850,0.300,2174,0.050,6.500
0503100000018974,B,80.25,1994,Pand in gebruik,winkelfunctie,1265,6.350,6.450,6.550,0.200,1539,0.050,6.400
0503100000018975,B,1170.71,1999,Pand in gebruik,"winkelfunctie,woonfunctie",17641,21.850,21.950,22.050,0.200,7804,0.150,21.800
0503100000019839,A,323.60,1972,Pand in gebruik,woonfunctie,9662,32.850,35.450,35.650,2.800,3166,-1.150,36.600
0503100000019840,A,1562.38,2004,Pand in gebruik,"gezondheidszorgfunctie,kantoorfunctie,woonfunctie",50930,14.650,16.250,17.550,2.900,12495,-0.050,16.300
0503100000019841,A,1257.37,1965,Pand in gebruik,"winkelfunctie,woonfunctie",85531,49.350,49.450,49.750,0.400,29558,-1.650,51.100
0503100000018977,A,1302.00,1969,Pand in gebruik,"overige gebruiksfunctie,woonfunctie",41897,19.950,19.950,20.050,0.100,14270,-0.150,20.100
0503100000018978,A,2121.87,1969,Pand in gebruik,woonfunctie,66792,8.650,8.650,8.750,0.100,27566,-0.150,8.800
0503100000018979,A,50.32,1966,Pand in gebruik,woonfunctie,1288,4.350,4.350,4.450,0.100,2223,-1.650,6.000
0503100000019842,A,970.43,1968,Pand in gebruik,bijeenkomstfunctie,47924,5.750,5.750,6.750,1.000,22148,-1.250,7.000
0503100000018980,A,50.09,1966,Pand in gebruik,woonfunctie,1330,4.350,4.450,4.550,0.200,2287,-1.450,5.900
0503100000019843,A,18.32,1966,Pand in gebruik,overige gebruiksfunctie,471,1.250,1.350,1.550,0.300,3319,-1.750,3.100
0503100000018981,A,52.54,1966,Pand in gebruik,woonfunctie,1296,4.350,4.350,4.350,0.000,3500,-1.850,6.200
0503100000019844,A,608.73,1979,Pand in gebruik,woonfunctie,19132,5.250,5.350,5.450,0.200,13290,-0.550,5.900
0503100000019845,A,1126.08,1967,Pand in gebruik,"kantoorfunctie,woonfunctie",38863,50.750,50.950,51.250,0.500,19970,-0.150,51.100
0503100000018982,A,52.53,1966,Pand in gebruik,woonfunctie,1299,4.250,4.350,4.350,0.100,2362,-1.550,5.900
0503100000019846,A,208.03,1967,Pand in gebruik,woonfunctie,6990,23.850,23.950,26.950,3.100,3657,-1.850,25.800
0503100000018983,A,52.53,1966,Pand in gebruik,woonfunctie,1252,4.350,4.350,4.350,0.000,2473,-1.450,5.800
0503100000019847,A,207.86,1967,Pand in gebruik,woonfunctie,6932,23.850,23.950,27.050,3.200,3447,-1.750,25.700
0503100000018984,A,52.53,1966,Pand in gebruik,woonfunctie,1195,4.250,4.350,4.350,0.100,2554,-1.450,5.800
0503100000019848,A,354.39,1972,Pand in gebruik,woonfunctie,10471,33.150,35.450,35.550,2.400,4326,-1.150,36.600
0503100000018985,A,53.64,1966,Pand in gebruik,woonfunctie,1235,4.350,4.350,4.350,0.000,3457,-1.450,5.800
0503100000019849,A,323.56,1972,Pand in gebruik,woonfunctie,10540,32.750,35.550,38.150,5.400,5139,-1.050,36.600
0503100000018986,A,52.38,1966,Pand in gebruik,woonfunctie,1330,4.350,4.350,4.350,0.000,2600,-1.550,5.900
0503100000019850,A,300.97,1972,Pand in gebruik,woonfunctie,14067,35.450,35.550,35.550,0.100,7168,-1.050,36.600
0503100000018987,A,52.41,1966,Pand in gebruik,woonfunctie,1350,4.350,4.350,4.350,0.000,2604,-1.550,5.900
0503100000018988,A,52.45,1966,Pand in gebruik,woonfunctie,1338,4.350,4.350,4.350,0.000,2372,-1.550,5.900
0503100000018989,A,52.52,1966,Pand in gebruik,woonfunctie,1350,4.350,4.350,4.450,0.100,3418,-1.750,6.100
0503100000018990,A,52.36,1966,Pand in gebruik,woonfunctie,1343,4.350,4.350,4.450,0.100,3786,-1.550,5.900
0503100000018991,A,9.19,1966,Pand in gebruik,,244,0.150,0.150,0.150,0.000,1888,-2.050,2.200
0503100000018992,A,9.17,1966,Pand in gebruik,,232,0.150,0.150,0.250,0.100,1903,-2.050,2.200
0503100000018993,A,9.15,1966,Pand in gebruik,,236,0.150,0.150,0.250,0.100,1885,-2.050,2.200
0503100000019852,A,59.95,1965,Pand in gebruik,woonfunctie,2480,6.750,6.850,6.850,0.100,2963,-1.150,8.000
0503100000018994,A,9.17,1966,Pand in gebruik,,186,0.150,0.250,0.250,0.100,1814,-1.950,2.200
0503100000018995,A,9.17,1966,Pand in gebruik,,234,0.050,0.150,0.150,0.100,1906,-2.050,2.200
0503100000019853,A,118.55,1966,Verbouwing pand,woonfunctie,4279,1.250,6.450,6.650,5.400,4827,-1.650,8.100
0503100000018996,A,9.17,1966,Pand in gebruik,,240,0.150,0.150,0.150,0.000,1933,-2.050,2.200
0503100000019854,A,653.34,1965,Pand in gebruik,woonfunctie,21005,4.750,7.550,7.650,2.900,20369,-0.950,8.500
0503100000018997,A,9.22,1966,Pand in gebruik,,241,0.150,0.150,0.250,0.100,1981,-1.950,2.100
0503100000019855,A,56.36,1968,Pand in gebruik,overige gebruiksfunctie,1139,2.950,2.950,3.050,0.100,5073,-0.150,3.100
0503100000018998,A,9.19,1966,Pand in gebruik,,238,0.150,0.150,0.250,0.100,2068,-2.050,2.200
0503100000019856,A,208.10,1967,Pand in gebruik,woonfunctie,10363,23.950,23.950,26.950,3.000,6082,-1.550,25.500
0503100000018999,A,9.17,1966,Pand in gebruik,,238,0.050,0.150,0.150,0.100,2010,-2.050,2.200
0503100000019857,A,208.08,1967,Pand in gebruik,woonfunctie,10248,23.850,23.950,27.050,3.200,4638,-1.750,25.700
0503100000019001,A,49.27,1974,Pand in gebruik,industriefunctie,1327,3.850,3.950,3.950,0.100,4431,-1.550,5.500
0503100000021313,B,315.63,1982,Pand in gebruik,woonfunctie,4753,4.050,4.850,6.750,2.700,5085,-1.750,6.600
0503100000021314,B,66.68,1977,Pand in gebruik,woonfunctie,1678,3.550,5.950,7.150,3.600,3951,-1.350,7.300
0503100000021315,B,64.62,1977,Pand in gebruik,woonfunctie,1602,3.650,5.950,7.050,3.400,2450,-1.350,7.300
0503100000021316,B,51.69,1977,Pand in gebruik,woonfunctie,1319,4.050,5.150,5.950,1.900,2045,-1.050,6.200
0503100000021317,B,51.43,1977,Pand in gebruik,woonfunctie,1309,4.050,5.150,5.950,1.900,2115,-1.050,6.200
0503100000021318,B,51.80,1977,Pand in gebruik,woonfunctie,1319,3.950,5.150,5.950,2.000,1938,-1.050,6.200
0503100000021320,B,66.68,1977,Pand in gebruik,woonfunctie,1644,3.650,6.050,7.050,3.400,4138,-1.450,7.500
0503100000021321,B,64.63,1977,Pand in gebruik,woonfunctie,1580,3.850,6.050,7.050,3.200,3059,-1.450,7.500
0503100000021322,B,65.54,1977,Pand in gebruik,woonfunctie,1622,3.750,6.050,7.050,3.300,2788,-1.350,7.400
0503100000023519,A,14.34,1970,Pand in gebruik,overige gebruiksfunctie,455,2.250,2.250,2.250,0.000,749,-0.150,2.400
0503100000021323,B,66.66,1977,Pand in gebruik,woonfunctie,1626,3.650,6.050,7.050,3.400,3893,-1.450,7.500
0503100000020846,B,4.91,1981,Pand in gebruik,,159,0.850,0.850,0.850,0.000,2442,-1.550,2.400
0503100000021324,B,64.96,1977,Pand in gebruik,woonfunctie,1601,3.850,6.050,7.050,3.200,2806,-1.450,7.500
0503100000023520,A,14.35,1970,Pand in gebruik,overige gebruiksfunctie,447,2.150,2.250,2.250,0.100,1373,-0.150,2.400
0503100000021325,B,66.63,1977,Pand in gebruik,woonfunctie,1672,3.550,6.050,7.150,3.600,4133,-1.350,7.400
0503100000023521,A,14.35,1970,Pand in gebruik,overige gebruiksfunctie,449,2.150,2.250,2.250,0.100,748,-0.150,2.400
0503100000021326,B,64.77,1977,Pand in gebruik,woonfunctie,1613,3.750,6.050,7.050,3.300,2343,-1.350,7.400
0503100000023522,A,14.35,1970,Pand in gebruik,overige gebruiksfunctie,447,2.150,2.250,2.250,0.100,740,-0.150,2.400
0503100000021327,B,65.57,1977,Pand in gebruik,woonfunctie,1662,3.450,6.050,7.150,3.700,2414,-1.350,7.400
0503100000023523,A,14.35,1970,Pand in gebruik,overige gebruiksfunctie,460,2.150,2.150,2.250,0.100,1374,-0.150,2.300
0503100000021328,B,91.71,1986,Pand in gebruik,woonfunctie,2101,4.550,6.950,8.150,3.600,3031,-1.150,8.100
0503100000021329,B,45.26,1986,Pand in gebruik,,1094,1.150,1.150,1.150,0.000,3894,-1.250,2.400
0503100000020421,B,64.62,1971,Pand in gebruik,woonfunctie,2810,4.550,6.350,7.150,2.600,4227,-1.550,7.900
0503100000020422,B,66.18,1971,Pand in gebruik,woonfunctie,2810,4.550,6.350,7.150,2.600,4558,-1.550,7.900
0503100000024024,B,7.95,1981,Pand in gebruik,,271,0.850,0.950,0.950,0.100,2984,-1.550,2.500
0503100000023042,A,9.15,1966,Pand in gebruik,,231,0.150,0.150,0.250,0.100,1806,-1.850,2.000
0503100000023043,A,9.17,1966,Pand in gebruik,,150,0.850,1.050,1.050,0.200,2028,-1.750,2.800
0503100000023044,A,9.24,1966,Pand in gebruik,,207,0.050,0.150,0.250,0.200,1870,-1.950,2.100
0503100000023045,A,9.22,1966,Pand in gebruik,,238,0.050,0.150,0.150,0.100,1874,-1.950,2.100
0503100000023046,A,9.17,1966,Pand in gebruik,,235,0.150,0.250,0.250,0.100,1875,-1.850,2.100
0503100000023047,A,9.08,1966,Pand in gebruik,,228,0.250,0.350,0.350,0.100,2105,-1.650,2.000
0503100000023048,A,9.17,1966,Pand in gebruik,,242,0.150,0.150,0.250,0.100,1996,-1.950,2.100
0503100000023049,A,9.30,1966,Pand in gebruik,,230,0.150,0.250,0.250,0.100,1865,-1.950,2.200
0503100000023050,A,9.17,1966,Pand in gebruik,,239,0.150,0.250,0.250,0.100,1812,-2.050,2.300
0503100000023051,A,9.20,1966,Pand in gebruik,,243,0.150,0.250,0.250,0.100,2012,-1.950,2.200
0503100000023052,A,481.53,1965,Pand in gebruik,woonfunctie,31784,7.550,7.550,7.650,0.100,31083,-1.250,8.800
0503100000023053,A,675.60,1961,Pand in gebruik,woonfunctie,29906,14.150,14.150,14.250,0.100,25587,-0.150,14.300
0503100000023054,A,676.98,1961,Pand in gebruik,woonfunctie,23340,14.150,14.150,14.150,0.000,21581,-0.150,14.300
0503100000023056,B,5.93,1985,Pand in gebruik,,215,2.150,2.150,2.250,0.100,2578,-0.250,2.400
0503100000023057,B,5.13,1985,Pand in gebruik,,185,2.250,2.350,2.350,0.100,1829,-0.150,2.500
0503100000020891,B,346.70,2003,Pand in gebruik,,19385,2.250,2.350,2.350,0.100,14690,-1.150,3.500
0503100000020892,B,15.88,2003,Pand in gebruik,,745,1.850,2.150,2.450,0.600,1069,-1.250,3.400
0503100000019926,A,195.68,1961,Pand in gebruik,bijeenkomstfunctie,9624,6.650,6.650,6.650,0.000,15068,-0.350,7.000
0503100000019937,A,2088.16,1969,Pand in gebruik,woonfunctie,112438,26.450,48.850,48.950,22.500,36519,-1.750,50.600
0503100000019938,A,629.95,2002,Pand in gebruik,bijeenkomstfunctie,26586,1.850,2.350,3.850,2.000,23437,-1.650,4.000
0503100000019948,A,9.71,1966,Pand in gebruik,,460,1.050,1.050,1.050,0.000,3535,-1.350,2.400
0503100000019949,A,9.76,1966,Pand in gebruik,,493,1.050,1.050,1.050,0.000,3467,-1.450,2.500
0503100000019960,B,8048.71,1971,Pand in gebruik,"industriefunctie,kantoorfunctie",359046,8.050,8.250,26.150,18.100,81974,0.450,7.800
0503100000020954,B,4.91,1981,Pand in gebruik,,155,0.850,0.850,0.850,0.000,2680,-1.750,2.600
0503100000020955,B,4.91,1981,Pand in gebruik,,174,0.850,0.850,0.850,0.000,2980,-1.650,2.500
0503100000020956,B,4.91,1981,Pand in gebruik,,159,0.850,0.850,0.850,0.000,3052,-1.650,2.500
0503100000020957,B,4.91,1981,Pand in gebruik,,157,0.850,0.850,0.850,0.000,3099,-1.650,2.500
0503100000021417,B,64.81,1977,Pand in gebruik,woonfunctie,1586,4.050,6.450,7.450,3.400,2460,-1.050,7.500
0503100000020958,B,4.91,1981,Pand in gebruik,,171,0.850,0.850,0.850,0.000,3152,-1.550,2.400
0503100000021418,B,65.17,1977,Pand in gebruik,woonfunctie,1610,4.150,6.450,7.450,3.300,2353,-1.050,7.500
0503100000020959,B,4.91,1981,Pand in gebruik,,165,0.850,0.850,0.850,0.000,2926,-1.550,2.400
0503100000021419,B,64.35,1977,Pand in gebruik,woonfunctie,1572,4.250,6.450,7.450,3.200,2413,-1.050,7.500
0503100000020960,B,4.91,1981,Pand in gebruik,,166,0.850,0.850,0.850,0.000,2894,-1.550,2.400
0503100000021420,B,65.57,1977,Pand in gebruik,woonfunctie,1624,4.050,6.350,7.350,3.300,2546,-1.050,7.400
0503100000020961,B,4.91,1981,Pand in gebruik,,159,0.850,0.850,0.850,0.000,2790,-1.550,2.400
0503100000021421,B,61.65,1977,Pand in gebruik,woonfunctie,1504,4.250,6.450,7.450,3.200,2516,-1.050,7.500
0503100000020962,B,4.91,1981,Pand in gebruik,,174,0.850,0.850,0.850,0.000,2603,-1.550,2.400
0503100000021422,B,51.59,1977,Pand in gebruik,woonfunctie,1308,3.950,5.150,5.950,2.000,2130,-1.050,6.200
0503100000020963,B,43.07,1982,Pand in gebruik,woonfunctie,1469,5.450,7.250,8.050,2.600,4194,-1.550,8.800
0503100000021423,B,65.87,1977,Pand in gebruik,woonfunctie,1606,3.650,6.150,7.050,3.400,2890,-1.450,7.600
0503100000023605,A,14.34,1970,Pand in gebruik,overige gebruiksfunctie,455,2.150,2.250,2.250,0.100,727,-0.150,2.400
0503100000022178,B,6.23,1987,Pand in gebruik,,89,2.550,2.550,2.650,0.100,1414,0.150,2.400
0503100000023606,A,14.35,1970,Pand in gebruik,overige gebruiksfunctie,439,2.150,2.150,2.250,0.100,1400,-0.150,2.300
0503100000022179,B,6.27,1987,Pand in gebruik,,113,2.550,2.550,2.550,0.000,1171,0.150,2.400
0503100000023129,B,5.15,1985,Pand in gebruik,,176,2.250,2.350,2.350,0.100,2040,-0.050,2.400
0503100000022180,B,6.23,1987,Pand in gebruik,,110,2.550,2.550,2.550,0.000,1543,0.150,2.400
0503100000023130,B,5.15,1985,Pand in gebruik,,180,2.250,2.350,2.350,0.100,2517,-0.050,2.400
0503100000022181,B,6.30,1987,Pand in gebruik,,114,2.550,2.550,2.550,0.000,1538,0.150,2.400
0503100000023131,B,5.93,1985,Pand in gebruik,,205,2.150,2.150,2.150,0.000,3008,-0.150,2.300
0503100000023607,A,14.35,1970,Pand in gebruik,overige gebruiksfunctie,456,2.150,2.250,2.250,0.100,727,-0.150,2.400
0503100000023132,B,5.93,1985,Pand in gebruik,,182,2.150,2.150,2.250,0.100,2527,-0.250,2.400
0503100000023608,A,14.35,1970,Pand in gebruik,overige gebruiksfunctie,445,2.150,2.150,2.150,0.000,1418,-0.150,2.300
0503100000023133,B,5.96,1985,Pand in gebruik,,197,2.250,2.350,2.350,0.100,2006,-0.150,2.500
0503100000023609,A,14.34,1970,Pand in gebruik,overige gebruiksfunctie,450,2.150,2.250,2.250,0.100,725,-0.150,2.400
0503100000023134,B,5.92,1985,Pand in gebruik,,177,2.250,2.250,2.350,0.100,2606,-0.150,2.400
0503100000023610,A,14.34,1970,Pand in gebruik,overige gebruiksfunctie,453,2.150,2.250,2.250,0.100,758,-0.250,2.500
0503100000023135,B,6.00,1985,Pand in gebruik,,187,2.250,2.350,2.350,0.100,1976,-0.150,2.500
0503100000023611,A,14.35,1970,Pand in gebruik,overige gebruiksfunctie,456,2.150,2.250,2.250,0.100,1392,-0.150,2.400
0503100000023136,B,5.96,1985,Pand in gebruik,,201,2.250,2.250,2.350,0.100,2471,-0.150,2.400
0503100000023612,A,14.32,1970,Pand in gebruik,overige gebruiksfunctie,442,2.250,2.250,2.250,0.000,2393,-0.150,2.400
0503100000023137,B,5.91,1985,Pand in gebruik,,63,2.250,2.350,2.350,0.100,2762,-0.150,2.500
0503100000023613,A,14.35,1970,Pand in gebruik,overige gebruiksfunctie,446,2.250,2.250,2.250,0.000,1798,-0.150,2.400
0503100000023138,B,6.04,1985,Pand in gebruik,,185,2.250,2.350,2.350,0.100,1983,-0.150,2.500
0503100000023614,A,14.27,1970,Pand in gebruik,overige gebruiksfunctie,444,2.250,2.250,2.250,0.000,1973,-0.150,2.400
0503100000023139,B,5.97,1985,Pand in gebruik,,188,2.250,2.250,2.350,0.100,2562,-0.150,2.400
0503100000023615,A,14.35,1970,Pand in gebruik,overige gebruiksfunctie,452,2.150,2.250,2.250,0.100,1253,-0.150,2.400
0503100000023140,B,5.94,1985,Pand in gebruik,,194,2.250,2.350,2.350,0.100,1897,-0.150,2.500
0503100000023616,A,14.34,1970,Pand in gebruik,overige gebruiksfunctie,461,2.250,2.250,2.250,0.000,2036,-0.150,2.400
0503100000023141,B,5.90,1985,Pand in gebruik,,193,2.250,2.250,2.350,0.100,2418,-0.150,2.400
0503100000023617,A,14.35,1970,Pand in gebruik,overige gebruiksfunctie,464,2.250,2.250,2.250,0.000,1480,-0.150,2.400
0503100000023142,B,5.15,1985,Pand in gebruik,,170,2.150,2.150,2.250,0.100,2945,-0.250,2.400
0503100000023618,A,14.35,1970,Pand in gebruik,overige gebruiksfunctie,447,2.250,2.250,2.250,0.000,1464,-0.150,2.400
0503100000023143,B,5.15,1985,Pand in gebruik,,179,2.150,2.150,2.250,0.100,3017,-0.250,2.400
0503100000023619,A,14.35,1970,Pand in gebruik,overige gebruiksfunctie,478,2.250,2.250,2.250,0.000,1454,-0.150,2.400
0503100000023144,B,5.12,1985,Pand in gebruik,,175,2.150,2.250,2.250,0.100,3083,-0.250,2.500
0503100000023620,A,14.34,1970,Pand in gebruik,overige gebruiksfunctie,449,2.150,2.250,2.250,0.100,749,-0.150,2.400
0503100000023145,B,5.15,1985,Pand in gebruik,,173,2.150,2.150,2.250,0.100,2659,-0.250,2.400
0503100000023621,A,14.35,1970,Pand in gebruik,overige gebruiksfunctie,465,2.150,2.250,2.250,0.100,1424,-0.150,2.400
0503100000023146,B,5.14,1985,Pand in gebruik,,179,2.150,2.250,2.250,0.100,2668,-0.250,2.500
0503100000023622,A,14.34,1970,Pand in gebruik,overige gebruiksfunctie,466,2.150,2.150,2.250,0.100,745,-0.150,2.300
0503100000023147,B,5.15,1985,Pand in gebruik,,175,2.150,2.150,2.250,0.100,2753,-0.250,2.400
0503100000023623,A,14.34,1970,Pand in gebruik,overige gebruiksfunctie,461,2.150,2.250,2.250,0.100,746,-0.150,2.400
0503100000023148,B,5.16,1985,Pand in gebruik,,177,2.150,2.150,2.250,0.100,2789,-0.250,2.400
0503100000023624,A,14.35,1970,Pand in gebruik,overige gebruiksfunctie,457,2.150,2.150,2.250,0.100,1391,-0.150,2.300
0503100000023149,B,5.15,1985,Pand in gebruik,,173,2.150,2.150,2.250,0.100,2562,-0.250,2.400
0503100000023625,A,14.35,1970,Pand in gebruik,overige gebruiksfunctie,455,2.150,2.150,2.250,0.100,746,-0.150,2.300
0503100000023150,B,5.93,1985,Pand in gebruik,,190,2.150,2.150,2.250,0.100,2805,-0.150,2.300
0503100000023626,A,14.35,1970,Pand in gebruik,overige gebruiksfunctie,454,2.150,2.150,2.150,0.000,1399,-0.150,2.300
0503100000023151,B,5.93,1985,Pand in gebruik,,198,2.150,2.150,2.250,0.100,2903,-0.150,2.300
0503100000023627,A,14.35,1970,Pand in gebruik,overige gebruiksfunctie,452,2.150,2.150,2.250,0.100,1449,-0.150,2.300
0503100000023152,B,5.13,1985,Pand in gebruik,,164,2.250,2.350,2.350,0.100,2340,-0.150,2.500
0503100000023153,B,5.93,1985,Pand in gebruik,,203,2.150,2.150,2.250,0.100,2430,-0.150,2.300
0503100000023154,B,5.18,1985,Pand in gebruik,,158,2.250,2.350,2.350,0.100,1564,-0.050,2.400
0503100000023155,B,5.19,1985,Pand in gebruik,,111,2.350,2.350,2.450,0.100,2071,-0.150,2.500
0503100000023156,B,5.93,1985,Pand in gebruik,,197,2.150,2.250,2.250,0.100,2034,-0.150,2.400
0503100000023157,A,9.29,1966,Pand in gebruik,,288,1.650,1.650,1.750,0.100,1985,-0.650,2.300
0503100000023160,B,1246.58,1970,Pand in gebruik,kantoorfunctie,43708,6.650,10.750,13.050,6.400,22491,0.350,10.400
0503100000023161,B,3823.47,2007,Pand in gebruik,"kantoorfunctie,overige gebruiksfunctie",181993,7.450,23.350,26.450,19.000,44694,0.150,23.200
0503100000023162,B,1223.72,1995,Pand in gebruik,"celfunctie,kantoorfunctie",61611,8.450,27.750,27.750,19.300,25708,0.050,27.700
0503100000023163,B,550.99,1962,Pand in gebruik,woonfunctie,19385,12.050,12.050,12.150,0.100,14787,0.150,11.900
0503100000024101,B,7.88,1981,Pand in gebruik,,264,0.850,0.950,0.950,0.100,3100,-1.650,2.600
0503100000024102,B,7.95,1981,Pand in gebruik,,260,0.850,0.950,0.950,0.100,3096,-1.750,2.700
0503100000024103,B,7.95,1981,Pand in gebruik,,264,0.850,0.950,0.950,0.100,3044,-1.650,2.600
0503100000024118,B,900.25,2007,Pand in gebruik,"gezondheidszorgfunctie,woonfunctie",21890,5.850,5.950,6.050,0.200,13273,-1.750,7.700
0503100000025527,B,47.43,1969,Pand in gebruik,woonfunctie,1147,5.350,6.750,7.450,2.100,2177,-1.650,8.400
0503100000025528,B,8.52,1969,Pand in gebruik,,185,0.750,0.850,0.850,0.100,2546,-1.650,2.500
0503100000025529,B,47.50,1969,Pand in gebruik,woonfunctie,1171,5.350,6.650,7.350,2.000,2152,-1.650,8.300
0503100000025530,B,8.52,1969,Pand in gebruik,,315,0.850,0.850,0.850,0.000,2786,-1.750,2.600
0503100000025531,B,47.60,1969,Pand in gebruik,woonfunctie,1159,5.350,6.650,7.350,2.000,1780,-1.550,8.200
0503100000025532,A,651.06,1993,Pand in gebruik,woonfunctie,17791,7.450,7.450,7.550,0.100,13788,-1.250,8.700
0503100000025533,A,19374.55,1968,Pand in gebruik,"bijeenkomstfunctie,overige gebruiksfunctie,winkelfunctie,woonfunctie",608805,4.250,5.050,8.350,4.100,85448,-0.050,5.100
0503100000025535,A,2936.95,1966,Pand in gebruik,"bijeenkomstfunctie,gezondheidszorgfunctie,woonfunctie",73338,7.950,13.550,16.250,8.300,37579,-1.150,14.700
0503100000025536,A,2777.94,1976,Pand in gebruik,"gezondheidszorgfunctie,woonfunctie",112714,13.950,22.750,42.450,28.500,53916,0.150,22.600
0503100000025539,B,918.45,1991,Pand in gebruik,kantoorfunctie,26926,4.550,17.450,20.350,15.800,11943,0.050,17.400
0503100000022300,B,13.08,1982,Pand in gebruik,,214,2.650,3.250,3.450,0.800,1437,-0.050,3.300
0503100000022301,B,14.38,1982,Pand in gebruik,,209,2.650,3.250,3.550,0.900,1809,-0.150,3.400
0503100000022302,B,14.18,1982,Pand in gebruik,,139,2.550,3.350,3.550,1.000,1421,-0.050,3.400
0503100000022303,B,13.06,1982,Pand in gebruik,,156,2.550,3.150,3.550,1.000,1706,-0.050,3.200
0503100000022304,B,14.17,1982,Pand in gebruik,,211,2.650,3.150,3.550,0.900,1714,-0.050,3.200
0503100000022305,B,13.07,1982,Pand in gebruik,,204,2.650,3.250,3.550,0.900,1490,-0.050,3.300
0503100000023257,B,1182.02,1960,Pand in gebruik,woonfunctie,31209,8.550,8.650,8.650,0.100,21663,-0.150,8.800
0503100000024192,B,123.88,1981,Pand in gebruik,woonfunctie,4334,7.150,7.150,7.150,0.000,4949,-1.550,8.700
0503100000024193,B,125.04,1981,Pand in gebruik,woonfunctie,4412,7.150,7.150,7.150,0.000,5633,-1.550,8.700
0503100000025076,B,47.37,1993,Pand in gebruik,woonfunctie,1098,6.850,6.850,6.850,0.000,2188,-1.550,8.400
0503100000025077,B,58.73,1993,Pand in gebruik,woonfunctie,1289,6.850,6.850,6.850,0.000,2645,-1.550,8.400
0503100000025584,A,266.61,1992,Pand in gebruik,,8014,16.250,16.350,16.350,0.100,3424,-1.850,18.200
0503100000023317,B,42.34,1930,Pand in gebruik,woonfunctie,747,5.350,6.950,7.850,2.500,1526,0.050,6.900
0503100000023318,B,41.31,1930,Pand in gebruik,woonfunctie,735,5.350,7.050,7.850,2.500,1801,0.050,7.000
0503100000023319,B,43.32,1930,Pand in gebruik,woonfunctie,774,5.350,6.950,7.850,2.500,1889,0.050,6.900
0503100000023320,B,48.65,1930,Pand in gebruik,woonfunctie,887,3.050,6.650,7.750,4.700,1394,-0.050,6.700
0503100000023322,B,8.56,1930,Pand in gebruik,,154,2.450,2.550,2.650,0.200,1340,-0.050,2.600
0503100000023323,B,7.40,1930,Pand in gebruik,,125,2.450,2.550,2.650,0.200,1224,-0.050,2.600
0503100000022365,B,13.05,1982,Pand in gebruik,,219,2.650,3.150,3.450,0.800,1232,-0.050,3.200
0503100000022366,B,13.02,1982,Pand in gebruik,,208,2.650,3.250,3.450,0.800,1312,-0.050,3.300
0503100000022367,B,13.05,1982,Pand in gebruik,,208,2.650,3.250,3.450,0.800,1691,-0.150,3.400
0503100000022368,B,13.99,1982,Pand in gebruik,,240,2.650,3.150,3.450,0.800,1630,-0.050,3.200
0503100000022369,B,18.10,1982,Pand in gebruik,,285,2.450,3.150,3.450,1.000,915,0.050,3.100
0503100000022370,B,18.03,1982,Pand in gebruik,,282,2.750,3.250,3.450,0.700,773,0.050,3.200
0503100000022371,B,17.95,1982,Pand in gebruik,,283,2.650,3.150,3.450,0.800,737,0.050,3.100
0503100000022372,B,17.87,1982,Pand in gebruik,,290,2.650,3.150,3.450,0.800,678,0.050,3.100
0503100000022373,B,17.79,1982,Pand in gebruik,,269,2.850,3.350,3.450,0.600,1040,0.050,3.300
0503100000023330,B,42.61,1930,Pand in gebruik,woonfunctie,740,5.250,6.950,7.850,2.600,1880,0.050,6.900
0503100000023331,B,41.85,1930,Pand in gebruik,woonfunctie,729,5.350,6.950,7.850,2.500,1551,0.050,6.900
0503100000023332,B,42.26,1930,Pand in gebruik,woonfunctie,757,5.350,7.050,7.850,2.500,1592,0.050,7.000
0503100000023333,B,9.34,1930,Pand in gebruik,,160,2.450,2.550,2.650,0.200,1389,-0.050,2.600
0503100000023334,B,6.41,1930,Pand in gebruik,,118,2.450,2.550,2.650,0.200,1141,0.050,2.500
0503100000023335,B,6.30,1930,Pand in gebruik,,117,2.450,2.550,2.650,0.200,1033,0.050,2.500
0503100000023336,B,42.15,1930,Pand in gebruik,woonfunctie,769,5.250,6.950,7.850,2.600,1322,-0.050,7.000
0503100000023337,B,42.32,1930,Pand in gebruik,woonfunctie,759,5.250,6.950,7.850,2.600,1286,-0.050,7.000
0503100000023338,B,42.79,1930,Pand in gebruik,woonfunctie,767,5.150,6.950,7.850,2.700,1732,-0.050,7.000
0503100000023339,B,41.79,1930,Pand in gebruik,woonfunctie,727,5.250,6.950,7.750,2.500,1410,-0.050,7.000
0503100000023340,B,41.72,1930,Pand in gebruik,woonfunctie,745,5.250,6.950,7.850,2.600,1447,0.050,6.900
0503100000023341,B,7.57,1930,Pand in gebruik,,133,2.350,2.450,2.550,0.200,952,-0.150,2.600
0503100000023342,B,7.53,1930,Pand in gebruik,,123,2.350,2.450,2.550,0.200,1009,-0.150,2.600
0503100000023343,B,7.62,1930,Pand in gebruik,,131,2.350,2.450,2.550,0.200,1005,-0.150,2.600
0503100000026163,A,196.18,2005,Pand in gebruik,,4819,0.850,0.850,0.950,0.100,4574,-2.050,2.900
0503100000026164,B,1116.20,1967,Pand in gebruik,woonfunctie,68680,10.050,10.050,10.150,0.100,47717,-1.450,11.500
0503100000023386,A,1405.64,1969,Pand in gebruik,woonfunctie,44896,25.450,25.450,25.450,0.000,16811,-0.250,25.700
0503100000023387,A,14.35,1970,Pand in gebruik,overige gebruiksfunctie,452,2.250,2.250,2.350,0.100,2080,-0.050,2.300
0503100000023388,A,14.34,1970,Pand in gebruik,overige gebruiksfunctie,476,2.250,2.250,2.250,0.000,1279,-0.150,2.400
0503100000023389,A,14.34,1970,Pand in gebruik,overige gebruiksfunctie,456,2.250,2.250,2.250,0.000,743,-0.150,2.400
0503100000023390,A,14.35,1970,Pand in gebruik,overige gebruiksfunctie,478,2.250,2.250,2.250,0.000,743,-0.150,2.400
0503100000023391,A,14.35,1970,Pand in gebruik,overige gebruiksfunctie,461,2.150,2.250,2.250,0.100,746,-0.150,2.400
0503100000023392,A,14.34,1970,Pand in gebruik,overige gebruiksfunctie,470,2.150,2.250,2.250,0.100,751,-0.150,2.400
0503100000023393,A,14.35,1970,Pand in gebruik,overige gebruiksfunctie,464,2.150,2.150,2.250,0.100,1449,-0.150,2.300
0503100000023394,A,14.35,1970,Pand in gebruik,overige gebruiksfunctie,468,2.150,2.150,2.150,0.000,1425,-0.250,2.400
0503100000023395,B,138.19,1994,Pand in gebruik,industriefunctie,2211,5.450,5.550,5.650,0.200,2800,0.050,5.500
0503100000023396,B,138.29,1994,Pand in gebruik,industriefunctie,2127,5.450,5.550,5.650,0.200,2210,-0.050,5.600
0503100000023398,A,317.39,1969,Pand in gebruik,gezondheidszorgfunctie,10211,4.550,4.850,5.150,0.600,8748,-0.150,5.000
0503100000023403,B,133.32,1994,Pand in gebruik,industriefunctie,2100,5.550,5.650,5.750,0.200,2022,0.050,5.600
0503100000023404,B,100.97,1997,Pand in gebruik,kantoorfunctie,1595,9.250,9.350,10.650,1.400,2211,0.050,9.300
0503100000023405,B,162.26,1994,Pand in gebruik,industriefunctie,2436,5.550,6.450,6.650,1.100,2686,0.050,6.400
0503100000023407,A,112.93,2005,Pand in gebruik,bijeenkomstfunctie,3575,2.750,3.750,3.750,1.000,7533,-0.250,4.000
0503100000023412,B,7.47,1930,Pand in gebruik,,135,2.350,2.450,2.550,0.200,933,-0.150,2.600
0503100000023413,B,7.38,1930,Pand in gebruik,,128,2.350,2.450,2.550,0.200,970,-0.150,2.600
0503100000023414,B,7.37,1930,Pand in gebruik,,130,2.350,2.450,2.550,0.200,884,-0.150,2.600
0503100000023415,B,7.52,1930,Pand in gebruik,,132,2.350,2.450,2.550,0.200,934,-0.150,2.600
0503100000023416,B,7.46,1930,Pand in gebruik,,130,2.350,2.450,2.550,0.200,1020,-0.050,2.500
0503100000023417,B,7.37,1930,Pand in gebruik,,130,2.350,2.450,2.550,0.200,1038,-0.050,2.500
0503100000023418,B,8.24,1930,Pand in gebruik,,145,2.450,2.550,2.650,0.200,1355,-0.050,2.600
0503100000023419,B,7.39,1930,Pand in gebruik,,118,2.450,2.650,2.650,0.200,1231,-0.050,2.700
0503100000023420,B,48.76,1930,Pand in gebruik,woonfunctie,840,5.150,6.850,7.850,2.700,1559,0.150,6.700
0503100000024824,B,63.03,1998,Pand in gebruik,woonfunctie,1448,4.350,7.050,7.150,2.800,2421,-1.350,8.400
0503100000024825,B,61.00,1998,Pand in gebruik,woonfunctie,1370,4.350,7.050,7.150,2.800,2021,-1.350,8.400
0503100000025196,B,52.14,1990,Pand in gebruik,woonfunctie,1281,6.250,6.850,7.150,0.900,2234,-1.650,8.500
0503100000023421,B,48.74,1930,Pand in gebruik,woonfunctie,850,5.150,6.750,7.750,2.600,1487,0.150,6.600
0503100000024826,B,62.30,1998,Pand in gebruik,woonfunctie,1382,4.350,7.050,7.150,2.800,2164,-1.350,8.400
0503100000025197,B,61.80,1990,Pand in gebruik,woonfunctie,1431,6.050,6.750,7.150,1.100,2021,-1.650,8.400
0503100000024827,B,61.21,1998,Pand in gebruik,woonfunctie,1377,4.350,7.050,7.150,2.800,2122,-1.350,8.400
0503100000023422,B,48.78,1930,Pand in gebruik,woonfunctie,854,5.150,6.850,7.750,2.600,1764,0.050,6.800
0503100000025198,B,61.73,1990,Pand in gebruik,woonfunctie,1458,6.150,6.750,7.150,1.000,1839,-1.550,8.300
0503100000023423,B,42.25,1930,Pand in gebruik,woonfunctie,762,5.150,6.850,7.750,2.600,2765,0.050,6.800
0503100000024828,B,61.00,1998,Pand in gebruik,woonfunctie,1362,4.350,7.050,7.150,2.800,2136,-1.350,8.400
0503100000025199,B,67.16,1990,Pand in gebruik,woonfunctie,1516,6.050,6.750,7.150,1.100,2608,-1.550,8.300
0503100000023424,B,48.55,1930,Pand in gebruik,woonfunctie,894,3.050,6.750,7.750,4.700,1477,-0.050,6.800
0503100000025200,B,13.44,1998,Pand in gebruik,,284,1.250,1.350,2.950,1.700,2421,-0.850,2.200
0503100000023425,B,48.56,1930,Pand in gebruik,woonfunctie,884,3.250,6.750,7.750,4.500,1383,-0.050,6.800
0503100000025201,B,13.50,1998,Pand in gebruik,,260,1.250,1.350,1.450,0.200,2358,-0.850,2.200
0503100000024829,B,61.44,1998,Pand in gebruik,woonfunctie,1377,4.350,7.050,7.150,2.800,2112,-1.350,8.400
0503100000023426,B,48.53,1930,Pand in gebruik,woonfunctie,816,5.150,6.850,7.750,2.600,1255,-0.050,6.900
0503100000023427,B,41.49,1930,Pand in gebruik,woonfunctie,764,5.250,6.950,7.850,2.600,1453,-0.050,7.000
0503100000024830,B,60.98,1998,Pand in gebruik,woonfunctie,1374,4.350,7.050,7.150,2.800,2199,-1.350,8.400
0503100000023877,B,7.95,1981,Pand in gebruik,,272,0.850,0.950,0.950,0.100,3325,-1.650,2.600
0503100000025721,A,18.74,1970,Pand in gebruik,overige gebruiksfunctie,598,2.250,2.350,2.350,0.100,2829,-0.250,2.600
0503100000023435,B,17.01,1930,Pand in gebruik,,295,2.450,2.550,2.650,0.200,1480,0.050,2.500
0503100000023436,B,16.75,1930,Pand in gebruik,,306,2.550,2.550,2.650,0.100,1741,0.050,2.500
0503100000023437,B,9.12,1930,Pand in gebruik,,306,2.550,2.650,2.650,0.100,2006,-0.050,2.700
0503100000023438,B,9.11,1930,Pand in gebruik,,320,2.550,2.650,2.650,0.100,2493,-0.050,2.700
0503100000025763,B,7.28,1977,Pand in gebruik,,189,1.150,1.150,1.250,0.100,2041,-1.150,2.300
0503100000025764,B,7.27,1977,Pand in gebruik,,180,1.150,1.150,1.150,0.000,2009,-1.150,2.300
0503100000025772,B,8.12,1977,Pand in gebruik,,137,0.850,0.950,0.950,0.100,1295,-1.650,2.600
0503100000025773,B,8.12,1977,Pand in gebruik,,120,0.850,0.950,0.950,0.100,1273,-1.550,2.500
0503100000025774,B,8.14,1977,Pand in gebruik,,134,0.850,0.850,0.950,0.100,1110,-1.550,2.400
0503100000025775,B,8.12,1977,Pand in gebruik,,131,0.950,0.950,0.950,0.000,1199,-1.550,2.500
0503100000025776,B,8.14,1977,Pand in gebruik,,133,0.850,0.950,0.950,0.100,1399,-1.550,2.500
0503100000025777,B,8.67,1977,Pand in gebruik,,226,1.250,1.250,1.250,0.000,1854,-1.450,2.700
0503100000025779,B,9.03,1977,Pand in gebruik,,226,1.150,1.250,1.250,0.100,1844,-1.350,2.600
0503100000025780,B,9.01,1977,Pand in gebruik,,228,1.150,1.250,1.250,0.100,1849,-1.350,2.600
0503100000025781,B,8.98,1977,Pand in gebruik,,223,1.150,1.150,1.250,0.100,1782,-1.350,2.500
0503100000025782,B,9.04,1977,Pand in gebruik,,227,1.150,1.250,1.250,0.100,1967,-1.250,2.500
0503100000025783,B,9.03,1977,Pand in gebruik,,237,1.150,1.250,1.250,0.100,1963,-1.250,2.500
0503100000024896,B,60.99,1998,Pand in gebruik,woonfunctie,1327,4.350,7.050,7.050,2.700,1974,-1.350,8.400
0503100000025784,B,9.00,1977,Pand in gebruik,,227,1.150,1.250,1.250,0.100,1576,-1.250,2.500
0503100000025785,B,8.95,1977,Pand in gebruik,,231,1.250,1.250,1.250,0.000,1505,-1.250,2.500
0503100000024897,B,60.95,1998,Pand in gebruik,woonfunctie,1317,4.350,7.050,7.150,2.800,1800,-1.350,8.400
0503100000025786,B,9.02,1977,Pand in gebruik,,236,1.150,1.250,1.250,0.100,1401,-1.250,2.500
0503100000024898,B,49.85,1998,Pand in gebruik,woonfunctie,1127,4.450,7.050,7.150,2.700,1889,-1.350,8.400
0503100000025787,B,9.00,1977,Pand in gebruik,,227,1.250,1.250,1.250,0.000,1717,-1.450,2.700
0503100000024899,B,60.94,1998,Pand in gebruik,woonfunctie,1296,4.350,7.050,7.150,2.800,2114,-1.350,8.400
0503100000024902,B,52.70,1982,Pand in gebruik,woonfunctie,833,5.050,6.950,7.850,2.800,1772,-1.550,8.500
0503100000024903,B,52.72,1982,Pand in gebruik,woonfunctie,904,4.950,6.950,7.950,3.000,1993,-1.550,8.500
0503100000024906,B,63.22,1998,Pand in gebruik,woonfunctie,1405,6.950,6.950,7.050,0.100,2615,-1.450,8.400
0503100000024907,B,61.72,1998,Pand in gebruik,woonfunctie,1368,6.950,7.050,7.250,0.300,2368,-1.350,8.400
0503100000024908,B,89.62,1998,Pand in gebruik,woonfunctie,2075,4.250,7.050,7.150,2.900,3740,-1.450,8.500
0503100000024909,B,83.65,1998,Pand in gebruik,woonfunctie,1841,1.750,7.050,7.150,5.400,2718,-1.350,8.400
0503100000024910,B,61.71,1998,Pand in gebruik,woonfunctie,1385,6.950,7.050,7.250,0.300,2148,-1.450,8.500
0503100000024911,B,61.66,1998,Pand in gebruik,woonfunctie,1387,6.950,7.050,7.050,0.100,2026,-1.450,8.500
0503100000024912,B,61.52,1998,Pand in gebruik,woonfunctie,1376,6.950,7.050,7.150,0.200,1983,-1.450,8.500
0503100000023496,A,61.36,1969,Pand in gebruik,woonfunctie,1992,3.050,3.050,3.150,0.100,4362,-0.250,3.300
0503100000024913,B,61.52,1998,Pand in gebruik,woonfunctie,1364,6.950,7.050,7.150,0.200,2135,-1.450,8.500
0503100000023497,A,61.37,1969,Pand in gebruik,woonfunctie,1993,3.050,3.050,3.050,0.000,3703,-0.150,3.200
0503100000024914,B,61.53,1998,Pand in gebruik,woonfunctie,1377,7.050,7.150,7.150,0.100,2302,-1.350,8.500
0503100000024915,B,60.56,1998,Pand in gebruik,woonfunctie,1357,6.950,6.950,7.050,0.100,2279,-1.350,8.300
0503100000024916,B,61.83,1998,Pand in gebruik,woonfunctie,1376,6.950,7.050,7.250,0.300,2271,-1.450,8.500
0503100000023500,A,325.86,1969,Pand in gebruik,woonfunctie,10124,5.850,5.850,5.950,0.100,12527,-0.150,6.000
0503100000027034,B,132.66,1994,Pand in gebruik,industriefunctie,2114,5.450,5.550,5.650,0.200,1140,0.050,5.500
0503100000027035,B,133.13,1994,Pand in gebruik,industriefunctie,2140,5.450,5.550,5.550,0.100,775,0.050,5.500
0503100000023503,A,14.35,1970,Pand in gebruik,overige gebruiksfunctie,459,2.150,2.150,2.250,0.100,749,-0.150,2.300
0503100000023504,A,14.35,1970,Pand in gebruik,overige gebruiksfunctie,459,2.150,2.150,2.150,0.000,1387,-0.250,2.400
0503100000023505,A,14.34,1970,Pand in gebruik,overige gebruiksfunctie,455,2.150,2.250,2.250,0.100,752,-0.150,2.400
0503100000023506,A,14.35,1970,Pand in gebruik,overige gebruiksfunctie,474,2.150,2.150,2.150,0.000,1374,-0.250,2.400
0503100000023507,A,14.34,1970,Pand in gebruik,overige gebruiksfunctie,464,2.150,2.250,2.250,0.100,750,-0.150,2.400
0503100000023508,A,14.34,1970,Pand in gebruik,overige gebruiksfunctie,457,2.150,2.150,2.150,0.000,1363,-0.150,2.300
0503100000023509,A,14.35,1970,Pand in gebruik,overige gebruiksfunctie,469,2.250,2.250,2.250,0.000,1385,-0.150,2.400
0503100000023510,A,14.34,1970,Pand in gebruik,overige gebruiksfunctie,449,2.250,2.250,2.250,0.000,757,-0.150,2.400
0503100000023511,A,14.35,1970,Pand in gebruik,overige gebruiksfunctie,466,2.150,2.250,2.250,0.100,1385,-0.150,2.400
0503100000023512,A,14.35,1970,Pand in gebruik,overige gebruiksfunctie,454,2.250,2.250,2.250,0.000,742,-0.150,2.400
0503100000023513,A,14.35,1970,Pand in gebruik,overige gebruiksfunctie,459,2.150,2.250,2.250,0.100,1413,-0.150,2.400
0503100000023514,A,14.35,1970,Pand in gebruik,overige gebruiksfunctie,459,2.150,2.250,2.250,0.100,740,-0.150,2.400
0503100000023515,A,14.35,1970,Pand in gebruik,overige gebruiksfunctie,465,2.150,2.250,2.250,0.100,1420,-0.150,2.400
0503100000023516,A,14.34,1970,Pand in gebruik,winkelfunctie,449,2.250,2.250,2.250,0.000,1400,-0.150,2.400
0503100000023517,A,14.34,1970,Pand in gebruik,overige gebruiksfunctie,446,2.150,2.250,2.250,0.100,751,-0.150,2.400
0503100000023518,A,14.35,1970,Pand in gebruik,overige gebruiksfunctie,440,2.150,2.250,2.250,0.100,1399,-0.150,2.400
0503100000024942,B,49.32,1988,Pand in gebruik,woonfunctie,854,6.550,8.150,8.250,1.700,1988,-0.150,8.300
0503100000024943,B,59.59,1988,Pand in gebruik,woonfunctie,1030,5.650,8.150,8.250,2.600,1583,-0.150,8.300
0503100000025817,B,60.80,1993,Pand in gebruik,woonfunctie,1958,6.850,7.050,7.050,0.200,2933,-1.650,8.700
0503100000025818,B,60.90,1993,Pand in gebruik,woonfunctie,1940,6.750,6.850,6.850,0.100,2697,-1.550,8.400
0503100000025820,B,50.49,1993,Pand in gebruik,woonfunctie,1733,4.150,6.950,7.050,2.900,2387,-1.550,8.500
0503100000025329,B,70.41,1996,Pand in gebruik,woonfunctie,1108,6.350,6.850,7.050,0.700,1275,0.650,6.200
0503100000025821,B,63.24,1993,Pand in gebruik,woonfunctie,2111,4.150,6.850,6.850,2.700,3427,-1.550,8.400
0503100000025822,B,61.24,1993,Pand in gebruik,woonfunctie,1263,6.850,6.950,7.050,0.200,3698,-1.550,8.500
0503100000025823,B,47.57,1993,Pand in gebruik,woonfunctie,1102,6.850,6.850,6.850,0.000,2176,-1.550,8.400
0503100000025828,B,7.98,1981,Pand in gebruik,,238,0.850,0.950,0.950,0.100,1791,-1.450,2.400
0503100000025829,B,55.32,1982,Pand in gebruik,woonfunctie,1851,5.550,6.950,7.950,2.400,2701,-1.550,8.500
0503100000025830,B,61.98,1982,Pand in gebruik,woonfunctie,2114,4.250,6.650,7.850,3.600,2869,-1.550,8.200
0503100000025340,B,1250.74,1974,Pand in gebruik,onderwijsfunctie,51155,2.550,2.650,2.650,0.100,26449,-1.650,4.300
0503100000025341,B,49.18,1985,Pand in gebruik,woonfunctie,1580,5.850,8.250,8.250,2.400,2508,-0.150,8.400
0503100000025342,B,48.09,1985,Pand in gebruik,woonfunctie,1555,5.550,8.250,8.250,2.700,2333,-0.150,8.400
0503100000025343,A,260.13,1992,Pand in gebruik,onderwijsfunctie,13740,1.850,1.950,3.350,1.500,20786,-1.750,3.700
0503100000025344,B,62.51,2007,Pand in gebruik,,1976,2.950,2.950,3.050,0.100,3961,-0.550,3.500
0503100000025345,B,51.99,1977,Pand in gebruik,woonfunctie,1324,4.050,5.150,5.950,1.900,2222,-1.050,6.200
0503100000027562,A,1144.82,1965,Pand in gebruik,"overige gebruiksfunctie,woonfunctie",33926,21.350,21.350,21.350,0.000,20162,-1.250,22.600
0503100000027090,B,7.28,1977,Pand in gebruik,,191,1.150,1.150,1.150,0.000,1264,-1.150,2.300
0503100000027091,B,7.30,1977,Pand in gebruik,,185,1.150,1.150,1.250,0.100,1653,-1.150,2.300
0503100000027092,B,7.29,1977,Pand in gebruik,,187,1.150,1.150,1.250,0.100,1871,-1.150,2.300
0503100000025858,B,9.00,1977,Pand in gebruik,,223,1.250,1.250,1.250,0.000,1759,-1.450,2.700
0503100000025859,B,9.03,1977,Pand in gebruik,,227,1.150,1.250,1.250,0.100,1838,-1.450,2.700
0503100000025860,B,9.00,1977,Pand in gebruik,,221,1.250,1.250,1.250,0.000,1889,-1.450,2.700
0503100000025861,B,8.95,1977,Pand in gebruik,,229,1.250,1.250,1.250,0.000,1860,-1.450,2.700
0503100000025862,B,1165.13,2009,Pand in gebruik,overige gebruiksfunctie,27752,16.450,16.550,16.650,0.200,11419,-1.650,18.200
0503100000025368,A,4707.97,1971,Pand in gebruik,"bijeenkomstfunctie,gezondheidszorgfunctie,kantoorfunctie,woonfunctie",133751,7.550,10.650,18.750,11.200,60797,-1.250,11.900
0503100000025373,B,8.21,1969,Pand in gebruik,,195,0.850,0.850,0.850,0.000,1335,-1.750,2.600
0503100000028043,A,154.60,1968,Pand in gebruik,winkelfunctie,5048,3.550,3.550,3.550,0.000,6562,-0.150,3.700
0503100000025391,B,87.92,1996,Pand in gebruik,woonfunctie,1357,6.250,6.850,7.050,0.800,1851,0.650,6.200
0503100000025393,B,70.42,1996,Pand in gebruik,woonfunctie,1111,6.450,6.850,7.050,0.600,1368,0.650,6.200
0503100000028562,A,17.71,1970,Pand in gebruik,overige gebruiksfunctie,524,2.850,2.850,2.850,0.000,2801,-0.250,3.100
0503100000025916,B,7.98,1981,Pand in gebruik,,171,0.850,0.850,0.950,0.100,1949,-1.450,2.300
0503100000028563,A,19.05,1970,Pand in gebruik,overige gebruiksfunctie,607,2.350,2.350,2.350,0.000,3353,-0.250,2.600
0503100000025917,B,7.98,1981,Pand in gebruik,,212,0.850,0.950,0.950,0.100,1725,-1.450,2.400
0503100000028564,A,17.65,1970,Pand in gebruik,overige gebruiksfunctie,539,2.250,2.350,2.350,0.100,2073,-0.250,2.600
0503100000025918,B,44.73,1985,Pand in gebruik,woonfunctie,1536,5.450,7.150,7.950,2.500,4013,-1.750,8.900
0503100000028565,A,16.54,1970,Pand in gebruik,overige gebruiksfunctie,528,2.250,2.350,2.350,0.100,881,-0.250,2.600
0503100000025919,B,55.37,1985,Pand in gebruik,woonfunctie,1827,4.650,6.850,7.850,3.200,3014,-1.550,8.400
0503100000025921,B,60.23,1982,Pand in gebruik,woonfunctie,2066,5.050,7.150,8.250,3.200,3827,-1.650,8.800
0503100000028571,A,9.24,1967,Pand in gebruik,,294,1.150,1.250,1.250,0.100,1948,-1.050,2.300
0503100000028572,A,51.87,1967,Pand in gebruik,woonfunctie,1625,6.850,8.050,8.050,1.200,2442,-0.350,8.400
0503100000028573,A,51.78,1967,Pand in gebruik,woonfunctie,1653,6.450,7.750,7.750,1.300,2079,-0.750,8.500
0503100000028574,A,9.21,1967,Pand in gebruik,,284,1.450,1.550,1.550,0.100,2110,-0.650,2.200
0503100000028575,A,51.73,1967,Pand in gebruik,woonfunctie,1644,6.950,8.050,8.150,1.200,2640,-0.350,8.400
0503100000027668,B,48.93,1985,Pand in gebruik,woonfunctie,1541,5.850,8.250,8.450,2.600,2448,-0.150,8.400
0503100000027669,B,67.65,1985,Pand in gebruik,woonfunctie,2150,4.250,8.250,8.250,4.000,4181,-0.250,8.500
0503100000029076,B,13.13,1998,Pand in gebruik,,282,1.350,1.850,2.950,1.600,2534,-0.850,2.700
0503100000027670,B,48.15,1985,Pand in gebruik,woonfunctie,1647,5.350,5.550,5.650,0.300,4042,-0.250,5.800
0503100000027671,B,48.55,1985,Pand in gebruik,woonfunctie,1550,5.850,8.250,8.450,2.600,2336,-0.150,8.400
0503100000029077,B,13.19,1998,Pand in gebruik,,281,1.250,1.350,2.850,1.600,2472,-0.750,2.100
0503100000027672,B,6.71,1988,Pand in gebruik,,117,2.150,2.150,2.150,0.000,1634,-0.250,2.400
0503100000027673,B,6.61,1988,Pand in gebruik,,123,1.950,2.050,2.050,0.100,1648,-0.350,2.400
0503100000029078,B,13.20,1998,Pand in gebruik,,280,1.250,1.350,2.850,1.600,2657,-0.750,2.100
0503100000027674,B,60.24,1988,Pand in gebruik,woonfunctie,1057,4.450,8.150,8.250,3.800,2419,-0.150,8.300
0503100000027676,B,48.63,1988,Pand in gebruik,woonfunctie,837,6.950,8.250,8.250,1.300,1533,-0.150,8.400
0503100000027678,B,6.76,1988,Pand in gebruik,,115,2.550,2.850,2.950,0.400,1282,-0.150,3.000
0503100000027679,B,6.74,1988,Pand in gebruik,,115,2.050,2.150,2.150,0.100,1436,-0.250,2.400
0503100000027680,B,58.73,1988,Pand in gebruik,woonfunctie,1018,4.850,8.150,8.250,3.400,1734,-0.050,8.200
0503100000026720,B,534.14,1961,Pand in gebruik,"overige gebruiksfunctie,woonfunctie",10158,36.850,38.550,38.650,1.800,3790,-0.350,38.900
0503100000029559,B,56.82,1996,Pand in gebruik,woonfunctie,885,6.350,6.850,7.050,0.700,1519,0.550,6.300
0503100000029560,B,57.91,1996,Pand in gebruik,woonfunctie,894,6.350,6.850,7.050,0.700,1508,0.550,6.300
0503100000028138,B,55.55,1996,Pand in gebruik,woonfunctie,864,6.550,6.950,7.250,0.700,1316,0.650,6.300
0503100000028143,B,61.47,2005,Pand in gebruik,woonfunctie,943,8.850,8.950,9.050,0.200,1285,0.450,8.500
0503100000025446,B,47.52,1969,Pand in gebruik,woonfunctie,1140,5.350,6.650,7.350,2.000,967,-1.450,8.100
0503100000025447,B,91.92,1969,Pand in gebruik,woonfunctie,2149,1.550,6.550,7.250,5.700,4127,-1.550,8.100
0503100000025448,B,8.47,1969,Pand in gebruik,,190,0.850,0.850,0.850,0.000,1115,-1.650,2.500
0503100000025451,B,47.95,1969,Pand in gebruik,woonfunctie,1156,5.350,6.650,7.350,2.000,1524,-1.550,8.200
0503100000025452,B,8.45,1969,Pand in gebruik,,190,0.850,0.850,0.950,0.100,1609,-1.550,2.400
0503100000025453,B,8.48,1969,Pand in gebruik,,205,0.850,0.850,0.850,0.000,1631,-1.650,2.500
0503100000025454,B,55.23,1984,Pand in gebruik,woonfunctie,2300,3.850,6.050,6.550,2.700,3809,-1.450,7.500
0503100000025455,B,52.54,1984,Pand in gebruik,woonfunctie,2172,4.250,6.050,6.650,2.400,3335,-1.450,7.500
0503100000025456,B,8.48,1969,Pand in gebruik,,188,0.850,0.850,0.850,0.000,1225,-1.650,2.500
0503100000025457,B,62.10,1969,Pand in gebruik,woonfunctie,1444,4.550,6.550,7.250,2.700,2790,-1.550,8.100
0503100000025458,B,8.42,1969,Pand in gebruik,,196,0.850,0.850,0.850,0.000,1585,-1.650,2.500
0503100000025459,B,47.66,1969,Pand in gebruik,woonfunctie,1137,5.350,6.650,7.450,2.100,1225,-1.750,8.400
0503100000025460,B,8.52,1969,Pand in gebruik,,201,0.850,0.850,0.850,0.000,1210,-1.750,2.600
0503100000029589,B,52.62,1977,Pand in gebruik,woonfunctie,833,4.950,6.150,6.450,1.500,1618,-1.650,7.800
0503100000025462,B,8.45,1969,Pand in gebruik,,241,0.850,0.850,0.850,0.000,2873,-1.850,2.700
0503100000029590,B,52.14,1977,Pand in gebruik,woonfunctie,820,4.950,6.050,6.450,1.500,1576,-1.550,7.600
0503100000025463,B,8.48,1969,Pand in gebruik,,432,0.850,0.850,0.850,0.000,3600,-1.750,2.600
0503100000029591,B,52.19,1977,Pand in gebruik,woonfunctie,788,5.950,6.650,6.650,0.700,1459,-1.550,8.200
0503100000029592,B,52.17,1977,Pand in gebruik,woonfunctie,835,5.850,6.650,6.750,0.900,1372,-1.550,8.200
0503100000026755,A,53.82,1969,Pand in gebruik,woonfunctie,4666,6.950,7.050,7.150,0.200,5248,-1.550,8.600
0503100000029593,B,63.14,1977,Pand in gebruik,woonfunctie,976,4.650,6.250,6.650,2.000,1516,-1.550,7.800
0503100000025464,B,53.56,1969,Pand in gebruik,woonfunctie,1298,5.150,6.550,7.350,2.200,1339,-1.550,8.100
0503100000028157,A,18.03,1961,Pand in gebruik,overige gebruiksfunctie,323,1.950,2.050,2.050,0.100,2861,-0.550,2.600
0503100000029594,B,63.40,1977,Pand in gebruik,woonfunctie,995,4.650,5.850,6.450,1.800,1634,-1.550,7.400
0503100000025465,B,8.56,1969,Pand in gebruik,,214,0.850,0.850,1.150,0.300,1303,-1.750,2.600
0503100000026756,A,62.30,1969,Pand in gebruik,woonfunctie,2684,7.050,7.150,7.250,0.200,2903,-1.550,8.700
0503100000028158,A,16.86,1961,Pand in gebruik,overige gebruiksfunctie,500,2.050,2.050,2.050,0.000,3252,-0.550,2.600
0503100000025466,B,61.34,1969,Pand in gebruik,woonfunctie,2738,4.950,6.750,7.350,2.400,3454,-1.650,8.400
0503100000028159,A,105.69,1974,Pand in gebruik,winkelfunctie,1841,4.050,4.150,4.150,0.100,3850,-0.050,4.200
0503100000026757,A,63.04,1969,Pand in gebruik,woonfunctie,2579,8.450,9.650,10.250,1.800,2722,-1.550,11.200
0503100000028160,B,174.05,1961,Pand in gebruik,woonfunctie,3130,12.650,12.850,12.950,0.300,2747,-0.150,13.000
0503100000026758,A,53.99,1969,Pand in gebruik,woonfunctie,4660,6.950,6.950,6.950,0.000,4785,-1.550,8.500
0503100000026759,A,54.01,1969,Pand in gebruik,woonfunctie,4136,6.950,6.950,7.050,0.100,3693,-1.550,8.500
0503100000026760,A,54.01,1969,Pand in gebruik,woonfunctie,4478,6.950,7.150,7.150,0.200,3966,-1.550,8.700
0503100000026761,A,53.50,1969,Pand in gebruik,woonfunctie,4450,7.050,7.050,7.050,0.000,5310,-1.550,8.600
0503100000026762,A,62.84,1969,Pand in gebruik,woonfunctie,5100,8.750,9.950,10.550,1.800,6306,-1.550,11.500
0503100000026763,A,55.77,1969,Pand in gebruik,woonfunctie,1841,7.050,7.050,7.050,0.000,1879,-1.450,8.500
0503100000026764,A,55.60,1969,Pand in gebruik,woonfunctie,1922,7.050,7.050,7.150,0.100,2412,-1.550,8.600
0503100000027224,B,97.50,2001,Pand in gebruik,industriefunctie,3145,4.750,4.850,4.850,0.100,2692,-0.750,5.600
0503100000027225,B,97.19,2001,Pand in gebruik,industriefunctie,3143,4.750,4.850,4.850,0.100,2165,-0.750,5.600
0503100000027226,B,7.60,2005,Pand in gebruik,,125,2.850,2.850,2.850,0.000,939,0.550,2.300
0503100000026765,A,76.50,1969,Pand in gebruik,woonfunctie,3385,8.550,9.850,10.450,1.900,4597,-1.550,11.400
0503100000027227,B,7.53,2005,Pand in gebruik,,99,2.650,2.650,2.650,0.000,1320,0.350,2.300
0503100000026766,A,55.31,1969,Pand in gebruik,woonfunctie,2852,7.050,7.050,7.150,0.100,2712,-1.550,8.600
0503100000027228,B,7.54,2005,Pand in gebruik,,111,2.850,2.850,2.850,0.000,1160,0.450,2.400
0503100000027229,B,7.59,2005,Pand in gebruik,,117,2.750,2.850,2.850,0.100,1143,0.450,2.400
0503100000026001,B,8.01,1981,Pand in gebruik,,269,0.850,0.950,0.950,0.100,1905,-1.450,2.400
0503100000026767,A,62.11,1969,Pand in gebruik,woonfunctie,1513,8.750,9.950,10.550,1.800,1468,-1.450,11.400
0503100000026768,A,61.36,1966,Pand in gebruik,woonfunctie,1546,6.450,6.450,6.450,0.000,1397,-1.650,8.100
0503100000026002,B,7.98,1981,Pand in gebruik,,273,0.850,0.850,0.950,0.100,2001,-1.450,2.300
0503100000027230,B,7.64,2005,Pand in gebruik,,121,2.650,2.650,2.650,0.000,1336,0.350,2.300
0503100000026769,A,61.42,1966,Pand in gebruik,woonfunctie,1547,6.550,6.650,6.750,0.200,1476,-1.650,8.300
0503100000026003,B,7.98,1981,Pand in gebruik,,268,0.850,0.950,0.950,0.100,1848,-1.450,2.400
0503100000026770,A,61.34,1966,Pand in gebruik,woonfunctie,3022,8.450,9.650,10.150,1.700,2844,-1.650,11.300
0503100000027231,B,7.61,2005,Pand in gebruik,,116,2.850,2.850,2.850,0.000,1080,0.550,2.300
0503100000026004,B,7.98,1981,Pand in gebruik,,276,0.850,0.950,0.950,0.100,1892,-1.550,2.500
0503100000026771,A,61.59,1966,Pand in gebruik,woonfunctie,1689,8.350,8.950,8.950,0.600,1484,-1.650,10.600
0503100000027232,B,10.35,2005,Pand in gebruik,,168,3.150,3.150,3.150,0.000,1196,0.650,2.500
0503100000026005,B,7.98,1981,Pand in gebruik,,272,0.850,0.950,0.950,0.100,1997,-1.550,2.500
0503100000026772,A,61.32,1966,Pand in gebruik,woonfunctie,1606,6.350,6.450,6.550,0.200,1560,-1.650,8.100
0503100000029124,B,6.68,1988,Pand in gebruik,,118,1.950,2.050,2.050,0.100,1298,-0.350,2.400
0503100000026006,B,7.98,1981,Pand in gebruik,,271,0.850,0.950,0.950,0.100,2032,-1.550,2.500
0503100000027233,B,10.32,2005,Pand in gebruik,,168,3.150,3.150,3.250,0.100,1125,0.750,2.400
0503100000026773,A,61.22,1966,Pand in gebruik,woonfunctie,1674,8.350,8.950,8.950,0.600,1754,-1.650,10.600
0503100000026007,B,7.98,1981,Pand in gebruik,,273,0.850,0.950,0.950,0.100,1851,-1.550,2.500
0503100000029125,B,6.69,1988,Pand in gebruik,,116,2.050,2.050,2.050,0.000,1391,-0.250,2.300
0503100000027234,B,9.43,1996,Pand in gebruik,,145,3.150,3.150,3.150,0.000,1174,0.650,2.500
0503100000026774,A,61.45,1965,Pand in gebruik,woonfunctie,3187,8.850,9.950,10.450,1.600,3394,-1.150,11.100
0503100000026008,B,8.01,1981,Pand in gebruik,,267,0.850,0.850,0.950,0.100,1835,-1.550,2.400
0503100000026775,A,61.33,1965,Pand in gebruik,woonfunctie,4345,6.550,6.550,6.550,0.000,5466,-1.450,8.000
0503100000026009,B,7.98,1981,Pand in gebruik,,255,0.850,0.850,0.950,0.100,2240,-1.450,2.300
0503100000026776,A,61.51,1965,Pand in gebruik,woonfunctie,3910,6.550,6.550,6.550,0.000,4868,-1.450,8.000
0503100000026010,B,8.01,1981,Pand in gebruik,,259,0.850,0.850,0.850,0.000,2748,-1.450,2.300
0503100000026777,A,61.50,1966,Pand in gebruik,woonfunctie,1616,6.350,6.350,6.450,0.100,1867,-1.650,8.000
0503100000026011,B,7.98,1981,Pand in gebruik,,277,0.850,0.850,0.950,0.100,3240,-1.550,2.400
0503100000027239,B,55.04,1996,Pand in gebruik,woonfunctie,939,7.350,9.050,9.050,1.700,1303,0.650,8.400
0503100000026012,B,7.95,1981,Pand in gebruik,,269,0.850,0.850,0.850,0.000,3289,-1.550,2.400
0503100000026013,B,52.66,1982,Pand in gebruik,woonfunctie,1810,4.850,6.850,7.850,3.000,3234,-1.550,8.400
0503100000026014,B,42.03,1982,Pand in gebruik,woonfunctie,1448,5.450,7.150,7.950,2.500,2422,-1.550,8.700
0503100000026015,B,54.98,1982,Pand in gebruik,"kantoorfunctie,woonfunctie",1878,4.650,6.950,7.850,3.200,3142,-1.450,8.400
0503100000026016,B,51.26,1982,Pand in gebruik,woonfunctie,1750,4.950,6.850,7.950,3.000,2494,-1.450,8.300
0503100000026017,B,51.37,1982,Pand in gebruik,woonfunctie,1752,4.950,6.950,7.850,2.900,2490,-1.450,8.400
0503100000026018,B,42.15,1982,Pand in gebruik,woonfunctie,1449,5.450,7.250,7.950,2.500,2079,-1.550,8.800
0503100000026019,B,56.46,1982,Pand in gebruik,woonfunctie,1918,4.850,6.850,7.850,3.000,4452,-1.650,8.500
0503100000027769,B,48.79,1985,Pand in gebruik,woonfunctie,1643,5.250,7.350,8.350,3.100,3071,-0.150,7.500
0503100000027770,B,48.55,1985,Pand in gebruik,woonfunctie,1606,5.350,7.450,8.350,3.000,2896,-0.150,7.600
0503100000027771,B,47.89,1985,Pand in gebruik,woonfunctie,1595,5.450,5.550,5.550,0.100,2928,-0.150,5.700
0503100000027772,B,48.51,1985,Pand in gebruik,woonfunctie,1638,5.350,7.350,8.350,3.000,2692,-0.150,7.500
0503100000027775,B,5.89,1989,Pand in gebruik,,103,2.350,2.350,2.350,0.000,1554,-0.050,2.400
0503100000027776,B,47.92,1989,Pand in gebruik,woonfunctie,858,5.550,5.750,5.850,0.300,1491,-0.050,5.800
0503100000029635,B,59.42,1988,Pand in gebruik,woonfunctie,1016,5.350,8.250,8.350,3.000,1617,-0.050,8.300
0503100000029636,B,2033.70,1997,Pand in gebruik,bijeenkomstfunctie,69647,3.950,4.950,7.350,3.400,29604,-0.150,5.100
0503100000028702,B,40.93,1930,Pand in gebruik,woonfunctie,745,5.250,6.950,7.850,2.600,1370,-0.050,7.000
0503100000029171,B,13.12,1998,Pand in gebruik,,281,1.250,1.350,2.850,1.600,2704,-0.950,2.300
0503100000030061,B,49.09,1985,Pand in gebruik,woonfunctie,1560,5.750,8.250,8.450,2.700,2428,-0.150,8.400
0503100000028726,B,20.84,1993,Pand in gebruik,,504,1.150,1.150,1.150,0.000,2590,-1.250,2.400
0503100000026848,A,61.46,1966,Pand in gebruik,woonfunctie,1647,6.450,6.450,6.550,0.100,2201,-1.650,8.100
0503100000026849,A,61.55,1966,Pand in gebruik,woonfunctie,1778,8.250,9.450,10.050,1.800,2594,-1.650,11.100
0503100000026850,A,60.72,1965,Pand in gebruik,woonfunctie,2513,8.850,9.950,10.450,1.600,2828,-1.150,11.100
0503100000026851,A,61.24,1965,Pand in gebruik,woonfunctie,2534,6.750,6.850,7.450,0.700,3157,-1.250,8.100
0503100000026852,A,60.07,1965,Pand in gebruik,woonfunctie,2523,6.750,6.850,6.850,0.100,2724,-1.150,8.000
0503100000026853,A,60.00,1965,Pand in gebruik,woonfunctie,2543,8.750,9.750,10.150,1.400,2467,-1.150,10.900
0503100000026854,A,61.35,1965,Pand in gebruik,woonfunctie,3088,6.750,6.850,6.850,0.100,3586,-1.150,8.000
0503100000026855,A,62.66,1969,Pand in gebruik,woonfunctie,2972,8.650,9.750,10.150,1.500,3458,-1.650,11.400
0503100000026856,A,55.91,1969,Pand in gebruik,woonfunctie,2970,8.750,9.850,10.450,1.700,3142,-1.550,11.400
0503100000026857,A,55.64,1969,Pand in gebruik,woonfunctie,1443,8.750,9.950,10.450,1.700,1334,-1.650,11.600
0503100000026858,A,55.78,1969,Pand in gebruik,woonfunctie,1388,6.950,7.050,7.450,0.500,1769,-1.650,8.700
0503100000026859,A,55.33,1969,Pand in gebruik,woonfunctie,1764,8.850,9.850,10.450,1.600,1600,-1.550,11.400
0503100000026860,A,56.32,1969,Pand in gebruik,woonfunctie,2514,6.950,6.950,6.950,0.000,2231,-1.750,8.700
0503100000026861,A,55.58,1969,Pand in gebruik,woonfunctie,2896,7.050,7.050,7.050,0.000,3188,-1.650,8.700
0503100000026862,A,55.56,1969,Pand in gebruik,woonfunctie,2956,7.050,7.050,7.050,0.000,3191,-1.650,8.700
0503100000026863,A,61.44,1966,Pand in gebruik,woonfunctie,1642,6.550,6.550,6.750,0.200,1851,-1.650,8.200
0503100000026864,A,61.46,1966,Pand in gebruik,woonfunctie,1613,6.550,6.550,6.650,0.100,1806,-1.650,8.200
0503100000027855,B,49.04,1989,Pand in gebruik,woonfunctie,825,7.350,8.650,8.750,1.400,2465,-0.250,8.900
0503100000026865,A,61.33,1966,Pand in gebruik,woonfunctie,1558,6.450,6.550,6.650,0.200,1648,-1.650,8.200
0503100000026866,A,61.60,1966,Pand in gebruik,woonfunctie,1578,6.450,6.450,6.450,0.000,1334,-1.650,8.100
0503100000027858,B,5.76,1989,Pand in gebruik,,100,2.250,2.250,2.250,0.000,1097,-0.150,2.400
0503100000026867,A,67.99,1966,Pand in gebruik,woonfunctie,1654,6.450,6.450,6.450,0.000,2264,-1.750,8.200
0503100000026868,A,61.52,1966,Pand in gebruik,woonfunctie,1573,6.450,6.450,6.550,0.100,1971,-1.750,8.200
0503100000026869,A,61.67,1966,Pand in gebruik,woonfunctie,3040,6.350,6.550,6.650,0.300,2812,-1.850,8.400
0503100000026870,A,55.57,1969,Pand in gebruik,woonfunctie,1494,8.850,9.950,10.450,1.600,1527,-1.550,11.500
0503100000026871,A,55.22,1969,Pand in gebruik,woonfunctie,1459,8.850,10.050,10.650,1.800,1403,-1.550,11.600
0503100000026872,A,55.77,1969,Pand in gebruik,woonfunctie,1514,8.750,10.050,10.550,1.800,1629,-1.550,11.600
0503100000026873,A,55.81,1969,Pand in gebruik,woonfunctie,1503,7.050,7.050,7.050,0.000,1616,-1.550,8.600
0503100000028265,A,55.85,1962,Pand in gebruik,woonfunctie,2807,5.550,5.550,5.550,0.000,4436,-0.150,5.700
0503100000028266,A,16.95,1961,Pand in gebruik,overige gebruiksfunctie,589,2.150,2.150,2.150,0.000,2878,-0.450,2.600
0503100000028268,B,272.66,1982,Pand in gebruik,woonfunctie,4954,12.250,13.650,14.450,2.200,3144,-0.050,13.700
0503100000028269,B,6.79,1931,Pand in gebruik,,121,1.850,1.950,2.050,0.200,1351,-0.550,2.500
0503100000030585,B,50.43,1990,Pand in gebruik,woonfunctie,1255,6.250,6.850,7.250,1.000,2250,-1.450,8.300
0503100000030586,B,6.69,1990,Pand in gebruik,,303,1.350,1.350,1.450,0.100,4319,-1.150,2.500
0503100000030587,B,6.86,1990,Pand in gebruik,,420,1.350,1.350,1.450,0.100,4940,-1.150,2.500
0503100000030101,B,8.26,1977,Pand in gebruik,,193,0.950,0.950,0.950,0.000,2263,-1.550,2.500
0503100000030102,B,7.61,1977,Pand in gebruik,,119,0.850,0.850,0.850,0.000,1237,-1.750,2.600
0503100000030103,B,52.38,1977,Pand in gebruik,woonfunctie,853,4.950,6.250,6.650,1.700,1580,-1.550,7.800
0503100000030104,B,54.98,1977,Pand in gebruik,woonfunctie,854,4.250,6.750,6.850,2.600,1727,-1.650,8.400
0503100000030600,B,68.46,1977,Pand in gebruik,woonfunctie,1722,4.450,6.750,7.350,2.900,3908,-1.150,7.900
0503100000030105,A,51.75,1967,Pand in gebruik,woonfunctie,1744,5.750,6.950,6.950,1.200,2369,-1.550,8.500
0503100000030601,B,52.45,1979,Pand in gebruik,woonfunctie,1311,3.950,5.350,6.050,2.100,2145,-1.150,6.500
0503100000030106,A,51.76,1967,Pand in gebruik,woonfunctie,1774,5.750,6.950,6.950,1.200,2254,-1.650,8.600
0503100000030107,A,9.25,1967,Pand in gebruik,,259,0.350,0.450,0.550,0.200,2158,-1.750,2.200
0503100000030108,A,52.08,1967,Pand in gebruik,woonfunctie,2316,5.650,6.950,7.050,1.400,3870,-1.450,8.400
0503100000030109,A,9.24,1967,Pand in gebruik,,296,1.250,1.250,1.350,0.100,2146,-0.950,2.200
0503100000030110,A,9.23,1967,Pand in gebruik,,292,1.150,1.150,1.150,0.000,2211,-1.150,2.300
0503100000030111,A,51.62,1967,Pand in gebruik,woonfunctie,1655,5.850,7.150,7.150,1.300,2425,-1.150,8.300
0503100000030112,A,53.71,1967,Pand in gebruik,woonfunctie,1721,5.750,7.150,7.150,1.400,3452,-1.150,8.300
0503100000030113,A,51.72,1967,Pand in gebruik,woonfunctie,1657,6.550,7.750,7.750,1.200,2269,-0.750,8.500
0503100000030114,A,9.25,1967,Pand in gebruik,,282,1.350,1.450,1.450,0.100,1719,-0.750,2.200
0503100000030115,A,65.34,1967,Pand in gebruik,woonfunctie,2019,5.750,7.750,7.750,2.000,3162,-0.750,8.500
0503100000028777,B,69.69,1931,Pand in gebruik,woonfunctie,1181,8.650,10.650,11.650,3.000,2268,-0.050,10.700
0503100000028778,B,69.84,1931,Pand in gebruik,woonfunctie,1205,8.550,10.550,11.550,3.000,2016,0.050,10.500
0503100000028781,B,46.33,1930,Pand in gebruik,woonfunctie,817,5.150,6.850,7.850,2.700,1814,0.050,6.800
0503100000028782,B,41.20,1930,Pand in gebruik,woonfunctie,720,5.250,6.950,7.850,2.600,1418,0.050,6.900
0503100000029726,A,1401.05,1966,Pand in gebruik,"overige gebruiksfunctie,woonfunctie",41502,50.150,50.250,50.250,0.100,27111,-0.450,50.700
0503100000029728,B,954.55,1973,Pand in gebruik,winkelfunctie,36773,4.350,8.550,8.550,4.200,10490,-1.850,10.400
0503100000029730,B,64.30,1979,Pand in gebruik,woonfunctie,1502,3.350,5.150,5.950,2.600,3251,-1.350,6.500
0503100000029236,B,13.12,1998,Pand in gebruik,,273,1.350,1.550,2.850,1.500,2610,-0.950,2.500
0503100000029239,B,52.47,1998,Pand in gebruik,woonfunctie,1192,6.950,7.350,7.550,0.600,1476,-1.350,8.700
0503100000029741,B,57.37,1933,Pand in gebruik,woonfunctie,1004,8.650,9.650,10.150,1.500,1568,-0.050,9.700
0503100000029240,B,67.39,1998,Pand in gebruik,woonfunctie,1463,1.750,7.150,7.250,5.500,2533,-1.350,8.500
0503100000029742,B,58.15,1933,Pand in gebruik,woonfunctie,1030,8.550,9.350,9.950,1.400,1571,-0.050,9.400
0503100000029241,B,13.13,1998,Pand in gebruik,,264,1.250,1.450,2.850,1.600,2324,-0.750,2.200
0503100000029242,B,13.14,1998,Pand in gebruik,,282,1.250,1.350,2.950,1.700,2152,-0.750,2.100
0503100000029243,B,13.14,1998,Pand in gebruik,,262,1.250,1.350,2.950,1.700,2330,-0.750,2.100
0503100000029244,B,13.18,1998,Pand in gebruik,,282,1.250,1.350,2.950,1.700,2556,-0.850,2.200
0503100000029245,B,13.19,1998,Pand in gebruik,,290,1.250,1.850,3.050,1.800,2430,-0.850,2.700
0503100000029246,B,13.20,1998,Pand in gebruik,,268,1.250,1.350,2.850,1.600,2290,-0.750,2.100
0503100000029247,B,13.16,1998,Pand in gebruik,,272,1.250,1.350,2.850,1.600,2432,-0.950,2.300
0503100000029248,B,13.16,1998,Pand in gebruik,,262,1.250,1.350,2.850,1.600,2521,-0.950,2.300
0503100000029249,B,13.17,1998,Pand in gebruik,,278,1.250,1.350,2.950,1.700,2610,-0.850,2.200
0503100000029250,B,13.14,1998,Pand in gebruik,,265,1.250,1.350,2.850,1.600,2413,-0.850,2.200
0503100000029251,B,13.15,1998,Pand in gebruik,,278,1.250,1.350,2.850,1.600,2432,-0.850,2.200
0503100000029252,B,13.16,1998,Pand in gebruik,,275,1.250,1.350,2.850,1.600,2162,-0.750,2.100
0503100000029253,B,13.18,1998,Pand in gebruik,,277,1.250,1.350,2.850,1.600,2206,-0.650,2.000
0503100000030169,B,20.84,1962,Pand in gebruik,overige gebruiksfunctie,355,2.250,2.250,2.350,0.100,1954,-0.350,2.600
0503100000029257,B,15.52,1998,Pand in gebruik,,328,1.250,1.350,2.950,1.700,2816,-0.850,2.200
0503100000029258,B,15.42,1998,Pand in gebruik,,331,1.250,1.350,2.850,1.600,2811,-0.750,2.100
0503100000029259,B,15.44,1998,Pand in gebruik,,339,1.250,1.350,2.850,1.600,2721,-0.750,2.100
0503100000029260,B,15.46,1998,Pand in gebruik,,327,1.250,1.350,2.950,1.700,2841,-0.750,2.100
0503100000029261,B,15.48,1998,Pand in gebruik,,330,1.250,1.350,2.850,1.600,2606,-0.750,2.100
0503100000029262,B,15.50,1998,Pand in gebruik,,333,1.250,1.350,2.850,1.600,2563,-0.750,2.100
0503100000029263,B,15.56,1998,Pand in gebruik,,322,1.250,1.350,2.950,1.700,2806,-0.750,2.100
0503100000027938,B,47.18,1989,Pand in gebruik,woonfunctie,808,5.650,5.650,5.750,0.100,1816,0.050,5.600
0503100000027939,B,48.92,1989,Pand in gebruik,woonfunctie,881,5.650,5.750,5.850,0.200,1973,-0.050,5.800
0503100000027940,B,47.15,1989,Pand in gebruik,woonfunctie,842,5.650,5.650,5.750,0.100,1911,-0.050,5.700
0503100000030655,B,66.28,1990,Pand in gebruik,woonfunctie,4348,4.450,4.450,4.450,0.000,8948,-1.250,5.700
0503100000030656,B,48.00,1985,Pand in gebruik,woonfunctie,1621,5.550,5.550,5.650,0.100,3219,-0.150,5.700
0503100000030657,B,48.93,1985,Pand in gebruik,woonfunctie,1592,5.250,5.550,5.650,0.400,3746,-0.150,5.700
0503100000030658,B,6.62,1985,Pand in gebruik,,199,2.250,2.250,2.350,0.100,1617,-0.150,2.400
0503100000030659,B,47.92,1985,Pand in gebruik,woonfunctie,1543,5.450,7.450,8.350,2.900,3315,-0.150,7.600
0503100000029758,B,68.93,1994,Pand in gebruik,woonfunctie,966,6.450,7.150,7.450,1.000,1507,0.550,6.600
0503100000026954,A,62.98,1969,Pand in gebruik,woonfunctie,1525,8.750,9.950,10.450,1.700,1716,-1.550,11.500
0503100000026955,A,61.09,1965,Pand in gebruik,woonfunctie,3058,6.850,6.950,7.050,0.200,3111,-1.150,8.100
0503100000026956,A,61.31,1965,Pand in gebruik,woonfunctie,3086,6.850,6.950,7.050,0.200,3540,-1.150,8.100
0503100000027952,A,47.20,1991,Pand in gebruik,woonfunctie,2240,5.350,8.050,8.050,2.700,4357,-0.350,8.400
0503100000027953,B,166.30,1960,Pand in gebruik,woonfunctie,2983,12.750,12.850,12.850,0.100,3056,-0.150,13.000
0503100000031056,B,47.22,1969,Pand in gebruik,woonfunctie,1149,5.350,6.650,7.350,2.000,1632,-1.550,8.200
0503100000027955,B,33.67,2001,Pand in gebruik,,481,2.050,2.150,2.250,0.200,994,-0.050,2.200
0503100000028838,B,42.26,1930,Pand in gebruik,woonfunctie,732,5.450,6.950,7.850,2.400,1575,0.050,6.900
0503100000031064,B,51.78,1993,Pand in gebruik,woonfunctie,1855,6.750,6.850,6.950,0.200,4361,-1.750,8.600
0503100000031065,B,5.92,1993,Pand in gebruik,,198,0.750,0.750,0.750,0.000,3079,-1.750,2.500
0503100000031066,B,49.27,1993,Pand in gebruik,woonfunctie,1637,6.850,6.950,7.050,0.200,2507,-1.550,8.500
0503100000028840,B,68.10,1931,Pand in gebruik,woonfunctie,1155,8.650,10.550,11.550,2.900,1796,-0.050,10.600
0503100000031067,B,5.78,1993,Pand in gebruik,,210,0.750,0.750,0.750,0.000,3237,-1.650,2.400
0503100000028841,B,68.11,1931,Pand in gebruik,woonfunctie,1156,8.550,10.550,11.550,3.000,1393,-0.050,10.600
0503100000031068,B,47.38,1993,Pand in gebruik,woonfunctie,1097,6.850,6.850,6.850,0.000,2287,-1.650,8.500
0503100000028842,B,68.59,1931,Pand in gebruik,woonfunctie,1171,8.650,10.650,11.650,3.000,1500,0.050,10.600
0503100000031069,B,6.19,1993,Pand in gebruik,,136,0.850,0.950,0.950,0.100,1400,-1.550,2.500
0503100000031070,B,60.86,1993,Pand in gebruik,woonfunctie,1501,4.150,6.850,6.950,2.800,2299,-1.650,8.500
0503100000028843,B,10.57,1931,Pand in gebruik,,55,1.850,2.050,2.150,0.300,1169,-0.750,2.800
0503100000031071,B,61.62,1993,Pand in gebruik,woonfunctie,1339,6.850,6.850,6.950,0.100,3794,-1.550,8.400
0503100000031072,B,60.59,1993,Pand in gebruik,woonfunctie,1447,6.750,6.850,6.850,0.100,2511,-1.650,8.500
0503100000028844,B,10.59,1931,Pand in gebruik,,108,1.850,2.050,2.150,0.300,1115,-0.550,2.600
0503100000031073,B,6.13,1993,Pand in gebruik,,132,0.950,0.950,0.950,0.000,1547,-1.650,2.600
0503100000031074,B,47.57,1993,Pand in gebruik,woonfunctie,1111,6.850,6.850,6.950,0.100,2208,-1.550,8.400
0503100000028845,B,10.53,1931,Pand in gebruik,,180,1.950,2.050,2.150,0.200,1811,-0.550,2.600
0503100000031075,B,56.77,1998,Pand in gebruik,woonfunctie,1261,7.050,7.150,7.250,0.200,2439,-1.450,8.600
0503100000031076,B,9.89,1998,Pand in gebruik,,245,1.050,1.150,1.150,0.100,1638,-1.350,2.500
0503100000028846,B,10.50,1931,Pand in gebruik,,189,1.950,2.050,2.150,0.200,1553,-0.550,2.600
0503100000031077,B,8.36,1969,Pand in gebruik,,287,0.850,0.850,0.850,0.000,2352,-1.750,2.600
0503100000031078,B,64.54,1971,Pand in gebruik,woonfunctie,2729,4.650,6.250,7.150,2.500,4454,-1.550,7.800
0503100000028847,B,7.79,1931,Pand in gebruik,,143,1.950,2.050,2.050,0.100,955,-0.450,2.500
0503100000026978,B,8.25,1967,Pand in gebruik,,371,0.750,0.850,0.850,0.100,4172,-1.550,2.400
0503100000028848,B,7.81,1931,Pand in gebruik,,131,1.850,2.050,2.050,0.200,1103,-0.550,2.600
0503100000027975,A,16.85,1961,Pand in gebruik,overige gebruiksfunctie,457,2.050,2.050,2.050,0.000,1818,-0.450,2.500
0503100000026979,B,8.28,1967,Pand in gebruik,,357,0.850,0.850,0.850,0.000,4660,-1.550,2.400
0503100000028849,B,69.82,1931,Pand in gebruik,woonfunctie,1164,8.650,10.550,11.650,3.000,1659,-0.050,10.600
0503100000031080,A,58.94,1991,Pand in gebruik,woonfunctie,2910,2.650,8.050,8.050,5.400,5460,-0.250,8.300
0503100000027416,B,7.69,2005,Pand in gebruik,,111,2.650,2.650,2.750,0.100,1439,0.250,2.400
0503100000028851,B,7.91,1931,Pand in gebruik,,138,2.450,2.550,2.650,0.200,885,-0.050,2.600
0503100000027977,B,814.83,1962,Pand in gebruik,woonfunctie,14676,9.650,9.850,9.850,0.200,10700,-0.250,10.100
0503100000027418,B,7.26,1994,Pand in gebruik,,113,3.250,3.250,3.250,0.000,832,0.650,2.600
0503100000028852,B,7.93,1931,Pand in gebruik,,142,2.450,2.550,2.650,0.200,927,0.050,2.500
0503100000028853,B,49.11,1930,Pand in gebruik,woonfunctie,890,3.050,6.650,7.750,4.700,1375,0.050,6.600
0503100000026988,B,8.25,1967,Pand in gebruik,,349,0.650,0.650,0.650,0.000,4767,-1.650,2.300
0503100000028854,B,41.87,1930,Pand in gebruik,woonfunctie,757,5.350,7.050,7.850,2.500,1376,-0.050,7.100
0503100000026989,B,8.24,1967,Pand in gebruik,,349,0.550,0.650,0.650,0.100,4730,-1.650,2.300
0503100000026990,B,8.25,1967,Pand in gebruik,,366,0.550,0.650,0.650,0.100,4750,-1.750,2.400
0503100000031091,B,52.43,1982,Pand in gebruik,woonfunctie,1778,4.950,7.050,7.950,3.000,2396,-1.550,8.600
0503100000026991,B,8.24,1967,Pand in gebruik,,348,0.550,0.650,0.650,0.100,4704,-1.750,2.400
0503100000026992,B,8.25,1967,Pand in gebruik,,352,0.650,0.650,0.650,0.000,4500,-1.650,2.300
0503100000030711,B,70.41,1996,Pand in gebruik,woonfunctie,1115,6.450,7.050,7.250,0.800,1339,0.650,6.400
0503100000026993,B,8.39,1967,Pand in gebruik,,361,0.650,0.650,0.650,0.000,4503,-1.650,2.300
0503100000029286,B,2699.17,2008,Pand in gebruik,"overige gebruiksfunctie,sportfunctie,woonfunctie",96256,14.850,15.550,19.250,4.400,25738,-0.350,15.900
0503100000026994,B,8.25,1967,Pand in gebruik,,374,0.550,0.550,0.650,0.100,4941,-1.750,2.300
0503100000026995,B,8.24,1967,Pand in gebruik,,351,0.650,0.650,0.650,0.000,4947,-1.750,2.400
0503100000026996,B,8.25,1967,Pand in gebruik,,216,0.750,0.750,0.850,0.100,2479,-1.550,2.300
0503100000026997,B,8.31,1967,Pand in gebruik,,196,0.750,0.850,0.850,0.100,2603,-1.550,2.400
0503100000026998,B,8.25,1967,Pand in gebruik,,217,0.750,0.750,0.850,0.100,2244,-1.550,2.300
0503100000026999,B,8.25,1967,Pand in gebruik,,198,0.750,0.850,0.850,0.100,2511,-1.550,2.400
0503100000027000,B,8.25,1967,Pand in gebruik,,212,0.750,0.750,0.750,0.000,3355,-1.550,2.300
0503100000027001,B,8.22,1967,Pand in gebruik,,214,0.750,0.750,0.850,0.100,3667,-1.550,2.300
0503100000028863,B,38.93,1930,Pand in gebruik,woonfunctie,695,5.350,6.950,7.850,2.500,1684,0.050,6.900
0503100000027002,B,38.23,1969,Pand in gebruik,,678,2.550,2.550,2.650,0.100,2421,0.050,2.500
0503100000027003,B,38.28,1969,Pand in gebruik,,691,2.550,2.550,2.650,0.100,2473,0.050,2.500
0503100000029295,B,22.64,1969,Pand in gebruik,,399,2.550,2.550,2.650,0.100,2154,0.050,2.500
0503100000030722,B,59.41,1998,Pand in gebruik,woonfunctie,1317,4.350,7.050,7.150,2.800,1991,-1.350,8.400
0503100000029296,B,26.08,1969,Pand in gebruik,,467,2.550,2.550,2.550,0.000,2189,0.050,2.500
0503100000030723,B,61.02,1998,Pand in gebruik,woonfunctie,1367,4.350,6.950,7.050,2.700,2021,-1.350,8.300
0503100000029297,B,38.80,1969,Pand in gebruik,,687,2.550,2.550,2.550,0.000,2177,0.050,2.500
0503100000030724,B,52.60,1982,Pand in gebruik,woonfunctie,839,6.350,6.950,7.850,1.500,1923,-1.450,8.400
0503100000029298,B,44.48,1969,Pand in gebruik,,754,2.550,2.550,2.650,0.100,2576,0.050,2.500
0503100000030725,B,87.59,1998,Pand in gebruik,woonfunctie,1925,1.650,7.050,7.150,5.500,2708,-1.350,8.400
0503100000030220,B,52.16,1977,Pand in gebruik,woonfunctie,1233,5.050,6.750,6.850,1.800,1940,-1.450,8.200
0503100000029299,B,43.28,1969,Pand in gebruik,,750,2.550,2.550,2.550,0.000,2644,0.050,2.500
0503100000030221,B,6.67,1977,Pand in gebruik,,186,2.450,3.350,3.950,1.500,1422,-1.550,4.900
0503100000030222,B,8.25,1977,Pand in gebruik,,197,0.950,0.950,1.050,0.100,1912,-1.450,2.400
0503100000031114,B,4.91,1981,Pand in gebruik,,160,0.850,0.850,0.850,0.000,3060,-1.550,2.400
0503100000030223,B,54.43,1977,Pand in gebruik,woonfunctie,1280,4.150,4.150,4.250,0.100,2636,-1.450,5.600
0503100000031115,B,43.09,1982,Pand in gebruik,woonfunctie,1517,5.450,7.150,7.950,2.500,3192,-1.450,8.600
0503100000030224,B,53.25,1977,Pand in gebruik,woonfunctie,875,4.450,6.750,6.750,2.300,1521,-1.450,8.200
0503100000029798,B,54.01,1979,Pand in gebruik,woonfunctie,1127,3.950,4.350,4.450,0.500,2525,-1.450,5.800
0503100000028376,B,150.14,1960,Pand in gebruik,woonfunctie,2740,12.650,12.650,12.650,0.000,2988,-0.150,12.800
0503100000031116,B,7.98,1982,Pand in gebruik,,275,0.850,0.850,0.850,0.000,2583,-1.550,2.400
0503100000030225,B,53.19,1977,Pand in gebruik,woonfunctie,1082,3.850,6.750,6.850,3.000,1520,-1.450,8.200
0503100000030731,B,61.87,1969,Pand in gebruik,woonfunctie,1441,4.650,6.550,7.250,2.600,2611,-1.550,8.100
0503100000029799,B,50.86,1979,Pand in gebruik,woonfunctie,1126,4.150,4.250,4.250,0.100,2485,-1.450,5.700
0503100000031117,B,4.91,1981,Pand in gebruik,,167,0.850,0.850,0.850,0.000,2525,-1.550,2.400
0503100000030226,B,8.28,1977,Pand in gebruik,,186,0.850,0.850,0.850,0.000,2468,-1.650,2.500
0503100000030732,B,62.13,1969,Pand in gebruik,woonfunctie,1408,4.650,6.550,7.250,2.600,2499,-1.550,8.100
0503100000029800,B,51.20,1979,Pand in gebruik,woonfunctie,1078,3.950,4.150,4.250,0.300,2542,-1.450,5.600
0503100000030227,B,53.27,1977,Pand in gebruik,woonfunctie,1197,5.050,6.750,6.750,1.700,1980,-1.450,8.200
0503100000030733,B,72.29,1969,Pand in gebruik,woonfunctie,1683,3.950,6.550,7.250,3.300,2976,-1.450,8.000
0503100000029801,B,51.30,1979,Pand in gebruik,woonfunctie,1158,3.950,4.150,4.250,0.300,2415,-1.450,5.600
0503100000028379,B,19.44,1972,Pand in gebruik,overige gebruiksfunctie,708,2.350,2.350,2.350,0.000,3738,-0.150,2.500
0503100000030228,B,4.53,1979,Pand in gebruik,,100,1.150,1.250,1.350,0.200,1756,-1.350,2.600
0503100000030734,B,47.57,1969,Pand in gebruik,woonfunctie,2328,5.450,6.750,7.350,1.900,2954,-1.550,8.300
0503100000029802,B,51.28,1979,Pand in gebruik,woonfunctie,1092,3.950,4.150,4.250,0.300,2506,-1.550,5.700
0503100000030229,B,53.14,1977,Pand in gebruik,woonfunctie,1350,4.950,6.150,6.550,1.600,2294,-1.450,7.600
0503100000029803,B,52.04,1979,Pand in gebruik,woonfunctie,1139,4.150,4.150,4.250,0.100,3205,-1.650,5.800
0503100000030735,B,47.57,1969,Pand in gebruik,woonfunctie,2304,5.350,6.650,7.350,2.000,3486,-1.550,8.200
0503100000030230,B,50.62,1977,Pand in gebruik,woonfunctie,1279,3.150,4.050,4.050,0.900,2089,-1.550,5.600
0503100000029804,B,51.01,1979,Pand in gebruik,woonfunctie,1075,3.950,4.150,4.250,0.300,2339,-1.550,5.700
0503100000030736,B,47.57,1969,Pand in gebruik,woonfunctie,2370,5.350,6.650,7.350,2.000,3304,-1.550,8.200
0503100000030231,B,7.59,1977,Pand in gebruik,,188,0.950,0.950,0.950,0.000,1602,-1.550,2.500
0503100000029805,B,70.94,1977,Pand in gebruik,woonfunctie,1751,4.150,6.450,7.550,3.400,2754,-1.150,7.600
0503100000030737,B,47.57,1969,Pand in gebruik,woonfunctie,2292,5.350,6.650,7.350,2.000,3370,-1.550,8.200
0503100000030232,B,51.99,1977,Pand in gebruik,woonfunctie,1345,3.050,3.950,4.050,1.000,2703,-1.550,5.500
0503100000029806,B,53.07,1977,Pand in gebruik,woonfunctie,1243,4.050,5.250,6.050,2.000,1850,-1.050,6.300
0503100000030738,B,47.57,1969,Pand in gebruik,woonfunctie,1697,5.350,6.650,7.350,2.000,2785,-1.550,8.200
0503100000030233,A,9.17,1966,Pand in gebruik,,493,0.350,0.350,0.450,0.100,4092,-1.950,2.300
0503100000030739,B,47.56,1969,Pand in gebruik,woonfunctie,1160,5.350,6.750,7.450,2.100,1664,-1.550,8.300
0503100000030234,A,9.16,1966,Pand in gebruik,,466,0.250,0.250,0.350,0.100,3539,-1.950,2.200
0503100000030235,A,52.66,1966,Pand in gebruik,woonfunctie,2737,4.350,4.350,4.550,0.200,4115,-1.550,5.900
0503100000030740,B,78.15,1969,Pand in gebruik,woonfunctie,2913,1.550,6.350,7.250,5.700,7221,-1.850,8.200
0503100000030236,A,9.15,1966,Pand in gebruik,,467,0.250,0.250,0.350,0.100,3993,-1.850,2.100
0503100000030741,B,63.68,1969,Pand in gebruik,woonfunctie,1493,4.650,6.550,7.250,2.600,2965,-1.550,8.100
0503100000030237,A,53.25,1967,Pand in gebruik,woonfunctie,1800,4.250,4.550,4.650,0.400,3390,-1.650,6.200
0503100000030742,B,47.56,1969,Pand in gebruik,woonfunctie,1131,5.350,6.650,7.350,2.000,1473,-1.450,8.100
0503100000030238,A,50.59,1966,Pand in gebruik,woonfunctie,2550,4.350,4.450,4.550,0.200,3898,-1.450,5.900
0503100000030743,B,61.90,1969,Pand in gebruik,woonfunctie,1612,4.650,6.550,7.250,2.600,3203,-1.650,8.200
0503100000029810,B,87.47,1987,Pand in gebruik,woonfunctie,2096,4.450,4.850,5.150,0.700,3997,-1.250,6.100
0503100000030744,B,49.16,1969,Pand in gebruik,woonfunctie,2070,5.350,6.750,7.450,2.100,4775,-1.550,8.300
0503100000029811,B,96.01,1987,Pand in gebruik,woonfunctie,2282,4.450,4.850,5.150,0.700,3534,-1.150,6.000
0503100000030242,B,7.82,1981,Pand in gebruik,,265,0.850,0.950,0.950,0.100,3164,-1.650,2.600
0503100000029312,B,792.19,1977,Pand in gebruik,woonfunctie,18852,7.550,9.950,10.850,3.300,14809,-1.250,11.200
0503100000030246,B,123.99,1981,Pand in gebruik,woonfunctie,4374,7.150,7.150,7.150,0.000,5616,-1.650,8.800
0503100000029316,B,67.78,1977,Pand in gebruik,woonfunctie,2321,3.650,6.050,7.050,3.400,4247,-1.450,7.500
0503100000030756,B,8.59,1969,Pand in gebruik,,210,0.850,0.850,0.950,0.100,1539,-1.650,2.500
0503100000027030,B,2579.17,1964,Pand in gebruik,"bijeenkomstfunctie,kantoorfunctie,sportfunctie,winkelfunctie,woonfunctie",40969,3.850,12.750,13.550,9.700,14831,0.150,12.600
0503100000030758,B,50.90,1969,Pand in gebruik,woonfunctie,1189,6.950,7.350,7.650,0.700,1426,-1.350,8.700
0503100000027032,B,122.43,1994,Pand in gebruik,kantoorfunctie,1865,3.250,3.250,3.350,0.100,3189,0.050,3.200
0503100000030761,B,93.54,1969,Pand in gebruik,woonfunctie,2244,1.450,6.550,7.150,5.700,4631,-1.650,8.200
0503100000027033,B,133.36,1994,Pand in gebruik,industriefunctie,2084,5.450,5.550,5.550,0.100,685,0.050,5.500
0503100000030762,B,5.88,1984,Pand in gebruik,,260,0.950,1.050,1.050,0.100,3540,-1.450,2.500
0503100000030763,B,5.75,1984,Pand in gebruik,,290,0.850,0.850,0.950,0.100,4226,-1.450,2.300
0503100000030764,B,5.79,1984,Pand in gebruik,,294,0.950,0.950,1.050,0.100,3491,-1.450,2.400
0503100000030765,B,5.69,1990,Pand in gebruik,,146,0.450,0.650,0.650,0.200,1992,-1.750,2.400
0503100000030766,B,6.16,1990,Pand in gebruik,,159,0.550,0.750,0.850,0.300,2464,-1.550,2.300
0503100000029331,B,15.57,1998,Pand in gebruik,,332,1.250,1.350,2.850,1.600,2676,-0.750,2.100
0503100000029332,B,15.55,1998,Pand in gebruik,,340,1.250,1.350,2.950,1.700,2823,-0.750,2.100
0503100000029333,B,15.54,1998,Pand in gebruik,,335,1.250,1.350,2.850,1.600,2660,-0.750,2.100
0503100000029334,B,15.54,1998,Pand in gebruik,,348,1.250,1.350,2.950,1.700,2714,-0.750,2.100
0503100000029823,B,75.07,1996,Pand in gebruik,woonfunctie,1106,6.250,6.750,7.050,0.800,2385,0.650,6.100
0503100000029824,B,57.83,1996,Pand in gebruik,woonfunctie,874,6.450,6.950,7.150,0.700,1549,0.550,6.400
0503100000031146,B,75.16,1969,Pand in gebruik,woonfunctie,1663,4.050,6.550,7.250,3.200,2427,-1.550,8.100
0503100000029825,B,57.92,1996,Pand in gebruik,woonfunctie,905,6.350,6.850,7.050,0.700,1541,0.550,6.300
0503100000031147,B,63.78,1969,Pand in gebruik,woonfunctie,1528,4.550,6.550,7.350,2.800,3484,-1.650,8.200
0503100000031157,B,61.23,1977,Pand in gebruik,woonfunctie,1511,4.150,6.250,6.650,2.500,2472,-1.450,7.700
0503100000028925,B,42.50,1930,Pand in gebruik,woonfunctie,728,5.450,7.050,7.850,2.400,1788,0.050,7.000
0503100000031158,B,50.91,1977,Pand in gebruik,woonfunctie,1342,3.950,6.550,6.650,2.700,1945,-1.450,8.000
0503100000031159,B,51.69,1977,Pand in gebruik,woonfunctie,1296,3.950,4.150,4.250,0.300,2398,-1.450,5.600
0503100000031160,B,6.83,1977,Pand in gebruik,,143,2.250,3.350,3.850,1.600,1742,-1.550,4.900
0503100000031162,B,7.98,1985,Pand in gebruik,,253,0.950,0.950,1.050,0.100,2515,-1.650,2.600
0503100000031163,B,499.42,1991,Pand in gebruik,bijeenkomstfunctie,12092,2.850,5.450,6.650,3.800,10573,-1.650,7.100
0503100000031164,A,60.92,1966,Pand in gebruik,woonfunctie,1605,6.450,6.550,6.750,0.300,1530,-1.650,8.200
0503100000031165,A,60.85,1966,Pand in gebruik,woonfunctie,1804,6.550,6.650,6.750,0.200,2028,-1.650,8.300
0503100000032062,B,535.59,2007,Pand in gebruik,bijeenkomstfunctie,17133,7.650,10.450,10.450,2.800,15705,-0.650,11.100
0503100000031166,A,60.90,1965,Pand in gebruik,woonfunctie,3126,8.950,10.550,11.350,2.400,2923,-1.150,11.700
0503100000032063,B,5.93,1985,Pand in gebruik,,211,2.150,2.150,2.250,0.100,2850,-0.150,2.300
0503100000031167,A,55.64,1962,Pand in gebruik,woonfunctie,2807,5.550,5.550,5.650,0.100,4108,-0.150,5.700
0503100000032064,B,5.97,1985,Pand in gebruik,,61,2.350,2.350,2.350,0.000,2145,-0.150,2.500
0503100000031168,A,16.79,1961,Pand in gebruik,overige gebruiksfunctie,547,2.150,2.150,2.150,0.000,2856,-0.450,2.600
0503100000032065,B,5.15,1985,Pand in gebruik,,179,2.150,2.150,2.250,0.100,3037,-0.250,2.400
0503100000032066,B,5.15,1985,Pand in gebruik,,170,2.150,2.150,2.250,0.100,2523,-0.250,2.400
0503100000031169,B,382.28,1966,Pand in gebruik,woonfunctie,7100,14.150,14.150,14.150,0.000,1431,-0.250,14.400
0503100000032067,B,5.92,1985,Pand in gebruik,,205,2.150,2.250,2.250,0.100,2162,-0.150,2.400
0503100000031584,A,1236.81,1966,Pand in gebruik,"bijeenkomstfunctie,woonfunctie",39396,3.150,5.650,6.950,3.800,25207,-0.250,5.900
0503100000031170,B,71.24,1930,Pand in gebruik,woonfunctie,1231,8.650,10.650,11.650,3.000,2785,-0.050,10.700
0503100000031585,A,14.35,1970,Pand in gebruik,overige gebruiksfunctie,458,2.150,2.250,2.250,0.100,744,-0.150,2.400
0503100000031586,B,32.93,1960,Pand in gebruik,overige gebruiksfunctie,592,3.550,3.550,3.650,0.100,2400,0.050,3.500
0503100000031171,B,24.01,1959,Pand in gebruik,overige gebruiksfunctie,425,2.950,2.950,3.050,0.100,1446,0.050,2.900
0503100000030808,A,832.84,1967,Pand in gebruik,onderwijsfunctie,57631,2.250,2.250,2.250,0.000,28976,-1.650,3.900
0503100000031589,A,61.47,1969,Pand in gebruik,woonfunctie,1992,3.050,3.050,3.150,0.100,4873,-0.250,3.300
0503100000031590,A,14.35,1970,Pand in gebruik,overige gebruiksfunctie,461,2.150,2.250,2.250,0.100,737,-0.150,2.400
0503100000031591,A,14.35,1970,Pand in gebruik,overige gebruiksfunctie,457,2.250,2.250,2.250,0.000,754,-0.150,2.400
0503100000031592,A,14.35,1970,Pand in gebruik,overige gebruiksfunctie,436,2.150,2.250,2.250,0.100,741,-0.150,2.400
0503100000031593,A,14.35,1970,Pand in gebruik,overige gebruiksfunctie,456,2.150,2.150,2.150,0.000,1356,-0.150,2.300
0503100000031178,B,7.98,1982,Pand in gebruik,,179,0.750,0.850,0.850,0.100,2499,-1.550,2.400
0503100000031594,A,14.34,1970,Pand in gebruik,overige gebruiksfunctie,475,2.150,2.150,2.250,0.100,1411,-0.150,2.300
0503100000031595,A,14.35,1970,Pand in gebruik,overige gebruiksfunctie,445,2.250,2.250,2.350,0.100,2830,-0.150,2.400
0503100000031179,B,7.98,1982,Pand in gebruik,,169,0.850,0.850,0.850,0.000,2790,-1.550,2.400
0503100000031596,A,14.35,1970,Pand in gebruik,overige gebruiksfunctie,458,2.150,2.250,2.250,0.100,1395,-0.150,2.400
0503100000031180,B,87.28,1988,Pand in gebruik,bijeenkomstfunctie,4394,1.750,2.050,2.150,0.400,9109,-1.950,4.000
0503100000031181,B,150.11,1960,Pand in gebruik,woonfunctie,2827,12.650,12.650,12.650,0.000,3554,-0.150,12.800
0503100000031182,B,31.23,1970,Pand in gebruik,overige gebruiksfunctie,1122,2.750,2.850,2.850,0.100,4306,-0.050,2.900
0503100000029878,B,8.71,1977,Pand in gebruik,,227,1.050,1.050,1.050,0.000,1066,-1.250,2.300
0503100000030826,B,88.16,1994,Pand in gebruik,woonfunctie,1372,6.350,6.950,7.250,0.900,1673,0.550,6.400
0503100000029398,B,50.55,1977,Pand in gebruik,woonfunctie,1758,3.850,4.950,5.750,1.900,2729,-1.450,6.400
0503100000029399,B,131.11,1996,Pand in gebruik,bijeenkomstfunctie,2154,4.150,4.250,4.350,0.200,2758,-1.850,6.100
0503100000030304,A,52.91,1966,Pand in gebruik,woonfunctie,2702,4.250,4.350,4.550,0.300,5386,-1.550,5.900
0503100000029404,A,9.19,1967,Pand in gebruik,,303,0.350,0.450,0.450,0.100,1702,-1.750,2.200
0503100000030305,A,50.60,1966,Pand in gebruik,woonfunctie,2253,4.350,4.350,4.550,0.200,4011,-1.350,5.700
0503100000029405,A,9.15,1967,Pand in gebruik,,313,0.450,0.450,0.550,0.100,1642,-1.550,2.000
0503100000029406,B,408.16,1978,Pand in gebruik,woonfunctie,9658,8.350,9.650,10.550,2.200,8783,-1.450,11.100
0503100000029407,A,808.56,1962,Pand in gebruik,woonfunctie,45631,34.750,34.750,34.750,0.000,21651,-0.250,35.000
0503100000029413,A,808.89,1962,Pand in gebruik,woonfunctie,25782,34.650,34.650,34.750,0.100,24940,-0.250,34.900
0503100000031623,B,1133.50,1972,Pand in gebruik,bijeenkomstfunctie,56984,2.150,7.350,7.550,5.400,30647,-1.350,8.700
0503100000031624,B,48.62,1989,Pand in gebruik,woonfunctie,869,5.550,5.550,5.650,0.100,2000,-0.050,5.600
0503100000031625,B,47.10,1989,Pand in gebruik,woonfunctie,844,5.450,5.550,5.550,0.100,1685,-0.150,5.700
0503100000031626,B,47.11,1989,Pand in gebruik,woonfunctie,818,5.650,5.650,5.750,0.100,1787,0.150,5.500
0503100000028992,B,71.27,1994,Pand in gebruik,woonfunctie,1118,6.650,7.050,7.250,0.600,1271,0.550,6.500
0503100000031633,A,675.30,1961,Pand in gebruik,woonfunctie,35849,14.150,14.150,14.250,0.100,28131,-0.150,14.300
0503100000031229,B,402.39,2005,Pand in gebruik,"kantoorfunctie,woonfunctie",5715,21.450,21.650,21.850,0.400,3655,0.550,21.100
0503100000031634,B,159.53,1960,Pand in gebruik,"overige gebruiksfunctie,woonfunctie",2765,12.850,12.950,12.950,0.100,3149,-0.550,13.500
0503100000031643,B,55.40,1982,Pand in gebruik,woonfunctie,1903,4.750,6.750,7.850,3.100,2742,-1.550,8.300
0503100000031644,A,60.97,1966,Pand in gebruik,woonfunctie,1646,8.350,8.950,8.950,0.600,1567,-1.650,10.600
0503100000030873,B,63.18,1993,Pand in gebruik,woonfunctie,1925,6.750,6.850,6.850,0.100,3285,-1.550,8.400
0503100000030876,B,6.22,1993,Pand in gebruik,,216,0.850,0.950,0.950,0.100,2301,-1.550,2.500
0503100000030878,B,49.46,1993,Pand in gebruik,woonfunctie,1662,6.850,6.850,7.050,0.200,2555,-1.550,8.400
0503100000030882,B,6.01,1993,Pand in gebruik,,177,0.850,0.850,0.950,0.100,1639,-1.550,2.400
0503100000032135,B,12.95,1982,Pand in gebruik,,170,2.650,3.250,3.550,0.900,1106,-0.050,3.300
0503100000032136,B,14.16,1982,Pand in gebruik,,244,2.650,3.250,3.450,0.800,1052,-0.050,3.300
0503100000032137,B,18.04,1982,Pand in gebruik,,237,2.650,3.350,3.550,0.900,807,0.050,3.300
0503100000030348,B,7.30,1977,Pand in gebruik,,184,1.250,1.550,1.650,0.400,1417,-1.250,2.800
0503100000031245,A,1062.70,1970,Pand in gebruik,bijeenkomstfunctie,33733,4.150,6.750,6.850,2.700,14221,-0.250,7.000
0503100000030350,B,8.14,1977,Pand in gebruik,,135,0.850,0.850,0.950,0.100,1196,-1.550,2.400
0503100000030351,B,9.01,1977,Pand in gebruik,,212,1.150,1.250,1.250,0.100,1885,-1.350,2.600
0503100000030352,B,9.00,1977,Pand in gebruik,,215,1.150,1.250,1.250,0.100,1376,-1.250,2.500
0503100000031248,B,1497.43,1970,Pand in gebruik,industriefunctie,36325,5.650,7.150,8.250,2.600,16981,-1.950,9.100
0503100000030904,B,51.24,1979,Pand in gebruik,woonfunctie,1278,4.050,5.350,6.050,2.000,2271,-1.350,6.700
0503100000031261,A,55.35,1969,Pand in gebruik,woonfunctie,1423,8.950,10.050,10.550,1.600,1407,-1.550,11.600
0503100000032591,B,77.70,2005,Pand in gebruik,woonfunctie,1164,3.650,8.950,9.150,5.500,1803,0.550,8.400
0503100000032592,B,60.91,2005,Pand in gebruik,woonfunctie,914,8.850,8.950,9.050,0.200,1461,0.450,8.500
0503100000032593,B,63.24,2005,Pand in gebruik,woonfunctie,959,8.850,8.850,8.850,0.000,1605,0.450,8.400
0503100000032594,B,54.73,1996,Pand in gebruik,woonfunctie,890,8.750,8.950,9.050,0.300,1264,0.650,8.300
0503100000032595,B,64.09,2005,Pand in gebruik,woonfunctie,963,8.850,8.950,9.050,0.200,2107,0.450,8.500
0503100000032596,B,7.96,1996,Pand in gebruik,,120,3.150,3.150,3.150,0.000,1010,0.650,2.500
0503100000032602,B,7.86,1996,Pand in gebruik,,119,3.150,3.150,3.150,0.000,1109,0.650,2.500
0503100000030922,B,63.12,1977,Pand in gebruik,woonfunctie,984,4.650,6.150,6.650,2.000,1586,-1.550,7.700
0503100000032604,B,52.09,2005,Pand in gebruik,woonfunctie,824,8.650,8.750,8.850,0.200,833,0.350,8.400
0503100000032605,B,12.48,1974,Pand in gebruik,,175,2.850,2.950,3.050,0.200,1216,0.650,2.300
0503100000032606,B,171.07,1911,Pand in gebruik,woonfunctie,2495,3.850,8.550,9.650,5.800,3697,0.150,8.400
0503100000032607,B,63.21,2005,Pand in gebruik,woonfunctie,996,9.250,9.350,9.450,0.200,1394,0.650,8.700
0503100000032610,B,68.88,1994,Pand in gebruik,woonfunctie,984,10.050,10.550,10.850,0.800,1582,0.550,10.000
0503100000032612,A,52.37,1966,Pand in gebruik,woonfunctie,1708,4.450,4.450,4.450,0.000,3620,-1.150,5.600
0503100000032613,A,52.83,1966,Pand in gebruik,woonfunctie,1694,5.350,5.450,5.450,0.100,4193,-0.650,6.100
0503100000032614,A,8.78,1966,Pand in gebruik,,275,1.050,1.150,1.150,0.100,1573,-1.150,2.300
0503100000032615,A,9.18,1966,Pand in gebruik,,294,1.650,1.650,1.750,0.100,2387,-0.750,2.400
0503100000032616,A,9.01,1966,Pand in gebruik,,295,1.550,1.650,1.650,0.100,2108,-0.750,2.400
0503100000032617,A,52.27,1966,Pand in gebruik,woonfunctie,1660,4.450,4.450,4.450,0.000,2961,-1.150,5.600
0503100000032618,A,52.97,1966,Pand in gebruik,woonfunctie,1694,5.150,5.150,5.150,0.000,3654,-0.950,6.100
0503100000030399,B,149.87,1985,Pand in gebruik,woonfunctie,3717,1.750,4.250,5.250,3.500,7333,-1.250,5.500
0503100000030400,A,9.28,1966,Pand in gebruik,,244,0.350,0.450,0.450,0.100,2146,-1.750,2.200
0503100000030401,B,50.11,2005,Pand in gebruik,woonfunctie,804,8.850,8.850,8.850,0.000,1164,0.450,8.400
0503100000030402,B,7.59,2005,Pand in gebruik,,117,2.850,2.850,2.850,0.000,969,0.450,2.400
0503100000030403,B,9.38,1996,Pand in gebruik,,145,3.150,3.150,3.150,0.000,1074,0.650,2.500
0503100000030404,B,10.33,2005,Pand in gebruik,,159,3.250,3.250,3.250,0.000,1207,0.650,2.600
0503100000030937,B,47.42,1969,Pand in gebruik,woonfunctie,1131,5.550,6.750,7.450,1.900,1343,-1.550,8.300
0503100000030938,B,47.44,1969,Pand in gebruik,woonfunctie,1154,5.250,6.650,7.350,2.100,1234,-1.550,8.200
0503100000030939,B,47.44,1969,Pand in gebruik,woonfunctie,1150,5.250,6.650,7.350,2.100,1164,-1.550,8.200
0503100000030940,B,55.90,1969,Pand in gebruik,woonfunctie,1355,4.950,6.550,7.350,2.400,2706,-1.650,8.200
0503100000030941,B,8.35,1969,Pand in gebruik,,211,0.850,0.850,2.050,1.200,1619,-1.650,2.500
0503100000030942,B,61.97,1969,Pand in gebruik,woonfunctie,1473,4.550,6.650,7.350,2.800,2085,-1.550,8.200
0503100000030944,B,48.96,1969,Pand in gebruik,woonfunctie,1206,5.350,6.650,7.350,2.000,2069,-1.650,8.300
0503100000030945,B,47.36,1969,Pand in gebruik,woonfunctie,1134,5.450,6.650,7.350,1.900,1414,-1.450,8.100
0503100000030946,B,61.97,1969,Pand in gebruik,woonfunctie,1482,4.650,6.550,7.350,2.700,2566,-1.550,8.100
0503100000030947,B,47.49,1969,Pand in gebruik,woonfunctie,1161,5.350,6.650,7.350,2.000,1591,-1.550,8.200
0503100000030948,B,47.19,1969,Pand in gebruik,woonfunctie,1142,5.350,6.650,7.350,2.000,1392,-1.550,8.200
0503100000031730,B,67.17,1977,Pand in gebruik,woonfunctie,2373,3.950,6.450,7.250,3.300,3285,-1.350,7.800
0503100000030950,B,47.57,1969,Pand in gebruik,woonfunctie,1142,5.350,6.650,7.350,2.000,1504,-1.450,8.100
0503100000031731,B,52.05,1977,Pand in gebruik,woonfunctie,861,5.050,6.350,6.650,1.600,1457,-1.550,7.900
0503100000030951,B,61.69,1969,Pand in gebruik,woonfunctie,1478,4.650,6.550,7.350,2.700,2404,-1.550,8.100
0503100000031732,B,8.28,1977,Pand in gebruik,,116,0.850,0.850,0.850,0.000,1031,-1.750,2.600
0503100000030952,B,61.80,1969,Pand in gebruik,woonfunctie,1411,4.650,6.550,7.350,2.700,2147,-1.650,8.200
0503100000031733,A,62.00,1969,Pand in gebruik,woonfunctie,2624,8.750,9.950,10.450,1.700,2456,-1.450,11.400
0503100000030953,B,69.02,1969,Pand in gebruik,woonfunctie,1647,4.250,6.450,7.250,3.000,3061,-1.850,8.300
0503100000031734,A,9.23,1967,Pand in gebruik,,273,1.350,1.350,1.350,0.000,2280,-0.950,2.300
0503100000030954,B,47.41,1969,Pand in gebruik,woonfunctie,1147,6.450,6.650,7.350,0.900,1279,-1.450,8.100
0503100000029499,B,5.93,1985,Pand in gebruik,,205,2.150,2.150,2.250,0.100,3020,-0.150,2.300
0503100000030955,B,6.10,1993,Pand in gebruik,,133,0.950,0.950,0.950,0.000,1695,-1.550,2.500
0503100000030956,B,60.13,1993,Pand in gebruik,woonfunctie,1227,6.850,6.850,6.850,0.000,2437,-1.550,8.400
0503100000033579,B,1352.41,1986,Pand in gebruik,industriefunctie,67540,6.250,8.450,9.550,3.300,10059,-1.450,9.900
0503100000030957,B,47.38,1993,Pand in gebruik,woonfunctie,775,6.850,6.850,6.850,0.000,2351,-1.550,8.400
0503100000030958,B,93.19,1998,Pand in gebruik,woonfunctie,2162,4.050,6.850,6.950,2.900,1831,-1.650,8.500
0503100000030959,B,74.44,1998,Pand in gebruik,woonfunctie,1755,6.750,6.750,6.750,0.000,1923,-1.650,8.400
0503100000030960,B,74.46,1998,Pand in gebruik,woonfunctie,1741,6.750,6.750,6.750,0.000,1405,-1.750,8.500
0503100000030961,B,48.82,1969,Pand in gebruik,woonfunctie,2396,5.350,6.650,7.350,2.000,5534,-1.750,8.400
0503100000030962,B,8.61,1969,Pand in gebruik,,259,0.750,0.750,0.850,0.100,2003,-1.650,2.400
0503100000030963,B,66.56,1971,Pand in gebruik,woonfunctie,2788,4.650,6.450,7.250,2.600,5208,-1.650,8.100
0503100000030964,B,64.55,1971,Pand in gebruik,woonfunctie,2747,4.650,6.350,7.150,2.500,4313,-1.550,7.900
0503100000030965,B,66.30,1971,Pand in gebruik,woonfunctie,2814,4.750,6.450,7.250,2.500,5978,-1.450,7.900
0503100000030966,B,64.99,1971,Pand in gebruik,woonfunctie,1671,4.750,6.450,7.350,2.600,2300,-1.350,7.800
0503100000030967,A,16.82,1961,Pand in gebruik,overige gebruiksfunctie,499,2.050,2.050,2.050,0.000,1870,-0.550,2.600
0503100000030968,A,16.91,1961,Pand in gebruik,overige gebruiksfunctie,371,2.050,2.050,2.050,0.000,2527,-0.550,2.600
0503100000030969,B,183.39,1961,Pand in gebruik,woonfunctie,3234,9.750,9.950,10.050,0.300,3559,-0.350,10.300
0503100000031309,B,2412.50,1972,Pand in gebruik,,140521,3.450,3.750,7.150,3.700,40192,-1.750,5.500
0503100000033595,B,12.67,2009,Pand in gebruik,,289,1.450,1.650,1.850,0.400,1350,-1.550,3.200
0503100000033596,B,15.99,1990,Pand in gebruik,,400,1.250,1.250,1.250,0.000,2512,-1.350,2.600
0503100000033597,B,11.76,2000,Pand in gebruik,,283,1.150,1.250,1.450,0.300,2145,-1.250,2.500
0503100000031310,B,679.59,1968,Pand in gebruik,bijeenkomstfunctie,32940,2.150,4.650,4.750,2.600,17415,-1.450,6.100
0503100000033602,B,19.96,1972,Pand in gebruik,overige gebruiksfunctie,375,2.450,2.450,2.450,0.000,2100,-0.050,2.500
0503100000031312,A,24.24,1970,Pand in gebruik,overige gebruiksfunctie,700,2.850,2.850,2.850,0.000,2639,-0.450,3.300
0503100000031787,B,9.34,1930,Pand in gebruik,,168,2.450,2.650,2.650,0.200,1427,-0.050,2.700
0503100000031788,B,41.70,1930,Pand in gebruik,woonfunctie,762,5.250,6.950,7.850,2.600,1306,0.050,6.900
0503100000031789,B,7.52,1930,Pand in gebruik,,125,2.350,2.450,2.550,0.200,936,-0.150,2.600
0503100000030012,B,51.40,1977,Pand in gebruik,woonfunctie,862,3.850,4.050,4.150,0.300,1503,-1.650,5.700
0503100000030013,B,53.46,1977,Pand in gebruik,woonfunctie,900,3.950,4.150,4.150,0.200,1627,-1.450,5.600
0503100000030014,B,11.85,1982,Pand in gebruik,,186,1.050,1.050,1.150,0.100,1494,-1.450,2.500
0503100000030015,B,7.85,1977,Pand in gebruik,,121,0.850,0.850,0.850,0.000,762,-1.750,2.600
0503100000030016,B,8.17,1977,Pand in gebruik,,124,0.850,0.850,0.850,0.000,1152,-1.650,2.500
0503100000030017,B,51.99,1977,Pand in gebruik,woonfunctie,1168,5.150,6.750,6.850,1.700,2172,-1.550,8.300
0503100000032697,A,9.42,1966,Pand in gebruik,,298,1.050,1.050,1.150,0.100,2010,-1.250,2.300
0503100000031345,B,66.69,1977,Pand in gebruik,woonfunctie,2315,3.650,6.550,7.350,3.700,4152,-1.550,8.100
0503100000030018,B,485.04,1978,Pand in gebruik,woonfunctie,11220,8.550,9.850,10.650,2.100,9226,-1.650,11.500
0503100000032698,B,112.93,1994,Pand in gebruik,overige gebruiksfunctie,3556,2.950,2.950,2.950,0.000,5140,-0.550,3.500
0503100000032700,B,5.35,1982,Pand in gebruik,,81,2.550,2.750,2.850,0.300,838,0.250,2.500
0503100000030023,A,9.75,1966,Pand in gebruik,,403,1.050,1.050,1.050,0.000,3408,-1.450,2.500
0503100000032701,B,47.90,1982,Pand in gebruik,woonfunctie,740,6.950,8.350,9.150,2.200,1213,0.250,8.100
0503100000032702,B,9.44,1982,Pand in gebruik,,149,2.450,2.650,2.750,0.300,1449,0.150,2.500
0503100000030025,A,9.72,1966,Pand in gebruik,,526,0.950,0.950,0.950,0.000,3855,-1.450,2.400
0503100000030028,B,10.34,2005,Pand in gebruik,,161,3.150,3.150,3.150,0.000,1201,0.650,2.500
0503100000029549,B,5.15,1985,Pand in gebruik,,165,2.250,2.350,2.350,0.100,2156,-0.150,2.500
0503100000030030,B,47.95,1982,Pand in gebruik,woonfunctie,758,6.950,8.450,9.150,2.200,1292,0.250,8.200
0503100000029550,B,5.15,1985,Pand in gebruik,,176,2.250,2.250,2.350,0.100,1507,-0.150,2.400
0503100000030031,B,47.91,1982,Pand in gebruik,woonfunctie,737,6.950,8.350,9.150,2.200,1223,0.250,8.100
0503100000031359,A,323.35,1971,Pand in gebruik,woonfunctie,8203,35.350,35.350,37.950,2.600,3906,-1.250,36.600
0503100000031360,A,208.26,1967,Pand in gebruik,woonfunctie,5095,24.050,24.150,27.150,3.100,2630,-1.450,25.600
0503100000031361,A,208.85,1968,Pand in gebruik,woonfunctie,5383,24.150,24.150,27.150,3.000,2660,-1.450,25.600
0503100000031362,A,653.27,1965,Pand in gebruik,woonfunctie,23749,4.750,7.550,7.550,2.800,23441,-0.950,8.500
0503100000031363,A,962.34,1967,Pand in gebruik,woonfunctie,30270,50.750,50.850,54.350,3.600,11198,-0.150,51.000
0503100000032242,B,68.11,1931,Pand in gebruik,woonfunctie,1161,8.550,10.650,11.650,3.100,1098,-0.050,10.700
0503100000031364,A,972.36,1971,Pand in gebruik,"gezondheidszorgfunctie,woonfunctie",31209,53.350,53.350,56.750,3.400,12216,-0.150,53.500
0503100000032243,B,69.61,1931,Pand in gebruik,woonfunctie,1173,8.550,10.550,11.550,3.000,2282,-0.050,10.600
0503100000031365,A,208.05,1967,Pand in gebruik,woonfunctie,8829,23.850,27.450,27.450,3.600,4443,-1.750,29.200
0503100000031367,A,29.15,1964,Pand in gebruik,overige gebruiksfunctie,1231,1.150,1.150,1.350,0.200,5968,-1.950,3.100
0503100000031368,A,55.12,1966,Pand in gebruik,woonfunctie,1880,4.250,4.250,4.350,0.100,3423,-1.650,5.900
0503100000030498,A,9.32,1966,Pand in gebruik,,242,0.250,0.250,0.250,0.000,2544,-1.750,2.000
0503100000030499,B,7.78,2005,Pand in gebruik,,119,2.650,2.650,2.650,0.000,863,0.350,2.300
0503100000030500,B,7.17,1994,Pand in gebruik,,112,3.250,3.250,3.350,0.100,898,0.550,2.700
0503100000030501,B,12.97,1994,Pand in gebruik,,198,3.050,3.150,3.150,0.100,843,0.450,2.700
0503100000031377,A,59.88,2009,Pand in gebruik,woonfunctie,4238,9.250,12.150,12.250,3.000,0,,
0503100000031378,A,56.68,2009,Pand in gebruik,woonfunctie,3720,9.150,9.250,9.350,0.200,0,,
0503100000031379,A,56.68,2009,Pand in gebruik,woonfunctie,2953,9.150,9.150,9.250,0.100,0,,
0503100000031380,A,55.65,2009,Pand in gebruik,woonfunctie,1851,9.150,9.150,9.250,0.100,129,-0.150,9.300
0503100000034084,A,8.93,2011,Pand in gebruik,,278,2.350,2.350,2.350,0.000,3158,-0.050,2.400
0503100000031381,A,56.67,2009,Pand in gebruik,woonfunctie,1870,9.150,9.150,9.250,0.100,0,,
0503100000030049,A,1236.04,2009,Pand in gebruik,"overige gebruiksfunctie,winkelfunctie,woonfunctie",38284,31.950,34.750,34.950,3.000,12037,-0.050,34.800
0503100000031382,A,56.67,2009,Pand in gebruik,woonfunctie,1982,9.250,12.050,12.150,2.900,0,,
0503100000030050,A,56.66,2009,Pand in gebruik,woonfunctie,1839,9.150,9.250,9.350,0.200,0,,
0503100000031383,A,56.67,2009,Pand in gebruik,woonfunctie,1842,9.250,9.350,9.450,0.200,0,,
0503100000030051,A,56.66,2009,Pand in gebruik,woonfunctie,1905,9.150,9.150,9.250,0.100,0,,
0503100000031822,A,53.63,1967,Pand in gebruik,woonfunctie,1828,5.550,6.950,6.950,1.400,2701,-1.650,8.600
0503100000030052,A,781.72,2009,Pand in gebruik,woonfunctie,36138,12.050,12.250,15.150,3.100,0,,
0503100000031823,A,9.21,1967,Pand in gebruik,,321,0.450,0.450,0.550,0.100,2209,-1.750,2.200
0503100000031824,A,800.43,1966,Pand in gebruik,"overige gebruiksfunctie,woonfunctie",30128,18.250,18.350,18.350,0.100,15540,-1.450,19.800
0503100000031036,B,47.48,1969,Pand in gebruik,woonfunctie,1144,5.450,6.750,7.450,2.000,1214,-1.550,8.300
0503100000031037,B,63.85,1969,Pand in gebruik,woonfunctie,1581,4.450,6.550,7.250,2.800,3180,-1.650,8.200
0503100000031038,B,49.13,1969,Pand in gebruik,woonfunctie,2375,5.450,6.650,7.450,2.000,2517,-1.550,8.200
0503100000031039,B,61.98,1969,Pand in gebruik,woonfunctie,1573,4.350,6.550,7.250,2.900,3795,-1.650,8.200
0503100000031040,B,47.43,1969,Pand in gebruik,woonfunctie,1172,5.350,6.650,7.350,2.000,2089,-1.550,8.200
0503100000031041,B,47.53,1969,Pand in gebruik,woonfunctie,1335,5.050,6.550,7.350,2.300,2282,-1.550,8.100
0503100000031042,B,62.01,1969,Pand in gebruik,woonfunctie,1889,1.150,6.350,7.150,6.000,4650,-1.750,8.100
0503100000033679,B,22.16,2011,Pand in gebruik,,555,0.850,0.950,1.050,0.200,2750,-1.750,2.700
0503100000031043,B,64.22,1969,Pand in gebruik,woonfunctie,2694,4.350,6.550,7.350,3.000,5994,-1.750,8.300
0503100000033680,B,8.49,2011,Pand in gebruik,,148,0.750,0.750,0.850,0.100,1622,-1.850,2.600
0503100000030526,B,7.98,1981,Pand in gebruik,,265,0.850,0.850,0.950,0.100,2022,-1.550,2.400
0503100000030527,B,52.68,1982,Pand in gebruik,woonfunctie,1807,4.750,6.950,7.850,3.100,2563,-1.550,8.500
0503100000031044,B,54.77,1969,Pand in gebruik,woonfunctie,1885,4.850,6.550,7.250,2.400,4713,-1.650,8.200
0503100000031045,B,61.69,1969,Pand in gebruik,woonfunctie,2089,4.150,6.150,7.050,2.900,3614,-1.650,7.800
0503100000031046,B,61.63,1969,Pand in gebruik,woonfunctie,1776,3.950,6.450,7.150,3.200,3728,-1.750,8.200
0503100000031837,B,968.92,1979,Pand in gebruik,"industriefunctie,winkelfunctie,woonfunctie",48442,4.450,4.550,4.550,0.100,27617,-1.750,6.300
0503100000031047,B,47.71,1969,Pand in gebruik,woonfunctie,1176,5.350,6.750,7.350,2.000,2218,-1.650,8.400
0503100000031838,B,97.50,2001,Pand in gebruik,industriefunctie,3181,4.750,4.850,4.850,0.100,2080,-0.750,5.600
0503100000031048,B,47.39,1969,Pand in gebruik,woonfunctie,1140,5.350,6.750,7.450,2.100,1977,-1.650,8.400
0503100000031839,B,1503.53,1990,Pand in gebruik,"sportfunctie,winkelfunctie",23570,6.050,6.150,6.250,0.200,7471,0.250,5.900
0503100000031049,B,47.46,1969,Pand in gebruik,woonfunctie,2354,5.350,6.650,7.350,2.000,3020,-1.450,8.100
0503100000031050,B,47.46,1969,Pand in gebruik,woonfunctie,2318,5.350,6.650,7.350,2.000,3732,-1.650,8.300
0503100000031051,B,47.17,1969,Pand in gebruik,woonfunctie,2328,5.350,6.650,7.450,2.100,4004,-1.650,8.300
0503100000031052,B,63.69,1969,Pand in gebruik,woonfunctie,3068,4.650,6.550,7.350,2.700,6735,-1.850,8.400
0503100000031053,B,61.65,1969,Pand in gebruik,woonfunctie,1964,3.850,6.550,7.250,3.400,3679,-1.650,8.200
0503100000031054,B,63.58,1969,Pand in gebruik,woonfunctie,3130,4.550,6.550,7.250,2.700,7124,-1.550,8.100
0503100000031055,B,47.61,1969,Pand in gebruik,woonfunctie,2324,6.550,6.850,7.450,0.900,3113,-1.550,8.400
0503100000031400,B,54.69,1977,Pand in gebruik,woonfunctie,893,5.750,6.750,6.850,1.100,2050,-1.650,8.400
0503100000031401,B,8.29,1977,Pand in gebruik,,134,0.850,0.850,0.850,0.000,1720,-1.750,2.600
0503100000031402,B,6.90,1977,Pand in gebruik,,125,0.750,0.750,0.750,0.000,1500,-1.650,2.400
0503100000031403,B,52.62,1977,Pand in gebruik,woonfunctie,819,4.150,4.250,4.350,0.200,1316,-1.450,5.700
0503100000031404,B,50.54,1977,Pand in gebruik,woonfunctie,782,4.250,6.650,6.650,2.400,1535,-1.550,8.200
0503100000031405,A,54.95,1969,Pand in gebruik,woonfunctie,2450,8.850,9.950,10.550,1.700,2197,-1.450,11.400
0503100000031406,A,17.47,1970,Pand in gebruik,overige gebruiksfunctie,557,2.250,2.350,2.350,0.100,2496,-0.250,2.600
0503100000034102,B,354.21,2014,Pand in gebruik,overige gebruiksfunctie,9306,9.450,10.250,10.650,1.200,5724,1.350,8.900
0503100000031407,A,17.38,1970,Pand in gebruik,overige gebruiksfunctie,556,2.250,2.350,2.350,0.100,1153,-0.250,2.600
0503100000031408,A,17.25,1970,Pand in gebruik,overige gebruiksfunctie,543,2.350,2.350,2.350,0.000,1428,-0.250,2.600
0503100000031409,A,17.29,1970,Pand in gebruik,overige gebruiksfunctie,554,2.250,2.350,2.350,0.100,1290,-0.350,2.700
0503100000030551,B,953.60,1971,Pand in gebruik,"winkelfunctie,woonfunctie",48241,4.350,8.550,8.750,4.400,13985,-1.750,10.300
0503100000031429,A,795.48,1966,Pand in gebruik,"overige gebruiksfunctie,woonfunctie",18066,18.150,18.150,18.250,0.100,10152,-1.750,19.900
0503100000031431,A,50.52,1966,Pand in gebruik,woonfunctie,1331,4.350,4.350,4.450,0.100,2200,-1.550,5.900
0503100000031432,A,52.72,1966,Pand in gebruik,woonfunctie,1311,4.350,4.350,4.350,0.000,1915,-1.450,5.800
0503100000031433,A,52.39,1966,Pand in gebruik,woonfunctie,1273,4.350,4.350,4.350,0.000,2243,-1.350,5.700
0503100000031434,A,52.93,1966,Pand in gebruik,woonfunctie,1380,4.350,4.350,4.350,0.000,2048,-1.550,5.900
0503100000031435,A,52.66,1966,Pand in gebruik,woonfunctie,1352,4.350,4.350,4.350,0.000,2194,-1.550,5.900
0503100000031436,A,52.52,1966,Pand in gebruik,woonfunctie,1395,4.350,4.350,4.350,0.000,3137,-1.550,5.900
0503100000031437,A,9.17,1966,Pand in gebruik,,233,0.350,0.450,0.450,0.100,1542,-1.850,2.300
0503100000033231,B,55.63,2011,Pand in gebruik,woonfunctie,1768,8.750,8.850,8.950,0.200,3965,-0.250,9.100
0503100000031438,A,53.67,1966,Pand in gebruik,woonfunctie,1374,4.350,4.350,4.450,0.100,3655,-1.550,5.900
0503100000033232,B,41.51,2011,Pand in gebruik,woonfunctie,1436,8.750,8.850,8.850,0.100,1564,-0.250,9.100
0503100000031439,A,50.09,1966,Pand in gebruik,woonfunctie,1326,4.350,4.350,4.350,0.000,1702,-1.450,5.800
0503100000031440,A,50.08,1966,Pand in gebruik,woonfunctie,1338,4.350,4.350,4.350,0.000,2026,-1.450,5.800
0503100000033233,B,41.51,2011,Pand in gebruik,woonfunctie,1455,8.750,8.850,8.850,0.100,1560,-0.250,9.100
0503100000031441,A,52.53,1966,Pand in gebruik,woonfunctie,1335,5.350,6.850,7.650,2.300,2509,-1.450,8.300
0503100000031442,A,52.48,1966,Pand in gebruik,woonfunctie,1354,4.350,4.350,4.350,0.000,2701,-1.550,5.900
0503100000031443,A,9.18,1966,Pand in gebruik,,227,0.150,0.250,0.250,0.100,2202,-1.750,2.000
0503100000033234,B,41.52,2011,Pand in gebruik,woonfunctie,1450,8.850,8.950,9.050,0.200,1545,-0.250,9.200
0503100000033235,B,41.52,2011,Pand in gebruik,woonfunctie,1458,8.750,8.850,8.850,0.100,1570,-0.250,9.100
0503100000033236,B,41.52,2011,Pand in gebruik,woonfunctie,1441,8.750,8.850,8.850,0.100,1571,-0.250,9.100
0503100000033237,B,41.51,2011,Pand in gebruik,woonfunctie,1432,8.850,8.950,9.050,0.200,1566,-0.250,9.200
0503100000033238,B,41.51,2011,Pand in gebruik,woonfunctie,1441,8.750,8.850,8.850,0.100,1580,-0.250,9.100
0503100000033239,B,41.52,2011,Pand in gebruik,woonfunctie,1456,8.750,8.850,8.850,0.100,1698,-0.250,9.100
0503100000033240,B,63.47,2011,Pand in gebruik,woonfunctie,2105,8.750,8.850,8.850,0.100,2497,-0.250,9.100
0503100000033241,B,63.44,2011,Pand in gebruik,woonfunctie,2100,8.750,8.750,8.850,0.100,2933,-0.250,9.000
0503100000031456,B,92.42,1971,Pand in gebruik,kantoorfunctie,6196,3.450,3.550,3.550,0.100,10569,-1.850,5.400
0503100000033242,B,63.44,2011,Pand in gebruik,woonfunctie,2120,8.750,8.850,8.950,0.200,3125,-0.250,9.100
0503100000033243,B,63.47,2011,Pand in gebruik,woonfunctie,2090,8.750,8.850,8.950,0.200,3554,-0.250,9.100
0503100000033244,B,46.76,2011,Pand in gebruik,woonfunctie,1055,2.850,3.050,4.850,2.000,3331,-0.150,3.200
0503100000033245,B,80.13,2011,Pand in gebruik,woonfunctie,2332,8.750,8.750,8.850,0.100,4376,-0.150,8.900
0503100000033246,B,41.47,2011,Pand in gebruik,woonfunctie,1474,8.750,8.750,8.850,0.100,859,-0.150,8.900
0503100000033247,B,41.49,2011,Pand in gebruik,woonfunctie,1484,8.750,8.750,8.850,0.100,846,-0.150,8.900
0503100000033248,B,41.49,2011,Pand in gebruik,woonfunctie,1435,8.750,8.750,8.850,0.100,862,-0.150,8.900
0503100000033249,B,41.50,2011,Pand in gebruik,woonfunctie,1456,8.750,8.750,8.850,0.100,842,-0.150,8.900
0503100000033250,B,41.49,2011,Pand in gebruik,woonfunctie,1475,8.750,8.750,8.850,0.100,824,-0.150,8.900
0503100000033251,B,41.50,2011,Pand in gebruik,woonfunctie,1469,8.750,8.750,8.850,0.100,793,-0.150,8.900
0503100000033252,B,41.49,2011,Pand in gebruik,woonfunctie,1456,8.750,8.750,8.850,0.100,802,-0.150,8.900
0503100000033253,B,41.49,2011,Pand in gebruik,woonfunctie,1440,8.750,8.750,8.850,0.100,948,-0.150,8.900
0503100000033254,B,63.48,2011,Pand in gebruik,woonfunctie,2127,8.750,8.750,8.850,0.100,1987,-0.150,8.900
0503100000033255,B,63.44,2011,Pand in gebruik,woonfunctie,2111,8.750,8.750,8.850,0.100,2675,-0.150,8.900
0503100000031919,B,277.16,1951,Pand in gebruik,overige gebruiksfunctie,10498,7.550,8.150,8.150,0.600,11424,0.150,8.000
0503100000033256,B,63.44,2011,Pand in gebruik,woonfunctie,2170,8.750,8.750,8.850,0.100,2864,-0.150,8.900
0503100000033257,B,63.47,2011,Pand in gebruik,woonfunctie,2144,8.750,8.850,8.950,0.200,3472,-0.150,9.000
0503100000033258,B,62.21,2011,Pand in gebruik,woonfunctie,2115,8.750,8.750,8.850,0.100,4469,-0.250,9.000
0503100000033259,B,62.21,2011,Pand in gebruik,woonfunctie,2042,8.750,8.850,8.850,0.100,2989,-0.250,9.100
0503100000033260,B,62.21,2011,Pand in gebruik,woonfunctie,2078,8.750,8.750,8.850,0.100,2961,-0.250,9.000
0503100000033261,B,62.21,2011,Pand in gebruik,woonfunctie,2106,8.750,8.750,8.850,0.100,3070,-0.250,9.000
0503100000033262,B,62.21,2011,Pand in gebruik,woonfunctie,2077,8.750,8.750,8.850,0.100,3124,-0.250,9.000
0503100000032367,B,20.77,1962,Pand in gebruik,overige gebruiksfunctie,356,2.350,2.450,2.450,0.100,2247,-0.250,2.700
0503100000033263,B,62.21,2011,Pand in gebruik,woonfunctie,2068,8.750,8.750,8.850,0.100,2983,-0.250,9.000
0503100000033264,B,62.20,2011,Pand in gebruik,woonfunctie,2103,8.750,8.750,8.850,0.100,2912,-0.250,9.000
0503100000033265,B,62.13,2011,Pand in gebruik,woonfunctie,2020,8.750,8.750,8.950,0.200,4636,-0.250,9.000
0503100000033266,B,5.33,2011,Pand in gebruik,,146,2.250,2.350,2.350,0.100,2050,-0.250,2.600
0503100000033267,B,5.28,2011,Pand in gebruik,,189,2.250,2.250,2.350,0.100,1520,-0.150,2.400
0503100000033268,B,5.28,2011,Pand in gebruik,,173,2.250,2.250,2.350,0.100,1486,-0.150,2.400
0503100000033269,B,5.36,2011,Pand in gebruik,,166,2.250,2.250,2.350,0.100,1632,-0.150,2.400
0503100000033270,B,5.36,2011,Pand in gebruik,,180,2.250,2.250,2.350,0.100,1919,-0.150,2.400
0503100000033271,B,5.28,2011,Pand in gebruik,,179,2.250,2.350,2.350,0.100,2322,-0.150,2.500
0503100000033274,B,5.28,2011,Pand in gebruik,,178,2.250,2.350,2.350,0.100,2411,-0.150,2.500
0503100000033275,B,5.37,2011,Pand in gebruik,,179,2.250,2.350,2.350,0.100,2160,-0.150,2.500
0503100000033277,B,5.36,2011,Pand in gebruik,,181,2.250,2.350,2.350,0.100,2136,-0.150,2.500
0503100000033278,B,5.28,2011,Pand in gebruik,,175,2.250,2.350,2.350,0.100,2330,-0.150,2.500
0503100000033280,B,5.28,2011,Pand in gebruik,,181,2.250,2.350,2.350,0.100,2139,-0.150,2.500
0503100000033281,B,5.36,2011,Pand in gebruik,,187,2.250,2.250,2.350,0.100,1805,-0.150,2.400
0503100000033282,B,5.36,2011,Pand in gebruik,,165,2.250,2.250,2.350,0.100,1591,-0.150,2.400
0503100000033283,B,5.28,2011,Pand in gebruik,,170,2.250,2.350,2.350,0.100,1555,-0.150,2.500
0503100000033284,B,5.28,2011,Pand in gebruik,,173,2.250,2.350,2.350,0.100,1620,-0.150,2.500
0503100000031516,B,132.85,1994,Pand in gebruik,industriefunctie,2003,5.450,5.550,5.550,0.100,605,0.050,5.500
0503100000033285,B,5.37,2011,Pand in gebruik,,168,2.250,2.350,2.350,0.100,2054,-0.150,2.500
0503100000033286,B,5.58,2011,Pand in gebruik,,184,2.250,2.250,2.350,0.100,1752,-0.150,2.400
0503100000033287,B,5.03,2011,Pand in gebruik,,168,2.250,2.350,2.350,0.100,1612,-0.150,2.500
0503100000033288,B,5.58,2011,Pand in gebruik,,198,2.250,2.250,2.350,0.100,1614,-0.150,2.400
0503100000033289,B,4.73,2011,Pand in gebruik,,172,2.250,2.250,2.350,0.100,1595,-0.150,2.400
0503100000033290,B,5.27,2011,Pand in gebruik,,179,2.250,2.250,2.350,0.100,1780,-0.150,2.400
0503100000033291,B,5.58,2011,Pand in gebruik,,202,2.250,2.350,2.350,0.100,1823,-0.150,2.500
0503100000032408,B,58.86,1994,Pand in gebruik,woonfunctie,946,6.650,7.350,7.550,0.900,1309,0.450,6.900
0503100000033292,B,5.58,2011,Pand in gebruik,,197,2.250,2.250,2.350,0.100,2044,-0.150,2.400
0503100000033293,B,5.00,2011,Pand in gebruik,,183,2.250,2.350,2.350,0.100,1818,-0.150,2.500
0503100000033294,B,5.00,2011,Pand in gebruik,,153,2.250,2.350,2.350,0.100,1876,-0.150,2.500
0503100000033295,B,5.58,2011,Pand in gebruik,,197,2.250,2.250,2.350,0.100,1855,-0.150,2.400
0503100000033296,B,5.58,2011,Pand in gebruik,,199,2.250,2.250,2.350,0.100,1671,-0.150,2.400
0503100000033297,B,5.00,2011,Pand in gebruik,,169,2.250,2.350,2.350,0.100,1747,-0.150,2.500
0503100000033298,B,5.00,2011,Pand in gebruik,,165,2.250,2.250,2.350,0.100,1740,-0.150,2.400
0503100000033299,B,5.58,2011,Pand in gebruik,,194,2.250,2.250,2.350,0.100,1724,-0.150,2.400
0503100000033300,B,5.58,2011,Pand in gebruik,,190,2.250,2.250,2.350,0.100,2093,-0.150,2.400
0503100000033301,B,5.00,2011,Pand in gebruik,,167,2.250,2.350,2.350,0.100,1827,-0.150,2.500
0503100000033305,A,2868.49,2010,Pand in gebruik,"overige gebruiksfunctie,winkelfunctie",92674,21.750,21.750,22.850,1.100,11223,-0.150,21.900
0503100000033312,A,3.42,1970,Pand in gebruik,overige gebruiksfunctie,145,0.350,0.350,0.450,0.100,5662,-1.950,2.300
0503100000031549,B,5.49,1993,Pand in gebruik,,184,0.850,0.850,0.950,0.100,2891,-1.550,2.400
0503100000031551,B,76.50,1998,Pand in gebruik,woonfunctie,1782,6.750,6.750,6.850,0.100,1835,-1.650,8.400
0503100000031554,B,64.98,1971,Pand in gebruik,woonfunctie,2007,4.850,6.550,7.350,2.500,3346,-1.350,7.900
0503100000031555,B,64.56,1971,Pand in gebruik,woonfunctie,2800,4.650,6.450,7.250,2.600,4551,-1.450,7.900
0503100000031556,B,49.44,1990,Pand in gebruik,woonfunctie,1250,6.250,6.850,7.250,1.000,2296,-1.450,8.300
0503100000032908,A,502.33,2009,Pand in gebruik,"overige gebruiksfunctie,woonfunctie",17182,17.950,17.950,18.050,0.100,2715,0.650,17.300
0503100000034229,A,86.98,2014,Pand in gebruik,overige gebruiksfunctie,2776,4.450,4.550,4.650,0.200,7157,0.150,4.400
0503100000033352,A,70.01,2011,Pand in gebruik,winkelfunctie,2266,3.150,4.450,4.450,1.300,6251,-0.150,4.600
0503100000034243,B,12.14,1975,Pand in gebruik,overige gebruiksfunctie,209,2.050,2.150,2.350,0.300,1297,-0.250,2.400
0503100000032936,B,72.94,1969,Pand in gebruik,woonfunctie,1770,1.950,6.550,7.150,5.200,2506,-1.550,8.100
0503100000032937,B,61.74,1969,Pand in gebruik,woonfunctie,2404,4.150,6.550,7.150,3.000,3936,-1.650,8.200
0503100000032938,B,47.32,1969,Pand in gebruik,woonfunctie,2372,5.350,6.650,7.350,2.000,3748,-1.650,8.300
0503100000032942,B,63.60,1977,Pand in gebruik,woonfunctie,1686,3.050,6.550,6.650,3.600,2302,-1.450,8.000
0503100000032476,A,10.74,1966,Pand in gebruik,overige gebruiksfunctie,424,1.250,1.350,1.550,0.300,5250,-1.850,3.200
0503100000032487,B,1291.32,1966,Pand in gebruik,woonfunctie,23721,14.150,14.150,14.150,0.000,4594,-0.250,14.400
0503100000032956,A,3378.19,1967,Pand in gebruik,"bijeenkomstfunctie,overige gebruiksfunctie,winkelfunctie,woonfunctie",108160,3.750,15.550,15.550,11.800,37525,-0.150,15.700
0503100000032957,B,497.80,1962,Pand in gebruik,"bijeenkomstfunctie,overige gebruiksfunctie,winkelfunctie,woonfunctie",16316,18.350,20.450,20.450,2.100,9640,-0.050,20.500
0503100000036119,B,149.06,2019,Pand in gebruik,,4783,6.450,6.450,6.550,0.100,6101,-0.650,7.100
0503100000032968,A,3.35,1968,Pand in gebruik,overige gebruiksfunctie,162,0.650,0.750,0.750,0.100,5263,-1.750,2.500
0503100000032524,B,60.05,1996,Pand in gebruik,woonfunctie,891,6.450,6.950,7.150,0.700,1549,0.550,6.400
0503100000032528,B,7.63,1996,Pand in gebruik,,117,3.150,3.150,3.250,0.100,1044,0.650,2.500
0503100000032529,B,10.33,2005,Pand in gebruik,,164,3.150,3.250,3.250,0.100,1211,0.650,2.600
0503100000032553,B,1085.37,1987,Pand in gebruik,"kantoorfunctie,woonfunctie",25883,4.950,8.050,8.250,3.300,12635,-1.950,10.000
0503100000037099,B,29.18,2021,Pand in gebruik,woonfunctie,679,1.550,1.950,2.050,0.500,4341,-1.850,3.800
0503100000033908,B,9.89,2005,Pand in gebruik,,252,0.850,0.850,0.850,0.000,2419,-1.750,2.600
0503100000033909,B,9.55,2005,Pand in gebruik,,238,0.250,0.550,0.650,0.400,2380,-1.750,2.300
0503100000033910,B,10.77,2005,Pand in gebruik,,285,0.350,0.550,0.750,0.400,2754,-1.750,2.300
0503100000033911,B,10.31,2005,Pand in gebruik,,213,0.250,0.550,0.650,0.400,2702,-1.750,2.300
0503100000033912,B,29.02,1996,Pand in gebruik,,647,1.250,1.350,1.350,0.100,1548,-1.150,2.500
0503100000037113,B,5245.49,2022,Pand in gebruik,"overige gebruiksfunctie,woonfunctie",74543,3.150,12.450,18.250,15.100,11139,0.050,12.400
0503100000037115,B,53.51,2022,Pand in gebruik,woonfunctie,808,9.350,9.650,9.750,0.400,547,0.050,9.600
0503100000037116,B,53.51,2022,Pand in gebruik,woonfunctie,843,9.350,9.550,9.650,0.300,619,0.050,9.500
0503100000036648,B,16.55,1969,Pand in gebruik,,687,0.550,0.750,0.750,0.200,4220,-1.850,2.600
0503100000037117,B,50.14,2022,Pand in gebruik,woonfunctie,799,9.350,9.550,9.650,0.300,626,0.050,9.500
0503100000037118,B,50.15,2022,Pand in gebruik,woonfunctie,785,9.350,9.550,9.650,0.300,621,0.050,9.500
0503100000037119,B,50.14,2022,Pand in gebruik,woonfunctie,803,9.350,9.550,9.650,0.300,630,0.050,9.500
0503100000037120,B,50.13,2022,Pand in gebruik,woonfunctie,802,9.350,9.650,9.650,0.300,634,0.050,9.600
0503100000037121,B,60.16,2022,Pand in gebruik,woonfunctie,961,9.350,9.550,9.650,0.300,667,0.050,9.500
0503100000037122,B,53.45,2022,Pand in gebruik,woonfunctie,865,9.350,9.550,9.650,0.300,634,0.050,9.500
0503100000037123,B,50.10,2022,Pand in gebruik,woonfunctie,794,9.350,9.550,9.650,0.300,627,0.050,9.500
0503100000037124,B,60.10,2022,Pand in gebruik,woonfunctie,958,9.350,9.550,9.650,0.300,683,0.050,9.500
0503100000037125,B,50.09,2022,Pand in gebruik,woonfunctie,793,9.350,9.550,9.650,0.300,623,0.050,9.500
0503100000037126,B,50.07,2022,Pand in gebruik,woonfunctie,784,9.350,9.550,9.650,0.300,636,0.050,9.500
0503100000037127,B,53.40,2022,Pand in gebruik,woonfunctie,847,9.350,9.550,9.650,0.300,643,0.050,9.500
0503100000037128,B,50.05,2022,Pand in gebruik,woonfunctie,792,9.350,9.550,9.650,0.300,630,0.050,9.500
0503100000037592,B,54.06,2023,Pand in gebruik,woonfunctie,806,12.250,12.250,12.250,0.000,613,0.250,12.000
0503100000037129,B,60.05,2022,Pand in gebruik,woonfunctie,950,9.350,9.550,9.650,0.300,680,0.050,9.500
0503100000033984,A,929.64,2011,Pand in gebruik,woonfunctie,24471,2.150,5.450,5.650,3.500,15683,-1.450,6.900
0503100000037593,B,55.84,2023,Pand in gebruik,woonfunctie,814,12.250,12.250,12.350,0.100,614,0.250,12.000
0503100000037130,B,53.37,2022,Pand in gebruik,woonfunctie,846,9.350,9.550,9.650,0.300,644,0.050,9.500
0503100000037131,B,50.02,2022,Pand in gebruik,woonfunctie,794,9.350,9.550,9.650,0.300,629,0.050,9.500
0503100000037594,B,596.05,2023,Pand in gebruik,"gezondheidszorgfunctie,woonfunctie",9188,12.950,13.050,13.050,0.100,3008,0.350,12.700
0503100000037132,B,60.00,2022,Pand in gebruik,woonfunctie,939,9.450,9.550,9.650,0.200,679,0.050,9.500
0503100000037133,B,53.33,2022,Pand in gebruik,woonfunctie,847,9.350,9.550,9.650,0.300,644,0.050,9.500
0503100000037134,B,59.99,2022,Pand in gebruik,woonfunctie,944,9.350,9.650,9.650,0.300,686,0.050,9.600
0503100000037135,B,49.98,2022,Pand in gebruik,woonfunctie,785,9.350,9.550,9.650,0.300,645,0.050,9.500
0503100000037136,B,59.96,2022,Pand in gebruik,woonfunctie,947,9.350,9.550,9.650,0.300,693,0.050,9.500
0503100000037137,B,66.61,2022,Pand in gebruik,woonfunctie,1061,9.350,9.550,9.650,0.300,717,0.050,9.500
0503100000037138,B,59.93,2022,Pand in gebruik,woonfunctie,933,9.350,9.550,9.650,0.300,660,0.050,9.500
0503100000036673,B,11.05,2014,Pand in gebruik,,249,0.150,0.150,0.250,0.100,3065,-2.150,2.300
0503100000037139,B,63.48,2022,Pand in gebruik,woonfunctie,1505,9.450,9.650,9.750,0.300,1484,0.050,9.600
0503100000037140,B,57.02,2022,Pand in gebruik,woonfunctie,1714,9.350,9.550,10.150,0.800,3354,0.050,9.500
0503100000037141,B,49.85,2022,Pand in gebruik,woonfunctie,1552,9.350,9.550,9.650,0.300,1470,0.050,9.500
0503100000037142,B,49.87,2022,Pand in gebruik,woonfunctie,1558,9.450,9.550,9.650,0.200,1350,0.050,9.500
0503100000037143,B,49.88,2022,Pand in gebruik,woonfunctie,1590,9.350,9.550,9.650,0.300,1348,0.050,9.500
0503100000037144,B,49.90,2022,Pand in gebruik,woonfunctie,1558,9.350,9.550,9.650,0.300,1338,0.050,9.500
0503100000037145,B,49.91,2022,Pand in gebruik,woonfunctie,1576,9.450,9.550,9.650,0.200,1296,0.050,9.500
0503100000037146,B,49.92,2022,Pand in gebruik,woonfunctie,1402,9.450,9.550,9.650,0.200,1244,0.050,9.500
0503100000035751,B,6.01,2017,Pand in gebruik,,184,2.450,2.550,2.550,0.100,1740,-0.150,2.700
0503100000037147,B,49.95,2022,Pand in gebruik,woonfunctie,1598,12.450,12.550,12.650,0.200,1234,0.050,12.500
0503100000034020,A,12.96,2011,Pand in gebruik,,291,1.250,1.250,1.350,0.100,896,-1.250,2.500
0503100000035752,B,5.95,2017,Pand in gebruik,,188,2.550,2.550,2.550,0.000,1626,-0.150,2.700
0503100000037148,B,49.95,2022,Pand in gebruik,woonfunctie,1592,12.450,12.550,12.650,0.200,1114,0.050,12.500
0503100000035753,B,6.01,2017,Pand in gebruik,,183,2.450,2.450,2.550,0.100,1867,-0.150,2.600
0503100000037149,B,49.97,2022,Pand in gebruik,woonfunctie,1392,12.450,12.550,12.650,0.200,1016,0.050,12.500
0503100000035754,B,5.91,2017,Pand in gebruik,,184,2.450,2.450,2.450,0.000,1970,-0.150,2.600
0503100000037151,B,96.65,2022,Pand in gebruik,woonfunctie,1380,12.250,12.550,12.650,0.400,636,0.050,12.500
0503100000035757,B,6.00,2017,Pand in gebruik,,208,2.550,2.550,2.550,0.000,1766,-0.150,2.700
0503100000036702,B,10.08,2018,Pand in gebruik,,174,2.150,2.150,2.250,0.100,1836,-0.250,2.400
0503100000037152,B,74.08,2022,Pand in gebruik,woonfunctie,1085,12.350,12.550,12.650,0.300,614,0.050,12.500
0503100000035758,B,7.10,2017,Pand in gebruik,,224,2.550,2.550,2.550,0.000,1807,-0.150,2.700
0503100000034041,B,54.93,1996,Pand in gebruik,,1419,1.150,1.250,1.250,0.100,3152,-1.650,2.900
0503100000035759,B,6.02,2017,Pand in gebruik,,210,2.450,2.450,2.550,0.100,1967,-0.150,2.600
0503100000035760,B,5.91,2017,Pand in gebruik,,220,2.450,2.450,2.450,0.000,2047,-0.150,2.600
0503100000037153,B,67.69,2022,Pand in gebruik,woonfunctie,1092,12.350,12.550,12.650,0.300,639,0.050,12.500
0503100000037154,B,61.26,2022,Pand in gebruik,woonfunctie,993,12.350,12.550,12.650,0.300,603,0.050,12.500
0503100000037155,B,54.40,2022,Pand in gebruik,woonfunctie,869,12.350,12.550,12.650,0.300,574,0.050,12.500
0503100000037156,B,61.07,2022,Pand in gebruik,woonfunctie,980,12.350,12.550,12.650,0.300,628,0.050,12.500
0503100000035763,A,1249.07,2018,Pand in gebruik,"bijeenkomstfunctie,woonfunctie",35380,42.750,42.950,42.950,0.200,6203,-0.150,43.100
0503100000037157,B,67.70,2022,Pand in gebruik,woonfunctie,1032,12.350,12.550,12.650,0.300,673,0.050,12.500
0503100000037158,B,54.50,2022,Pand in gebruik,woonfunctie,848,12.350,12.550,12.650,0.300,597,0.050,12.500
0503100000036714,A,1157.65,2020,Pand in gebruik,woonfunctie,38147,18.350,24.150,24.350,6.000,12714,-0.150,24.300
0503100000034055,B,19.90,1992,Pand in gebruik,,512,0.650,0.750,0.850,0.200,2367,-1.650,2.400
0503100000037159,B,54.18,2022,Pand in gebruik,woonfunctie,824,12.350,12.550,12.650,0.300,563,0.050,12.500
0503100000034056,B,12.95,1992,Pand in gebruik,,332,0.650,0.750,0.750,0.100,2286,-1.650,2.400
0503100000033559,B,12.59,1930,Pand in gebruik,,193,2.350,2.550,2.650,0.300,1587,-0.050,2.600
0503100000037160,B,60.37,2022,Pand in gebruik,woonfunctie,965,12.350,12.550,12.650,0.300,549,0.050,12.500
0503100000037161,B,53.64,2022,Pand in gebruik,woonfunctie,854,12.350,12.550,12.650,0.300,676,0.050,12.500
0503100000033561,A,86.46,2011,Pand in gebruik,winkelfunctie,2131,3.150,4.550,4.550,1.400,3945,-0.050,4.600
0503100000033564,B,87.92,2010,Pand in gebruik,,1397,3.850,4.050,4.150,0.300,2576,0.750,3.300
0503100000036724,B,2445.19,2022,Pand in gebruik,"bijeenkomstfunctie,overige gebruiksfunctie,woonfunctie",82544,15.750,21.950,62.350,46.600,25887,-0.150,22.100
0503100000033565,B,108.20,2010,Pand in gebruik,,1584,3.050,3.150,3.150,0.100,3152,0.750,2.400
0503100000037162,B,53.65,2022,Pand in gebruik,woonfunctie,756,9.350,9.550,9.650,0.300,738,0.050,9.500
0503100000033567,A,2562.60,2012,Pand in gebruik,"bijeenkomstfunctie,overige gebruiksfunctie,winkelfunctie,woonfunctie",114301,13.050,20.950,38.650,25.600,48533,-0.050,21.000
0503100000037163,B,60.35,2022,Pand in gebruik,woonfunctie,971,9.350,9.550,9.650,0.300,788,0.050,9.500
0503100000033568,A,51.46,2012,Pand in gebruik,woonfunctie,1686,12.050,12.250,12.350,0.300,914,-0.250,12.500
0503100000033569,A,51.46,2012,Pand in gebruik,woonfunctie,1703,9.950,12.150,12.150,2.200,960,-0.250,12.400
0503100000033570,A,51.45,2012,Pand in gebruik,woonfunctie,1643,10.050,12.050,12.150,2.100,1031,-0.250,12.300
0503100000037164,B,53.64,2022,Pand in gebruik,woonfunctie,845,9.350,9.550,9.650,0.300,790,0.050,9.500
0503100000033571,A,51.45,2012,Pand in gebruik,woonfunctie,1606,10.150,12.050,12.150,2.000,1042,-0.250,12.300
0503100000033572,A,51.44,2012,Pand in gebruik,woonfunctie,1673,10.050,12.050,12.150,2.100,1041,-0.250,12.300
0503100000037165,B,53.64,2022,Pand in gebruik,woonfunctie,868,9.350,9.550,9.650,0.300,790,0.050,9.500
0503100000033573,A,51.44,2012,Pand in gebruik,woonfunctie,1654,12.050,12.050,12.250,0.200,1103,-0.050,12.100
0503100000033574,A,51.44,2012,Pand in gebruik,woonfunctie,1690,10.050,12.050,12.150,2.100,976,-0.150,12.200
0503100000037166,B,53.62,2022,Pand in gebruik,woonfunctie,845,9.350,9.550,9.650,0.300,790,0.050,9.500
0503100000033575,A,51.44,2012,Pand in gebruik,woonfunctie,1669,10.050,12.050,12.150,2.100,1009,-0.250,12.300
0503100000037167,B,53.62,2022,Pand in gebruik,woonfunctie,854,9.350,9.550,9.650,0.300,793,0.050,9.500
0503100000037168,B,53.62,2022,Pand in gebruik,woonfunctie,865,9.350,9.650,9.650,0.300,805,0.050,9.600
0503100000037169,B,53.61,2022,Pand in gebruik,woonfunctie,848,9.350,9.550,9.650,0.300,792,0.050,9.500
0503100000037170,B,60.30,2022,Pand in gebruik,woonfunctie,949,9.450,9.650,9.650,0.200,840,0.050,9.600
0503100000037171,B,53.60,2022,Pand in gebruik,woonfunctie,860,12.450,12.550,12.650,0.200,773,0.050,12.500
0503100000037172,B,50.26,2022,Pand in gebruik,woonfunctie,806,12.350,12.550,12.650,0.300,732,0.050,12.500
0503100000037173,B,60.35,2022,Pand in gebruik,woonfunctie,953,12.350,12.550,12.650,0.300,805,0.050,12.500
0503100000038122,B,115.50,1977,Pand in gebruik,woonfunctie,2831,4.750,6.850,7.650,2.900,3789,-1.150,8.000
0503100000038123,B,116.22,1977,Pand in gebruik,woonfunctie,2835,4.750,6.850,7.650,2.900,3954,-1.150,8.000
0503100000035282,A,959.18,2016,Pand in gebruik,"winkelfunctie,woonfunctie",28841,42.750,42.750,42.950,0.200,3910,-0.150,42.900
0503100000038124,B,119.69,1977,Pand in gebruik,woonfunctie,2953,4.750,6.850,7.650,2.900,4272,-1.150,8.000
0503100000038134,B,613.71,2022,Pand in gebruik,woonfunctie,11690,23.650,26.950,27.050,3.400,2854,0.050,26.900
0503100000038135,B,597.66,2022,Pand in gebruik,"winkelfunctie,woonfunctie",18608,23.750,23.850,24.050,0.300,7150,0.050,23.800
0503100000034782,A,3.52,1965,Pand in gebruik,,88,0.550,0.650,0.650,0.100,2157,-1.750,2.400
0503100000034801,B,6.71,1970,Pand in gebruik,,464,3.450,3.550,3.550,0.100,3976,-1.850,5.400
0503100000034816,B,8.94,2013,Pand in gebruik,overige gebruiksfunctie,452,1.150,1.150,1.150,0.000,6674,-1.350,2.500
0503100000034819,B,3.64,2015,Pand in gebruik,,55,2.050,2.050,2.150,0.100,1316,-0.250,2.300
0503100000037708,B,7.17,2008,Pand in gebruik,,179,0.850,0.850,0.850,0.000,2072,-1.550,2.400
0503100000037210,A,7.52,2019,Pand in gebruik,,254,1.950,2.150,2.250,0.300,3767,-0.150,2.300
0503100000037212,B,16.32,2013,Pand in gebruik,,409,0.950,0.950,1.050,0.100,2740,-1.550,2.500
0503100000037213,B,7.46,2011,Pand in gebruik,,194,0.550,0.750,0.850,0.300,2077,-1.550,2.300
0503100000037214,B,11.64,2001,Pand in gebruik,,232,0.650,0.750,0.850,0.200,2614,-1.550,2.300
0503100000037714,B,19.60,2021,Pand in gebruik,,341,2.150,2.150,2.150,0.000,2107,-0.350,2.500
0503100000037216,B,28.47,2018,Pand in gebruik,overige gebruiksfunctie,368,2.750,2.750,2.750,0.000,2691,-0.050,2.800
0503100000038184,A,996.55,2023,Pand in gebruik,onderwijsfunctie,0,,,,,57049,-2.050,
0503100000038188,B,14.86,2022,Pand in gebruik,kantoorfunctie,251,2.650,2.650,2.650,0.000,3047,-0.050,2.700
0503100000035337,A,6911.73,2017,Pand in gebruik,"overige gebruiksfunctie,winkelfunctie,woonfunctie",248399,11.750,12.250,24.350,12.600,40253,-0.150,12.400
0503100000034844,A,16.33,2014,Pand in gebruik,overige gebruiksfunctie,375,2.550,2.650,2.650,0.100,2017,-0.150,2.800
0503100000036827,A,64.17,2020,Pand in gebruik,,2038,2.350,2.750,2.950,0.600,5553,-0.850,3.600
0503100000036830,B,53.79,2019,Pand in gebruik,woonfunctie,1354,1.950,2.050,2.050,0.100,5084,-1.850,3.900
0503100000038209,B,23.06,2023,Pand in gebruik,,0,,,,,4756,-0.350,
0503100000036831,B,19.07,2019,Pand in gebruik,woonfunctie,449,1.550,1.750,1.850,0.300,3465,-1.850,3.600
0503100000038210,B,6.00,2023,Pand in gebruik,,0,,,,,3711,-0.350,
0503100000038212,A,28.46,2023,Pand in gebruik,,0,,,,,14866,-1.950,
0503100000036832,B,18.94,2019,Pand in gebruik,woonfunctie,484,1.350,1.750,1.850,0.500,3570,-1.850,3.600
0503100000036833,B,50.03,2019,Pand in gebruik,woonfunctie,1126,1.650,1.750,1.850,0.200,4886,-1.850,3.600
0503100000036834,B,19.01,2019,Pand in gebruik,woonfunctie,473,1.350,1.650,1.750,0.400,3847,-1.850,3.500
0503100000036835,B,18.39,2019,Pand in gebruik,woonfunctie,382,2.250,2.550,2.650,0.400,3076,-1.950,4.500
0503100000036836,B,30.06,2019,Pand in gebruik,woonfunctie,785,1.750,2.050,2.050,0.300,4700,-1.850,3.900
0503100000036837,B,10.84,2019,Pand in gebruik,overige gebruiksfunctie,275,0.950,1.050,1.150,0.200,3361,-1.850,2.900
0503100000036839,B,20.05,2019,Pand in gebruik,woonfunctie,535,1.450,1.650,1.750,0.300,4017,-1.850,3.500
0503100000038250,B,2111.91,2024,Pand in gebruik,onderwijsfunctie,0,,,,,52603,-0.250,
0503100000036853,B,16.80,2019,Pand in gebruik,woonfunctie,367,1.350,1.750,1.850,0.500,3150,-1.950,3.700
0503100000038258,A,24.22,2023,Pand in gebruik,,0,,,,,6915,-0.550,
0503100000038260,A,4.19,2023,Pand in gebruik,,0,,,,,5597,-0.050,
0503100000036860,B,26.87,2019,Pand in gebruik,overige gebruiksfunctie,671,3.250,3.250,3.250,0.000,5492,0.550,2.700
0503100000035372,B,2217.08,2017,Pand in gebruik,"bijeenkomstfunctie,overige gebruiksfunctie,woonfunctie",71033,4.250,13.050,13.450,9.200,22516,-0.150,13.200
0503100000034895,A,1165.69,2015,Pand in gebruik,"overige gebruiksfunctie,winkelfunctie,woonfunctie",57107,42.650,42.850,42.950,0.300,8292,-0.150,43.000
0503100000035380,B,68.41,2017,Pand in gebruik,woonfunctie,2265,8.950,9.150,9.650,0.700,4962,-0.250,9.400
0503100000036881,B,6.13,2019,Pand in gebruik,,151,0.350,0.450,0.450,0.100,1504,-1.950,2.400
0503100000036884,B,6.18,2020,Pand in gebruik,,94,2.850,2.850,2.950,0.100,1124,0.250,2.600
0503100000034482,A,4535.81,2014,Pand in gebruik,woonfunctie,141632,15.250,15.250,15.450,0.200,35190,-0.250,15.500
0503100000036885,B,6.17,2020,Pand in gebruik,,85,2.850,2.850,2.950,0.100,1159,0.250,2.600
0503100000036886,B,6.16,2020,Pand in gebruik,,91,2.850,2.850,2.950,0.100,1230,0.250,2.600
0503100000036887,B,6.17,2020,Pand in gebruik,,92,2.850,2.850,2.950,0.100,1169,0.250,2.600
0503100000036888,B,6.18,2020,Pand in gebruik,,83,2.850,2.850,2.950,0.100,1187,0.250,2.600
0503100000036889,B,6.17,2020,Pand in gebruik,,90,2.850,2.850,2.950,0.100,1214,0.250,2.600
0503100000036890,B,6.17,2020,Pand in gebruik,,88,2.850,2.850,2.950,0.100,1355,0.250,2.600
0503100000036891,B,6.17,2020,Pand in gebruik,,96,2.850,2.850,2.950,0.100,1341,0.250,2.600
0503100000036892,B,55.37,2020,Pand in gebruik,woonfunctie,842,7.650,9.150,9.850,2.200,1568,0.250,8.900
0503100000035391,B,63.24,2017,Pand in gebruik,woonfunctie,2139,11.050,11.950,11.950,0.900,2753,-0.150,12.100
0503100000036893,B,55.37,2020,Pand in gebruik,woonfunctie,873,7.650,9.150,9.950,2.300,1477,0.250,8.900
0503100000035392,B,70.85,2017,Pand in gebruik,woonfunctie,2299,9.050,10.250,11.950,2.900,2809,-0.150,10.400
0503100000036894,B,55.37,2020,Pand in gebruik,woonfunctie,858,7.650,9.150,9.850,2.200,1528,0.250,8.900
0503100000036895,B,55.36,2020,Pand in gebruik,woonfunctie,866,7.650,9.150,9.950,2.300,1480,0.250,8.900
0503100000035393,B,74.84,2017,Pand in gebruik,woonfunctie,2528,9.050,10.150,11.950,2.900,4409,-0.250,10.400
0503100000036896,B,55.36,2020,Pand in gebruik,woonfunctie,860,7.650,9.150,9.850,2.200,1509,0.250,8.900
0503100000035394,B,74.70,2017,Pand in gebruik,woonfunctie,2559,8.950,9.050,9.450,0.500,4962,-0.150,9.200
0503100000036897,B,55.35,2020,Pand in gebruik,woonfunctie,867,7.650,9.150,9.850,2.200,1546,0.250,8.900
0503100000035395,B,61.53,2017,Pand in gebruik,woonfunctie,2186,11.150,11.950,11.950,0.800,2564,-0.150,12.100
0503100000036898,B,55.36,2020,Pand in gebruik,woonfunctie,858,7.650,9.150,9.850,2.200,1558,0.250,8.900
0503100000038371,B,6.17,2023,Pand in gebruik,,0,,,,,1053,0.450,
0503100000038372,B,6.20,2023,Pand in gebruik,,0,,,,,693,0.350,
0503100000036899,B,55.66,2020,Pand in gebruik,woonfunctie,858,7.650,9.150,9.950,2.300,1435,0.250,8.900
0503100000038373,B,6.20,2023,Pand in gebruik,,0,,,,,782,0.350,
0503100000035396,B,70.81,2017,Pand in gebruik,woonfunctie,2410,8.950,10.250,12.050,3.100,2714,-0.150,10.400
0503100000038374,B,6.20,2023,Pand in gebruik,,0,,,,,704,0.250,
0503100000038375,B,6.15,2023,Pand in gebruik,,0,,,,,944,0.250,
0503100000038376,B,6.19,2023,Pand in gebruik,,0,,,,,1340,0.250,
0503100000038377,B,6.18,2023,Pand in gebruik,,0,,,,,1269,0.250,
0503100000035397,B,75.14,2017,Pand in gebruik,woonfunctie,2653,10.550,11.950,12.050,1.500,2942,-0.150,12.100
0503100000038378,B,6.18,2023,Pand in gebruik,,0,,,,,1177,0.250,
0503100000038379,B,6.19,2023,Pand in gebruik,,0,,,,,945,0.250,
0503100000038380,B,6.19,2023,Pand in gebruik,,0,,,,,877,0.250,
0503100000038381,B,6.18,2023,Pand in gebruik,,0,,,,,897,0.350,
0503100000038383,A,37.44,2023,Pand in gebruik,overige gebruiksfunctie,962,2.950,3.050,3.050,0.100,2490,-0.350,3.400
0503100000038401,B,23.90,2024,Pand in gebruik,,0,,,,,2896,0.150,
0503100000038402,B,27.88,2024,Pand in gebruik,,2,2.650,2.650,2.650,0.000,2350,-0.150,2.800
0503100000038403,B,65.76,2024,Pand in gebruik,woonfunctie,0,,,,,3482,0.050,
0503100000038404,B,66.58,2024,Pand in gebruik,woonfunctie,0,,,,,3767,0.050,
0503100000038405,B,66.60,2024,Pand in gebruik,woonfunctie,0,,,,,3771,0.050,
0503100000038406,B,66.62,2024,Pand in gebruik,woonfunctie,0,,,,,3737,0.050,
0503100000038407,B,66.64,2024,Pand in gebruik,woonfunctie,0,,,,,3792,0.050,
0503100000038408,B,66.66,2024,Pand in gebruik,woonfunctie,0,,,,,3700,0.050,
0503100000038409,B,66.67,2024,Pand in gebruik,woonfunctie,0,,,,,3666,0.050,
0503100000038410,B,66.69,2024,Pand in gebruik,woonfunctie,0,,,,,3728,0.050,
0503100000038411,B,67.83,2024,Pand in gebruik,woonfunctie,0,,,,,3737,0.050,
0503100000038412,B,66.73,2024,Pand in gebruik,woonfunctie,0,,,,,3799,0.050,
0503100000038413,B,66.75,2024,Pand in gebruik,woonfunctie,0,,,,,3805,0.050,
0503100000038414,B,66.76,2024,Pand in gebruik,woonfunctie,0,,,,,3779,0.050,
0503100000038415,B,66.79,2024,Pand in gebruik,woonfunctie,0,,,,,3807,0.050,
0503100000038416,B,66.80,2024,Pand in gebruik,woonfunctie,0,,,,,3792,0.050,
0503100000038417,B,66.82,2024,Pand in gebruik,woonfunctie,0,,,,,3765,0.050,
0503100000034526,A,69.42,2013,Pand in gebruik,,6716,1.650,1.950,2.050,0.400,19736,-1.550,3.500
0503100000038418,B,68.98,2024,Pand in gebruik,woonfunctie,0,,,,,3729,-0.050,
0503100000034528,B,12.00,2008,Pand in gebruik,,281,1.150,1.350,1.350,0.200,2813,-1.250,2.600
0503100000036936,A,13.03,2019,Pand in gebruik,,322,0.750,0.750,0.750,0.000,2682,-1.850,2.600
0503100000036937,A,15.82,2019,Pand in gebruik,,376,0.950,0.950,0.950,0.000,2228,-1.750,2.700
0503100000036938,A,8.83,2018,Pand in gebruik,,231,0.450,0.450,0.450,0.000,2968,-1.850,2.300
0503100000036943,B,25.59,2020,Pand in gebruik,woonfunctie,661,1.650,1.850,1.950,0.300,3573,-1.950,3.800
0503100000036951,B,9.24,2008,Pand in gebruik,,209,0.250,0.250,0.750,0.500,1843,-2.050,2.300
0503100000036952,B,15.00,2008,Pand in gebruik,,335,0.150,0.250,0.350,0.200,2280,-2.050,2.300
0503100000036953,B,33.31,2020,Pand in gebruik,woonfunctie,822,1.450,1.950,2.050,0.600,4577,-1.950,3.900
0503100000036956,B,14.52,2015,Pand in gebruik,,353,0.850,0.850,0.850,0.000,2210,-1.650,2.500
0503100000034547,A,16.45,2011,Pand in gebruik,,516,0.850,0.850,0.850,0.000,3336,-1.550,2.400
0503100000034947,A,15.35,2010,Pand in gebruik,,742,1.750,1.750,1.750,0.000,6292,-0.950,2.700
0503100000036965,B,8.39,2007,Pand in gebruik,,1,0.650,0.650,0.650,0.000,1130,-1.450,2.100
0503100000034967,A,117.65,2004,Pand in gebruik,,3636,1.450,1.450,1.550,0.100,8082,-0.450,1.900
0503100000036987,B,12.87,2009,Pand in gebruik,,531,0.450,0.550,0.650,0.200,5423,-1.650,2.200
0503100000036993,B,28.25,2020,Pand in gebruik,woonfunctie,688,1.650,1.950,2.050,0.400,3317,-1.950,3.900
0503100000037321,B,81.41,2023,Pand in gebruik,"kantoorfunctie,woonfunctie",1189,16.950,19.750,19.750,2.800,499,2.050,17.700
0503100000035442,B,68.36,2016,Pand in gebruik,bijeenkomstfunctie,1589,2.950,3.750,4.150,1.200,4912,-0.950,4.700
0503100000037331,B,71.57,2023,Pand in gebruik,woonfunctie,1117,15.350,15.350,15.550,0.200,858,1.950,13.400
0503100000037335,A,1961.80,2023,Pand in gebruik,woonfunctie,46702,18.450,21.950,27.250,8.800,17416,-0.250,22.200
0503100000037336,A,1251.64,2023,Pand in gebruik,"bijeenkomstfunctie,overige gebruiksfunctie,woonfunctie",47784,39.650,63.350,63.650,24.000,10131,-0.250,63.600
0503100000037337,B,348.75,2023,Pand in gebruik,"kantoorfunctie,winkelfunctie,woonfunctie",5414,21.650,21.850,22.150,0.500,2427,0.750,21.100
0503100000037012,B,14.72,2018,Pand in gebruik,,337,0.650,0.750,0.750,0.100,2344,-1.850,2.600
0503100000037017,B,666.63,2022,Pand in gebruik,"industriefunctie,overige gebruiksfunctie,woonfunctie",10272,20.350,23.550,23.650,3.300,3962,0.050,23.500
0503100000035942,B,23.17,2018,Pand in gebruik,,574,4.350,4.350,4.350,0.000,3972,0.750,3.600
0503100000037362,B,89.89,2023,Pand in gebruik,woonfunctie,1406,16.150,16.350,16.450,0.300,1093,2.150,14.200
0503100000035479,B,23.39,1999,Pand in gebruik,,572,0.950,0.950,1.050,0.100,3275,-1.450,2.400
0503100000037878,B,15.68,2020,Pand in gebruik,,344,1.150,1.250,1.350,0.200,3011,-1.350,2.600
0503100000035052,B,3327.01,2017,Pand in gebruik,onderwijsfunctie,68833,11.850,13.250,13.350,1.500,18120,0.550,12.700
0503100000035053,B,55.85,2017,Pand in gebruik,,1841,3.550,3.550,3.550,0.000,6970,0.050,3.500
0503100000035054,B,192.41,2016,Pand in gebruik,overige gebruiksfunctie,6487,3.450,3.550,3.650,0.200,11197,0.050,3.500
0503100000036564,B,768.10,1995,Pand in gebruik,,26863,7.450,7.550,7.550,0.100,22239,0.150,7.400
0503100000036583,A,12.36,2016,Pand in gebruik,,315,1.050,1.050,1.150,0.100,2662,-1.450,2.500
0503100000036584,A,12.46,2016,Pand in gebruik,,219,1.050,1.150,1.150,0.100,3240,-1.450,2.600
0503100000036585,A,10.89,2016,Pand in gebruik,,383,0.850,0.950,4.650,3.800,1700,-1.450,2.400
0503100000037558,B,122.54,2023,Pand in gebruik,woonfunctie,1859,12.150,15.150,15.550,3.400,2616,1.850,13.300
0503100000037572,B,9.60,1994,Pand in gebruik,,156,0.550,0.650,0.650,0.100,1635,-1.550,2.200
0503100000037573,B,1078.16,2024,Pand in gebruik,"bijeenkomstfunctie,overige gebruiksfunctie,woonfunctie",16996,13.950,19.150,21.850,7.900,4038,0.250,18.900
0503100000037574,B,60.81,2024,Pand in gebruik,woonfunctie,0,,,,,2997,0.050,
0503100000037579,B,64.28,2023,Pand in gebruik,woonfunctie,954,9.550,9.650,9.650,0.100,1007,0.350,9.300
0503100000037580,B,60.74,2023,Pand in gebruik,woonfunctie,916,9.550,9.650,9.650,0.100,698,0.250,9.400
0503100000037584,B,57.40,2023,Pand in gebruik,woonfunctie,853,9.550,9.650,9.950,0.400,1000,0.250,9.400
0503100000037585,B,51.53,2023,Pand in gebruik,woonfunctie,734,9.250,9.250,9.250,0.000,720,0.250,9.000
0503100000037586,B,54.27,2023,Pand in gebruik,woonfunctie,813,9.250,9.250,9.250,0.000,531,0.250,9.000
0503100000037587,B,53.91,2023,Pand in gebruik,woonfunctie,784,9.250,9.250,11.850,2.600,443,0.250,9.000
0503100000037590,B,54.13,2023,Pand in gebruik,woonfunctie,814,12.250,12.250,12.250,0.000,520,0.250,12.000
0503100000037591,B,54.00,2023,Pand in gebruik,woonfunctie,797,12.250,12.250,12.250,0.000,568,0.250,12.000
0503100000000189,B,689.60,1974,Pand in gebruik,"kantoorfunctie,woonfunctie",37676,4.550,7.850,7.950,3.400,17039,-1.650,9.500
0503100000031244,B,1307.17,1966,Pand in gebruik,winkelfunctie,65917,6.150,8.350,9.450,3.300,4535,-1.450,9.800
0503100000038544,B,11.21,2012,Pand in gebruik,,0,,,,,1578,0.150,
0503100000038554,A,13.43,2022,Pand in gebruik,,306,1.850,1.950,2.050,0.200,3888,-0.250,2.200
0503100000006630,B,21.14,1985,Pand in gebruik,,329,2.050,2.150,2.150,0.100,3329,-0.250,2.400
0503100000038555,B,7.14,2021,Pand in gebruik,,0,,,,,1548,-0.250,
0503100000038556,A,7.43,2009,Pand in gebruik,,0,,,,,2942,-0.250,
0503100000038566,B,12.52,2022,Pand in gebruik,,0,,,,,1559,-0.250,
0503100000037556,B,86.15,2024,Pand in gebruik,woonfunctie,378,13.550,14.150,15.650,2.100,340,2.050,12.100
0503100000037559,B,86.86,2024,Pand in gebruik,woonfunctie,430,3.450,3.450,3.550,0.100,1265,1.950,1.500
0503100000037319,B,59.09,2023,Pand in gebruik,woonfunctie,863,12.050,12.050,12.150,0.100,1494,1.850,10.200
0503100000037320,B,56.54,2023,Pand in gebruik,woonfunctie,848,12.550,13.950,14.050,1.500,1323,1.850,12.100
0503100000037508,B,58.30,2024,Pand in gebruik,woonfunctie,401,2.150,2.650,2.650,0.500,1790,1.950,0.700
0503100000037555,B,58.46,2024,Pand in gebruik,woonfunctie,805,16.150,17.250,17.350,1.200,376,2.050,15.200
0503100000038601,B,7.94,1990,Pand in gebruik,,0,,,,,1643,-1.450,
0503100000038602,B,10.28,1990,Pand in gebruik,,0,,,,,2170,-1.350,
0503100000038603,B,6.16,1990,Pand in gebruik,,0,,,,,1251,-1.850,
0503100000038643,B,7.42,2014,Pand in gebruik,,0,,,,,1507,-2.050,
0503100000038645,B,22.96,2021,Pand in gebruik,,0,,,,,5852,-1.950,
0503100000038646,B,8.09,2021,Pand in gebruik,,128,1.050,1.050,1.050,0.000,881,-1.550,2.600
0503100000038647,B,6.19,2020,Pand in gebruik,,0,,,,,907,-1.950,
0503100000038648,B,6.39,2020,Pand in gebruik,,0,,,,,1096,-1.750,
0503100000038661,B,5.00,2020,Pand in gebruik,,0,,,,,3145,-1.550,
0503100000038662,B,6.30,2022,Pand in gebruik,,0,,,,,4165,-1.550,
0503100000038663,B,5.85,2009,Pand in gebruik,,0,,,,,3794,-1.650,
0503100000038664,B,25.31,2022,Pand in gebruik,,0,,,,,5194,-1.650,
0503100000038665,B,9.33,2018,Pand in gebruik,,0,,,,,2416,-1.750,
0503100000038675,A,5.80,2022,Pand in gebruik,,0,,,,,3497,-1.150,
0503100000038676,A,8.84,2014,Pand in gebruik,,0,,,,,9792,-1.550,
0503100000038677,A,8.33,1985,Pand in gebruik,,0,,,,,2305,-1.550,
0503100000038678,A,7.59,1985,Pand in gebruik,,0,,,,,2104,-1.850,
0503100000038679,A,4.49,2007,Pand in gebruik,,0,,,,,1504,-1.850,
0503100000038727,B,9.73,2014,Pand in gebruik,,0,,,,,2792,-1.150,
0503100000038730,B,14.07,2021,Pand in gebruik,,0,,,,,1838,-1.750,
0503100000038789,B,5.71,2019,Pand in gebruik,,0,,,,,2065,-1.350,
0503100000038819,B,5.17,1977,Pand in gebruik,,0,,,,,1735,-1.350,
0503100000038820,B,11.37,1977,Pand in gebruik,,0,,,,,2142,-1.350,
0503100000038821,B,9.73,1977,Pand in gebruik,,0,,,,,2101,-1.350,
0503100000038830,B,6.70,2002,Pand in gebruik,,0,,,,,2025,-1.450,
0503100000038831,B,4.59,2012,Pand in gebruik,,0,,,,,1645,-1.550,
0503100000038832,B,9.10,2016,Pand in gebruik,,0,,,,,1391,-1.350,
0503100000038833,B,7.27,1979,Pand in gebruik,,0,,,,,1593,-1.350,
0503100000038834,B,7.39,1979,Pand in gebruik,,0,,,,,1754,-1.350,
0503100000038835,B,7.52,1979,Pand in gebruik,,0,,,,,1715,-1.350,
0503100000038836,B,6.71,1979,Pand in gebruik,,0,,,,,1448,-1.350,
0503100000038837,B,7.82,1979,Pand in gebruik,,0,,,,,2030,-1.450,
0503100000038838,B,11.57,1979,Pand in gebruik,,0,,,,,1886,-1.350,
0503100000038839,B,10.19,1979,Pand in gebruik,,0,,,,,1772,-1.550,
0503100000038852,B,8.20,1979,Pand in gebruik,,0,,,,,2586,-1.750,
0503100000038855,B,7.45,2007,Pand in gebruik,,0,,,,,1759,-1.450,
0503100000038856,B,6.03,2009,Pand in gebruik,,0,,,,,1311,-1.650,
0503100000038857,B,8.55,1977,Pand in gebruik,,0,,,,,1724,-1.550,
0503100000038858,B,7.51,1977,Pand in gebruik,,0,,,,,1741,-1.450,
0503100000038859,B,7.79,1977,Pand in gebruik,,0,,,,,1878,-1.450,
0503100000038860,B,13.38,2013,Pand in gebruik,,0,,,,,1439,-1.750,
0503100000038861,B,6.38,2017,Pand in gebruik,,0,,,,,921,-1.550,
0503100000038862,B,8.54,1979,Pand in gebruik,,0,,,,,945,-1.550,
0503100000038863,B,5.84,1979,Pand in gebruik,,12,0.750,0.850,0.850,0.100,886,-1.750,2.600
0503100000038864,B,6.63,1977,Pand in gebruik,,0,,,,,1536,-1.450,
0503100000038871,B,12.63,2016,Pand in gebruik,,0,,,,,1727,-2.050,
0503100000038873,B,6.29,1977,Pand in gebruik,,0,,,,,2854,-1.950,
0503100000038874,B,8.54,2014,Pand in gebruik,,0,,,,,3172,-1.850,
0503100000038875,B,8.86,2017,Pand in gebruik,,0,,,,,1844,-1.950,
0503100000038876,B,7.25,2019,Pand in gebruik,,0,,,,,4828,-1.950,
0503100000038877,B,7.76,2009,Pand in gebruik,,0,,,,,5454,-2.150,
0503100000038878,B,5.79,2011,Pand in gebruik,,0,,,,,4559,-2.050,
0503100000038879,B,13.19,1982,Pand in gebruik,,0,,,,,4454,-2.150,
0503100000038880,B,5.75,2020,Pand in gebruik,,0,,,,,2996,-2.050,
0503100000038881,B,10.33,2009,Pand in gebruik,,0,,,,,3531,-2.050,
0503100000010423,B,50.11,1985,Pand in gebruik,,1724,0.650,1.050,1.250,0.600,5626,-2.250,3.300
0503100000010280,A,76.73,1969,Pand in gebruik,woonfunctie,1495,7.050,7.050,7.050,0.000,3534,-1.750,8.800
0503100000039551,B,6.07,2017,Pand in gebruik,,0,,,,,1685,-1.350,
0503100000039552,B,4.22,2012,Pand in gebruik,,0,,,,,1629,-1.350,
0503100000039553,B,9.45,2013,Pand in gebruik,,0,,,,,1713,-1.350,
0503100000039554,B,11.47,2014,Pand in gebruik,,0,,,,,1794,-1.350,
0503100000039555,B,13.22,2011,Pand in gebruik,,0,,,,,2277,-1.350,
0503100000039556,B,24.74,2020,Pand in gebruik,,0,,,,,2674,-1.350,
0503100000039560,B,11.19,2018,Pand in gebruik,,0,,,,,2343,-1.750,
0503100000039561,B,8.79,1998,Pand in gebruik,,0,,,,,1938,-1.650,
0503100000039562,B,15.50,2020,Pand in gebruik,,0,,,,,2517,-1.750,
0503100000039563,B,13.72,2017,Pand in gebruik,,0,,,,,2641,-1.550,
0503100000039564,B,9.00,2007,Pand in gebruik,,0,,,,,2576,-1.550,
0503100000039565,B,5.44,2014,Pand in gebruik,,0,,,,,1975,-1.450,
0503100000039566,B,14.06,2007,Pand in gebruik,,0,,,,,2319,-1.450,
0503100000038659,B,19.44,2024,Pand in gebruik,woonfunctie,418,1.350,1.950,2.150,0.800,3506,-1.850,3.800
0503100000039597,B,3.12,2024,Pand in gebruik,,0,,,,,2382,-1.850,
0503100000039600,A,12.46,1992,Pand in gebruik,,0,,,,,2885,-1.850,
0503100000039601,A,10.20,2011,Pand in gebruik,,0,,,,,2498,-1.850,
0503100000039602,A,6.47,2020,Pand in gebruik,,0,,,,,2304,-1.950,
0503100000039603,A,7.78,1988,Pand in gebruik,,0,,,,,1987,-2.050,
0503100000039604,A,13.81,2020,Pand in gebruik,,0,,,,,2463,-2.050,
0503100000039605,A,13.40,2021,Pand in gebruik,,0,,,,,2663,-1.650,
0503100000039606,A,15.41,2002,Pand in gebruik,,0,,,,,2580,-1.550,
0503100000039607,A,21.36,1991,Pand in gebruik,,0,,,,,3280,-1.550,
0503100000039608,A,13.77,2001,Pand in gebruik,,0,,,,,2392,-1.950,
0503100000039609,A,15.18,2001,Pand in gebruik,,0,,,,,2701,-1.950,
0503100000039610,A,16.44,2014,Pand in gebruik,,0,,,,,3004,-1.550,
0503100000039611,A,14.28,2018,Pand in gebruik,,0,,,,,2232,-1.550,
0503100000039612,A,17.71,2017,Pand in gebruik,,0,,,,,2349,-1.550,
0503100000039613,A,19.72,2004,Pand in gebruik,,0,,,,,3091,-1.550,
0503100000039614,A,5.96,2000,Pand in gebruik,,0,,,,,1597,-1.850,
0503100000039615,A,12.16,2015,Pand in gebruik,,0,,,,,3865,-1.750,
0503100000039616,A,3.56,1998,Pand in gebruik,,0,,,,,1797,-1.950,
0503100000039617,A,4.31,2009,Pand in gebruik,,0,,,,,1691,-1.950,
0503100000039618,A,4.70,1997,Pand in gebruik,,0,,,,,1817,-1.950,
0503100000039619,A,5.97,1997,Pand in gebruik,,0,,,,,2337,-1.950,
0503100000039620,A,7.58,1997,Pand in gebruik,,0,,,,,1748,-2.050,
0503100000039621,A,5.02,1998,Pand in gebruik,,0,,,,,2494,-2.050,
0503100000039622,A,6.53,2020,Pand in gebruik,,0,,,,,1615,-1.850,
0503100000039623,A,5.26,1992,Pand in gebruik,,0,,,,,1577,-1.750,
0503100000039624,A,17.66,2017,Pand in gebruik,,0,,,,,2291,-1.750,
0503100000039625,A,9.77,2020,Pand in gebruik,,0,,,,,4764,-1.450,
0503100000039626,A,3.15,2009,Pand in gebruik,,0,,,,,3332,-1.450,
0503100000039627,A,3.05,2015,Pand in gebruik,,0,,,,,3179,-1.350,
0503100000039628,A,6.00,2011,Pand in gebruik,,0,,,,,6431,-1.750,
0503100000039629,A,2.81,2022,Pand in gebruik,,0,,,,,4370,-1.750,
0503100000039630,A,2.06,2016,Pand in gebruik,,0,,,,,4992,-1.750,
0503100000039631,A,5.93,2015,Pand in gebruik,,0,,,,,3451,-1.750,
0503100000039632,A,9.51,2007,Pand in gebruik,,0,,,,,4720,-1.750,
0503100000039633,A,2.62,2016,Pand in gebruik,,0,,,,,2722,-1.650,
0503100000039634,A,5.45,1988,Pand in gebruik,,0,,,,,2133,-1.650,
0503100000039635,A,7.72,1988,Pand in gebruik,,0,,,,,3574,-1.750,
0503100000039636,A,8.00,1988,Pand in gebruik,,0,,,,,2273,-1.550,
0503100000039637,A,3.60,2015,Pand in gebruik,,0,,,,,3571,-1.750,
0503100000039638,A,10.38,2009,Pand in gebruik,,0,,,,,4935,-1.850,
0503100000039639,A,6.62,2018,Pand in gebruik,,0,,,,,2485,-1.750,
0503100000039640,A,9.71,2015,Pand in gebruik,,0,,,,,4110,-1.850,
0503100000039641,A,10.92,2021,Pand in gebruik,,0,,,,,3869,-1.950,
0503100000039642,A,12.57,2021,Pand in gebruik,,0,,,,,4988,-2.050,
0503100000039643,A,6.81,2009,Pand in gebruik,,0,,,,,4860,-2.050,
0503100000039644,A,4.09,1997,Pand in gebruik,,0,,,,,2888,-1.850,
0503100000039645,A,17.10,2017,Pand in gebruik,,0,,,,,4535,-2.150,
0503100000039646,A,4.88,1998,Pand in gebruik,,0,,,,,2022,-1.850,
0503100000039647,A,16.79,2020,Pand in gebruik,,0,,,,,2684,-1.850,
0503100000039648,A,8.84,2019,Pand in gebruik,,0,,,,,2070,-1.650,
0503100000039649,A,13.14,2014,Pand in gebruik,,0,,,,,3725,-1.450,
0503100000039650,A,17.69,2009,Pand in gebruik,,0,,,,,4764,-1.250,
0503100000039651,A,14.64,2020,Pand in gebruik,,0,,,,,5179,-1.250,
0503100000039652,A,7.89,2017,Pand in gebruik,,0,,,,,2392,-0.450,
0503100000039653,A,5.99,2022,Pand in gebruik,,0,,,,,2031,-0.450,
0503100000039654,A,7.42,2007,Pand in gebruik,,0,,,,,2555,-0.250,
0503100000039655,A,109.03,2002,Pand in gebruik,,0,,,,,9230,-0.850,
0503100000039656,A,4.65,1989,Pand in gebruik,,239,1.750,1.850,1.850,0.100,4581,-0.150,2.000
0503100000039657,B,10.47,1985,Pand in gebruik,,0,,,,,1545,-0.050,
0503100000039658,B,2.73,2014,Pand in gebruik,,1,2.650,2.650,2.650,0.000,1033,-0.350,3.000
0503100000039659,B,3.36,2012,Pand in gebruik,,0,,,,,1294,-0.350,
0503100000039660,B,3.16,2014,Pand in gebruik,,0,,,,,1410,-0.250,
0503100000039661,B,2.56,2012,Pand in gebruik,,0,,,,,1518,-0.150,
0503100000039662,B,5.95,2016,Pand in gebruik,,20,2.650,2.750,2.750,0.100,1036,-0.350,3.100
0503100000039663,B,5.00,2016,Pand in gebruik,,37,2.650,2.750,2.750,0.100,1083,-0.350,3.100
0503100000039664,B,4.54,2016,Pand in gebruik,,12,2.650,2.750,2.750,0.100,1083,-0.350,3.100
0503100000039665,B,5.45,2019,Pand in gebruik,,0,,,,,6010,-1.350,
0503100000039666,B,8.42,1980,Pand in gebruik,,0,,,,,5608,-1.350,
0503100000039667,B,6.02,1980,Pand in gebruik,,0,,,,,6284,-1.350,
0503100000039668,B,3.51,1980,Pand in gebruik,,0,,,,,5685,-1.350,
0503100000039669,B,11.34,2009,Pand in gebruik,,0,,,,,6565,-1.350,
0503100000039672,B,8.10,2020,Pand in gebruik,,0,,,,,2072,-1.650,
0503100000039673,B,6.15,2010,Pand in gebruik,,0,,,,,2031,-1.850,
0503100000039675,B,7.02,2009,Pand in gebruik,,0,,,,,2830,-1.650,
0503100000039676,B,9.60,2018,Pand in gebruik,,0,,,,,2649,-1.550,
0503100000039677,B,7.63,1997,Pand in gebruik,,0,,,,,2556,-1.550,
0503100000039678,B,13.54,1997,Pand in gebruik,,0,,,,,3104,-1.550,
0503100000039679,B,6.16,1997,Pand in gebruik,,0,,,,,2384,-1.450,
0503100000039680,B,12.67,2020,Pand in gebruik,,0,,,,,3245,-1.450,
0503100000039681,B,4.25,1990,Pand in gebruik,,0,,,,,1713,-2.050,
0503100000039682,B,6.99,1990,Pand in gebruik,,0,,,,,983,-1.950,
0503100000039683,B,16.47,1990,Pand in gebruik,,0,,,,,1943,-1.950,
0503100000039684,B,8.73,2021,Pand in gebruik,,0,,,,,1447,-1.950,
0503100000039685,B,5.85,2022,Pand in gebruik,,0,,,,,2314,-2.250,
0503100000039686,B,13.82,2019,Pand in gebruik,,0,,,,,2017,-2.250,
0503100000039687,B,17.05,2017,Pand in gebruik,,0,,,,,3337,-1.450,
0503100000039715,B,5.53,2011,Pand in gebruik,,0,,,,,4302,-1.550,
0503100000039716,B,9.46,2010,Pand in gebruik,,0,,,,,4223,-1.550,
0503100000039717,B,8.60,2012,Pand in gebruik,,0,,,,,4009,-1.550,
0503100000039718,B,8.61,2012,Pand in gebruik,,0,,,,,4000,-1.550,
0503100000039719,B,16.61,2012,Pand in gebruik,,0,,,,,5074,-1.550,
0503100000039720,B,13.12,2013,Pand in gebruik,,0,,,,,4706,-1.550,
0503100000039722,B,8.37,1990,Pand in gebruik,,0,,,,,4478,-1.450,
0503100000039723,B,10.09,2019,Pand in gebruik,,0,,,,,3699,-1.450,
0503100000039724,B,19.74,2014,Pand in gebruik,,0,,,,,3221,-1.550,
0503100000039725,B,12.98,2013,Pand in gebruik,,0,,,,,2385,-1.550,
0503100000039726,B,18.40,2014,Pand in gebruik,,0,,,,,2993,-1.450,
0503100000039727,B,6.07,2007,Pand in gebruik,,0,,,,,2622,-1.450,
0503100000039728,B,9.71,2007,Pand in gebruik,,0,,,,,2606,-1.450,
0503100000039729,B,8.25,2012,Pand in gebruik,,0,,,,,2808,-1.450,
0503100000039730,B,7.51,2021,Pand in gebruik,,0,,,,,4226,-1.550,
0503100000039731,B,8.60,2020,Pand in gebruik,,0,,,,,2615,-1.450,
0503100000039734,B,7.09,2018,Pand in gebruik,,0,,,,,3721,-1.450,
0503100000039735,B,16.84,2020,Pand in gebruik,,0,,,,,4737,-1.450,
0503100000039736,B,10.61,2013,Pand in gebruik,,0,,,,,4895,-1.550,
0503100000039737,B,13.87,2016,Pand in gebruik,,0,,,,,4782,-1.550,
0503100000039738,B,8.44,2009,Pand in gebruik,,0,,,,,4061,-1.650,
0503100000039739,B,7.06,2020,Pand in gebruik,,0,,,,,3948,-1.650,
0503100000039740,B,8.47,2019,Pand in gebruik,,0,,,,,4391,-1.550,
0503100000039741,B,6.19,2009,Pand in gebruik,,0,,,,,3280,-1.450,
0503100000039742,B,10.17,2019,Pand in gebruik,,0,,,,,4206,-1.450,
0503100000039743,B,15.84,2018,Pand in gebruik,,0,,,,,4951,-1.950,
0503100000039744,B,20.43,1985,Pand in gebruik,,0,,,,,5638,-1.750,
0503100000039745,B,13.41,1985,Pand in gebruik,,0,,,,,4786,-1.650,
0503100000039746,B,11.21,1971,Pand in gebruik,,0,,,,,3729,-1.650,
0503100000039747,B,19.75,1971,Pand in gebruik,,0,,,,,4637,-1.650,
0503100000039748,B,6.13,2016,Pand in gebruik,,0,,,,,3729,-1.650,
0503100000039749,B,7.47,2015,Pand in gebruik,,0,,,,,4321,-1.650,
0503100000039750,B,5.60,2014,Pand in gebruik,,0,,,,,3385,-1.550,
0503100000039751,B,8.01,1985,Pand in gebruik,,0,,,,,3792,-1.650,
0503100000039752,B,7.42,2008,Pand in gebruik,,0,,,,,3394,-1.650,
0503100000039754,B,10.99,2017,Pand in gebruik,,0,,,,,4519,-1.650,
0503100000039755,B,4.68,2009,Pand in gebruik,,0,,,,,4131,-1.650,
0503100000039756,B,5.41,1987,Pand in gebruik,,0,,,,,4055,-1.650,
0503100000039757,B,10.03,1987,Pand in gebruik,,0,,,,,4442,-1.650,
0503100000039758,B,3.12,2021,Pand in gebruik,,0,,,,,2570,-1.450,
0503100000039759,B,9.97,2009,Pand in gebruik,,0,,,,,3092,-1.550,
0503100000039767,B,10.03,2013,Pand in gebruik,,0,,,,,2446,-1.750,
0503100000039768,B,7.61,2002,Pand in gebruik,,0,,,,,2026,-1.650,
0503100000039770,B,5.81,2017,Pand in gebruik,,0,,,,,1801,-1.650,
0503100000039772,B,11.68,2018,Pand in gebruik,,0,,,,,2266,-1.750,
0503100000039773,B,3.99,2016,Pand in gebruik,,0,,,,,1681,-1.750,
0503100000039774,B,7.69,2016,Pand in gebruik,,0,,,,,1745,-1.650,
0503100000039775,B,18.26,2018,Pand in gebruik,,0,,,,,2770,-1.650,
0503100000039792,B,5.64,2019,Pand in gebruik,,0,,,,,1526,-1.750,
0503100000039864,B,27.01,2024,Pand in gebruik,,0,,,,,2575,-2.150,
0503100000040289,B,9.06,1990,Pand in gebruik,,218,0.650,0.850,0.850,0.200,2679,-1.450,2.300
0503100000040290,B,9.22,1990,Pand in gebruik,,228,0.650,0.850,0.950,0.300,2580,-1.450,2.300
0503100000040291,B,8.63,1990,Pand in gebruik,,216,0.750,0.850,0.950,0.200,2692,-1.450,2.300
0503100000040344,B,6.90,2007,Pand in gebruik,,0,,,,,1320,0.250,
0503100000040345,B,4.72,2021,Pand in gebruik,,0,,,,,1445,0.150,
0503100000040346,B,7.95,1987,Pand in gebruik,,0,,,,,855,0.150,
0503100000040375,B,15.82,2015,Pand in gebruik,,0,,,,,2129,-0.150,
0503100000040376,B,10.13,2002,Pand in gebruik,,0,,,,,1754,-0.250,
0503100000040377,B,3.54,2021,Pand in gebruik,,0,,,,,1509,-0.250,
0503100000040378,B,9.07,2007,Pand in gebruik,,0,,,,,1621,-0.350,
0503100000040379,B,7.15,2020,Pand in gebruik,,0,,,,,1561,-0.250,
0503100000040380,B,6.04,2022,Pand in gebruik,,0,,,,,1850,-0.250,
0503100000040388,B,6.33,2013,Pand in gebruik,,0,,,,,1818,-0.250,
0503100000040389,B,5.44,2010,Pand in gebruik,,0,,,,,1623,-0.350,
0503100000040390,B,15.96,2011,Pand in gebruik,,0,,,,,2187,-0.450,
0503100000040391,B,6.47,2007,Pand in gebruik,,0,,,,,1725,-0.350,
0503100000040392,B,3.38,1997,Pand in gebruik,,0,,,,,1599,-0.350,
0503100000040429,B,4.25,2017,Pand in gebruik,,0,,,,,1673,-0.350,
0503100000040430,B,13.98,2019,Pand in gebruik,,0,,,,,1787,-0.450,
0503100000040431,B,7.70,2007,Pand in gebruik,,0,,,,,1667,-0.250,
0503100000038202,B,485.66,2025,Pand in gebruik,"kantoorfunctie,woonfunctie",397,19.950,19.950,20.050,0.100,4285,0.150,19.800
0503100000041047,B,99.92,2020,Pand in gebruik,kantoorfunctie,0,,,,,5488,-1.450,
0503100000012763,B,64.93,1977,Pand in gebruik,woonfunctie,1316,4.150,5.150,5.950,1.800,2491,-1.050,6.200
0503100000010026,B,70.63,1977,Pand in gebruik,woonfunctie,884,4.750,6.750,6.850,2.100,2312,-1.550,8.300
0503100000014307,B,65.86,1977,Pand in gebruik,woonfunctie,917,5.650,6.650,6.650,1.000,1590,-1.550,8.200
0503100000014308,B,71.33,1977,Pand in gebruik,woonfunctie,913,3.950,4.050,4.150,0.200,2114,-1.550,5.600
0503100000025534,A,2725.94,1962,Pand in gebruik,"industriefunctie,kantoorfunctie,overige gebruiksfunctie,winkelfunctie,woonfunctie",140088,3.650,7.450,34.950,31.300,47194,-0.150,7.600
0503100000001365,B,59.74,1993,Pand in gebruik,woonfunctie,1687,4.250,6.850,6.850,2.600,2970,-1.650,8.500
0503100000006497,B,83.35,1971,Pand in gebruik,woonfunctie,1816,4.650,6.450,7.350,2.700,5217,-1.450,7.900
0503100000006492,B,82.08,1971,Pand in gebruik,woonfunctie,2908,4.550,6.350,7.250,2.700,6193,-1.450,7.800
0503100000006743,B,61.70,1988,Pand in gebruik,woonfunctie,853,7.750,8.250,8.450,0.700,1829,-0.050,8.300
0503100000006732,B,61.83,1988,Pand in gebruik,woonfunctie,853,7.750,8.150,8.250,0.500,1969,-0.050,8.200
0503100000038253,B,496.10,2025,Pand in gebruik,woonfunctie,0,,,,,5593,-0.050,
0503100000010378,A,73.63,1969,Verbouwing pand,woonfunctie,1516,8.750,9.950,10.450,1.700,3381,-1.850,11.800
0503100000006611,B,62.19,1990,Pand in gebruik,woonfunctie,1244,6.250,6.850,7.150,0.900,2410,-1.550,8.400
0503100000001548,A,111.30,1969,Verbouwing pand,woonfunctie,1672,8.450,9.750,10.350,1.900,2654,-1.650,11.400
0503100000038177,A,819.92,2025,Pand in gebruik,"winkelfunctie,woonfunctie",48828,18.450,18.450,22.050,3.600,9602,-0.550,19.000
0503100000028850,B,10.87,1931,Pand in gebruik,,182,2.350,2.450,2.550,0.200,1164,0.050,2.400
0503100000010671,B,71.13,1969,Verbouwing pand,woonfunctie,1258,6.950,7.450,7.750,0.800,1504,-1.350,8.800
0503100000019516,A,69.48,1966,Pand in gebruik,woonfunctie,2163,5.150,5.150,5.150,0.000,3300,-1.050,6.200
0503100000019515,A,67.64,1966,Pand in gebruik,woonfunctie,1687,5.150,5.150,5.150,0.000,3008,-1.150,6.300
0503100000019431,A,52.33,1966,Pand in gebruik,woonfunctie,1689,4.450,4.450,4.450,0.000,2803,-1.250,5.700
0503100000013840,A,73.13,1966,Pand in gebruik,woonfunctie,2807,4.350,4.350,4.350,0.000,7149,-1.350,5.700
0503100000013834,A,70.63,1966,Pand in gebruik,woonfunctie,2662,4.350,4.350,4.550,0.200,6397,-1.350,5.700
0503100000037588,B,54.06,2023,Pand in gebruik,woonfunctie,824,12.250,12.250,12.250,0.000,500,0.250,12.000
0503100000037581,B,60.75,2023,Pand in gebruik,woonfunctie,928,9.550,9.650,9.650,0.100,585,0.250,9.400
0503100000037583,B,61.09,2023,Pand in gebruik,woonfunctie,923,9.550,9.650,9.750,0.200,498,0.250,9.400
0503100000037589,B,61.07,2023,Pand in gebruik,woonfunctie,883,12.250,12.250,12.250,0.000,778,0.250,12.000
0503100000037582,B,69.71,2023,Pand in gebruik,woonfunctie,1031,9.550,9.650,10.350,0.800,567,0.250,9.400
0503100000018810,A,69.68,1966,Pand in gebruik,woonfunctie,1395,4.350,4.350,4.450,0.100,3119,-1.650,6.000
0503100000021319,B,65.59,1977,Pand in gebruik,woonfunctie,1317,4.050,5.150,5.950,1.900,2419,-1.050,6.200
0503100000005602,B,62.56,1990,Pand in gebruik,woonfunctie,1502,6.050,6.950,7.250,1.200,2906,-1.450,8.400
0503100000031079,B,81.76,1971,Pand in gebruik,woonfunctie,2955,4.450,6.250,7.150,2.700,5631,-1.550,7.800
0503100000010569,B,65.27,1998,Pand in gebruik,woonfunctie,1408,4.350,7.150,7.250,2.900,1927,-1.350,8.500
0503100000001290,B,65.22,1998,Pand in gebruik,woonfunctie,1137,7.050,7.050,7.250,0.200,2088,-1.350,8.400
0503100000011599,B,52.69,1982,Pand in gebruik,woonfunctie,781,5.350,7.150,8.050,2.700,1929,-1.550,8.700
0503100000024901,B,52.62,1982,Pand in gebruik,woonfunctie,783,5.550,7.050,7.950,2.400,1517,-1.550,8.600
0503100000038699,B,339.97,2026,Pand in gebruik,"kantoorfunctie,woonfunctie",0,,,,,5718,0.150,
0503100000000145,B,2021.23,1966,Verbouwing pand,onderwijsfunctie,32478,3.150,3.950,4.450,1.300,19465,-0.050,4.000
0503100000028267,B,535.94,1966,Pand in gebruik,"overige gebruiksfunctie,woonfunctie",9330,8.150,8.150,8.150,0.000,4678,-0.150,8.300
0503100000038425,B,334.50,2026,Pand in gebruik (niet ingemeten),"kantoorfunctie,woonfunctie",0,,,,,4893,0.050,
0503100000020032,A,55.84,1966,Verbouwing pand,woonfunctie,2226,4.350,4.350,4.450,0.100,5415,-1.650,6.000
0503100000020033,A,53.36,1966,Verbouwing pand,woonfunctie,2154,4.350,4.350,4.450,0.100,4127,-1.550,5.900
0503100000020034,A,53.37,1966,Verbouwing pand,woonfunctie,2168,4.350,4.350,4.450,0.100,4298,-1.450,5.800
0503100000019939,A,53.38,1966,Verbouwing pand,woonfunctie,2182,4.350,4.350,4.450,0.100,4433,-1.550,5.900
0503100000019940,A,53.39,1966,Verbouwing pand,woonfunctie,2188,4.350,4.350,4.450,0.100,4392,-1.550,5.900
0503100000020028,A,55.72,1966,Verbouwing pand,woonfunctie,2157,4.350,4.350,4.450,0.100,6037,-1.650,6.000
0503100000031457,A,55.32,1966,Verbouwing pand,woonfunctie,1389,4.350,4.350,4.450,0.100,4492,-1.650,6.000
0503100000020035,A,52.84,1966,Verbouwing pand,woonfunctie,1602,4.350,4.350,4.450,0.100,3633,-1.450,5.800
0503100000020036,A,52.84,1966,Verbouwing pand,woonfunctie,1970,4.350,4.350,4.450,0.100,3846,-1.550,5.900
0503100000020037,A,52.84,1966,Verbouwing pand,woonfunctie,2157,4.350,4.350,4.450,0.100,3577,-1.650,6.000
0503100000020038,A,52.84,1966,Verbouwing pand,woonfunctie,2202,4.350,4.350,4.450,0.100,3095,-1.650,6.000
0503100000030019,A,55.32,1966,Verbouwing pand,woonfunctie,2132,4.350,4.450,4.450,0.100,3973,-1.650,6.100
0503100000020043,A,55.30,1966,Verbouwing pand,woonfunctie,1340,4.350,4.350,4.450,0.100,3270,-1.650,6.000
0503100000020044,A,52.81,1966,Verbouwing pand,woonfunctie,1315,4.350,4.350,4.450,0.100,2499,-1.550,5.900
0503100000020042,A,52.80,1966,Verbouwing pand,woonfunctie,1326,4.350,4.350,4.450,0.100,2679,-1.550,5.900
0503100000020041,A,52.79,1966,Verbouwing pand,woonfunctie,1316,4.350,4.350,4.450,0.100,2651,-1.450,5.800
0503100000020040,A,52.78,1966,Verbouwing pand,woonfunctie,1321,4.350,4.350,4.450,0.100,2355,-1.550,5.900
0503100000020039,A,55.25,1966,Verbouwing pand,woonfunctie,1372,4.350,4.350,4.450,0.100,3600,-1.650,6.000
0503100000019950,A,55.30,1966,Verbouwing pand,woonfunctie,1345,4.350,4.350,4.450,0.100,2908,-1.650,6.000
0503100000031455,A,52.81,1966,Verbouwing pand,woonfunctie,1320,4.350,4.350,4.450,0.100,2300,-1.550,5.900
0503100000018711,A,52.80,1966,Verbouwing pand,woonfunctie,1328,4.350,4.350,4.450,0.100,2220,-1.650,6.000
0503100000018710,A,52.79,1966,Verbouwing pand,woonfunctie,1319,4.350,4.350,4.450,0.100,2448,-1.650,6.000
0503100000030027,A,52.78,1966,Verbouwing pand,woonfunctie,1291,4.350,4.350,4.450,0.100,2531,-1.650,6.000
0503100000020165,A,55.25,1966,Verbouwing pand,woonfunctie,1326,4.350,4.350,4.450,0.100,3643,-1.750,6.100
0503100000039688,B,65.03,2026,Pand in gebruik (niet ingemeten),woonfunctie,0,,,,,2978,0.850,
0503100000040432,B,298.33,2026,Pand in gebruik (niet ingemeten),woonfunctie,0,,,,,6122,1.850,
0503100000020056,A,58.00,1966,Verbouwing pand,woonfunctie,2354,4.350,4.350,4.350,0.000,6214,-1.550,5.900
0503100000020132,A,55.80,1966,Verbouwing pand,woonfunctie,2277,4.350,4.350,4.350,0.000,4476,-1.450,5.800
0503100000020133,A,55.77,1966,Verbouwing pand,woonfunctie,2283,4.350,4.350,4.350,0.000,4389,-1.450,5.800
0503100000030022,A,57.87,1966,Verbouwing pand,woonfunctie,2228,4.350,4.350,4.350,0.000,5980,-1.450,5.800
0503100000020055,A,57.96,1966,Verbouwing pand,woonfunctie,2353,4.250,4.350,4.350,0.100,5218,-1.450,5.800
0503100000020054,A,55.81,1966,Verbouwing pand,woonfunctie,2301,4.250,4.350,4.350,0.100,3950,-1.450,5.800
0503100000020053,A,55.83,1966,Verbouwing pand,woonfunctie,2277,4.350,4.350,4.350,0.000,4059,-1.450,5.800
0503100000020052,A,58.01,1966,Verbouwing pand,woonfunctie,2280,4.350,4.350,4.350,0.000,5264,-1.550,5.900
0503100000020049,A,57.95,1966,Verbouwing pand,woonfunctie,2214,4.350,4.350,4.350,0.000,4953,-1.550,5.900
0503100000020050,A,55.78,1966,Verbouwing pand,woonfunctie,2229,4.350,4.350,4.350,0.000,4185,-1.450,5.800
0503100000020051,A,55.78,1966,Verbouwing pand,woonfunctie,2219,4.350,4.350,4.350,0.000,4378,-1.450,5.800
0503100000030021,A,57.95,1966,Verbouwing pand,woonfunctie,2251,4.350,4.350,4.350,0.000,5410,-1.450,5.800
0503100000020048,A,57.59,1966,Verbouwing pand,woonfunctie,2225,4.350,4.350,4.350,0.000,5674,-1.450,5.800
0503100000020047,A,55.96,1966,Verbouwing pand,woonfunctie,2192,4.350,4.350,4.350,0.000,3613,-1.450,5.800
0503100000020046,A,55.96,1966,Verbouwing pand,woonfunctie,2058,4.250,4.350,4.350,0.100,3569,-1.450,5.800
0503100000020045,A,58.13,1966,Verbouwing pand,woonfunctie,1461,4.350,4.350,4.350,0.000,4012,-1.450,5.800
0503100000018712,A,68.93,1966,Verbouwing pand,woonfunctie,1321,4.350,4.450,4.450,0.100,3023,-1.650,6.100
0503100000020026,A,52.56,1966,Verbouwing pand,woonfunctie,1241,4.350,4.350,4.450,0.100,1712,-1.550,5.900
0503100000020025,A,52.57,1966,Verbouwing pand,woonfunctie,1265,4.350,4.350,4.450,0.100,1907,-1.550,5.900
0503100000020024,A,52.58,1966,Verbouwing pand,woonfunctie,1255,4.350,4.350,4.450,0.100,1897,-1.550,5.900
0503100000019953,A,52.59,1966,Verbouwing pand,woonfunctie,1243,4.350,4.350,4.450,0.100,2130,-1.450,5.800
0503100000019952,A,52.59,1966,Verbouwing pand,woonfunctie,1270,4.350,4.350,4.450,0.100,2128,-1.450,5.800
0503100000019951,A,52.59,1966,Verbouwing pand,woonfunctie,1264,4.350,4.350,4.450,0.100,2233,-1.450,5.800
0503100000030020,A,54.65,1966,Verbouwing pand,woonfunctie,1281,4.350,4.450,4.450,0.100,3388,-1.550,6.000
0503100000020030,A,57.41,1966,Verbouwing pand,woonfunctie,2970,4.350,4.350,4.350,0.000,6356,-1.350,5.700
0503100000019947,A,55.32,1966,Verbouwing pand,woonfunctie,3154,4.350,4.350,4.350,0.000,5650,-1.450,5.800
0503100000019946,A,55.34,1966,Verbouwing pand,woonfunctie,3376,4.350,4.350,4.350,0.000,5383,-1.450,5.800
0503100000020159,A,55.35,1966,Verbouwing pand,woonfunctie,3580,4.350,4.350,4.350,0.000,5312,-1.450,5.800
0503100000030026,A,55.36,1966,Verbouwing pand,woonfunctie,3625,4.350,4.350,4.350,0.000,6281,-1.450,5.800
0503100000020158,A,57.45,1966,Verbouwing pand,woonfunctie,3762,4.350,4.350,4.350,0.000,10125,-1.550,5.900
0503100000020145,A,57.54,1966,Verbouwing pand,woonfunctie,2849,4.350,4.350,4.350,0.000,6442,-1.550,5.900
0503100000030024,A,55.46,1966,Verbouwing pand,woonfunctie,2768,4.350,4.350,4.350,0.000,5291,-1.450,5.800
0503100000020146,A,55.46,1966,Verbouwing pand,woonfunctie,2722,4.350,4.350,4.350,0.000,5351,-1.450,5.800
0503100000019941,A,55.46,1966,Verbouwing pand,woonfunctie,2747,4.350,4.350,4.350,0.000,4908,-1.550,5.900
0503100000019942,A,55.45,1966,Verbouwing pand,woonfunctie,2742,4.350,4.350,4.350,0.000,4972,-1.450,5.800
0503100000020157,A,57.57,1966,Verbouwing pand,woonfunctie,2745,4.350,4.350,4.350,0.000,6193,-1.450,5.800
0503100000019944,A,57.87,1966,Verbouwing pand,woonfunctie,2716,4.350,4.350,4.350,0.000,5401,-1.450,5.800
0503100000019945,A,55.40,1966,Verbouwing pand,woonfunctie,2821,4.350,4.350,4.350,0.000,4666,-1.450,5.800
0503100000019943,A,55.40,1966,Verbouwing pand,woonfunctie,2742,4.350,4.350,4.350,0.000,4836,-1.450,5.800
0503100000020149,A,55.40,1966,Verbouwing pand,woonfunctie,2801,4.350,4.350,4.350,0.000,5295,-1.450,5.800
0503100000020148,A,55.39,1966,Verbouwing pand,woonfunctie,2768,4.350,4.350,4.350,0.000,4996,-1.450,5.800
0503100000020147,A,57.11,1966,Verbouwing pand,woonfunctie,2892,4.350,4.350,4.350,0.000,5334,-1.550,5.900
0503100000025461,B,61.00,1969,Pand in gebruik,woonfunctie,1241,5.350,6.650,7.350,2.000,2763,-1.750,8.400
0503100000038426,B,336.72,2026,Pand in gebruik,"kantoorfunctie,woonfunctie",0,,,,,5592,0.050,
0503100000041285,A,1664.97,2026,Pand in gebruik (niet ingemeten),"onderwijsfunctie,sportfunctie",0,,,,,42902,-0.850,
