bag_id,alan,h_measured_m,band_area_m2,zone_z_lo_nap_m,zone_z_hi_nap_m,facade_in_c1,facade_in_c2,facade_in_c6,facade_in_c9,facade_in_c14,facade_in_c26,facade_in_other,facade_out_c1,facade_out_c2,facade_out_c6,facade_out_c9,facade_out_c14,facade_out_c26,facade_out_other,wall_c1,wall_c6,control_points,control_c6,facade_class6_share
0503100000001482,B,8.500,21.12,0.15,6.05,40,0,129,0,0,0,0,46,0,25,0,0,0,0,42,82,517,509,0.6417
0503100000001483,B,8.500,29.27,0.05,4.05,71,0,150,0,0,0,0,55,0,35,0,0,0,0,82,94,834,787,0.5949
0503100000001485,B,8.000,27.98,-0.15,3.65,100,0,253,0,0,0,0,59,0,12,0,0,0,0,125,116,1095,1093,0.6250
0503100000001486,B,7.900,27.97,-0.05,3.65,91,0,249,0,0,0,0,90,0,51,0,0,0,0,145,149,1094,1093,0.6237
0503100000001487,B,8.000,27.98,0.05,3.65,102,0,253,0,0,0,0,64,0,60,0,0,0,0,122,155,1066,1064,0.6534
0503100000001488,B,8.100,28.02,-0.05,3.55,61,0,286,0,0,0,0,31,0,94,0,0,0,0,62,207,1049,1049,0.8051
0503100000001489,B,7.800,27.97,0.05,3.65,142,0,246,0,0,0,0,104,0,43,0,0,0,0,168,137,1095,1091,0.5402
0503100000001490,B,7.900,27.99,-0.05,3.65,111,0,235,0,0,0,0,67,0,12,0,0,0,0,139,118,1105,1104,0.5812
0503100000001491,B,7.900,32.74,-0.05,3.65,111,0,249,0,0,0,0,269,0,48,0,0,0,0,336,135,1112,1107,0.4387
0503100000001492,B,8.100,27.99,-0.05,3.65,97,0,255,0,0,0,0,54,0,3,0,0,0,0,115,107,1093,1092,0.6308
0503100000001493,B,7.900,27.97,-0.05,3.65,109,0,251,0,0,0,0,78,0,1,0,0,0,0,149,105,1078,1078,0.5740
0503100000001494,A,8.000,27.35,0.35,5.75,458,0,0,0,0,0,0,326,0,0,0,0,0,0,618,0,1620,1620,0.0000
0503100000001495,A,11.300,27.34,0.25,7.85,557,0,15,0,0,0,0,539,0,225,0,0,0,0,835,118,1648,1648,0.1796
0503100000001499,A,35.000,171.58,1.15,33.65,18005,0,62,0,0,0,0,9250,0,98,0,0,0,0,16790,65,18757,18569,0.0058
0503100000001503,B,10.700,94.54,1.45,7.95,650,0,461,0,0,0,0,121,0,397,0,0,0,0,642,432,4369,4368,0.5267
0503100000001505,B,13.000,52.13,1.35,11.65,577,0,30,0,0,0,0,170,0,0,0,0,0,0,581,13,2300,2295,0.0386
0503100000001524,B,8.200,30.79,-0.15,3.05,57,0,238,0,0,0,0,132,0,54,0,0,0,0,169,150,949,922,0.6071
0503100000001525,B,8.300,26.79,-0.05,3.95,221,0,128,0,0,0,0,32,0,57,0,0,0,0,230,100,839,833,0.4224
0503100000001529,B,7.500,28.38,0.05,2.85,88,0,267,0,0,0,0,24,0,40,0,0,0,0,95,149,832,832,0.7327
0503100000001530,B,7.800,40.21,0.05,2.15,90,0,343,0,0,0,0,50,0,78,0,0,0,0,117,185,1212,1189,0.7504
0503100000001532,B,7.500,28.21,-0.05,2.75,94,0,257,0,0,0,0,28,0,36,0,0,0,0,96,142,850,837,0.7060
0503100000001533,B,7.500,28.42,-0.05,2.75,78,0,255,0,0,0,0,31,0,49,0,0,0,0,89,148,856,854,0.7361
0503100000001534,B,8.400,20.85,-0.05,3.85,59,0,102,0,0,0,0,18,0,34,0,0,0,0,53,55,763,762,0.6385
0503100000001535,B,8.300,20.84,0.05,3.75,43,0,161,0,0,0,0,5,0,68,0,0,0,0,40,118,759,759,0.8267
0503100000001536,B,8.400,20.84,-0.05,3.95,56,0,104,0,0,0,0,21,0,47,0,0,0,0,51,69,748,745,0.6623
0503100000001537,B,8.400,20.81,-0.05,3.65,39,0,123,0,0,0,0,7,0,71,0,0,0,0,33,103,723,723,0.8083
0503100000001543,B,7.100,59.27,-0.55,4.05,549,0,228,0,0,0,0,94,0,19,0,0,0,0,604,129,2367,2318,0.2775
0503100000001547,A,8.500,20.47,-0.05,5.95,172,0,28,0,0,0,0,440,0,132,0,0,0,0,310,60,1942,1942,0.2073
0503100000001549,B,12.900,48.35,1.45,11.75,471,0,0,0,0,0,0,417,0,0,0,0,0,0,640,0,2122,2093,0.0000
0503100000001561,B,10.100,57.99,1.55,7.15,286,0,179,0,0,0,0,233,0,126,0,0,0,0,389,139,1781,1726,0.3701
0503100000001106,B,7.500,20.86,1.45,4.45,28,0,162,0,0,0,0,16,0,84,0,0,0,0,34,133,539,539,0.8483
0503100000001110,B,8.400,19.24,1.35,4.75,81,0,107,0,0,0,0,13,0,62,0,0,0,0,86,85,575,575,0.6426
0503100000001113,B,8.300,19.60,1.35,5.45,23,0,80,0,0,0,0,26,0,68,0,0,0,0,28,76,384,380,0.7513
0503100000001114,B,8.300,21.45,1.35,6.85,77,0,114,0,0,0,0,7,0,32,0,0,0,0,70,81,366,366,0.6348
0503100000001115,B,8.300,27.31,1.35,4.15,57,0,125,0,0,0,0,7,0,61,0,0,0,0,56,107,446,438,0.7440
0503100000001120,B,8.300,19.58,1.35,6.85,34,0,104,0,0,0,0,12,0,35,0,0,0,0,40,77,371,371,0.7514
0503100000001913,B,7.500,28.34,0.05,2.75,77,0,250,0,0,0,0,38,0,46,0,0,0,0,104,159,872,852,0.7202
0503100000001121,B,8.300,19.37,1.45,5.75,22,0,67,0,0,0,0,37,0,39,0,0,0,0,55,72,372,364,0.6424
0503100000001915,B,8.200,21.88,-0.05,3.25,6,0,79,0,0,0,0,7,0,22,0,0,0,0,9,56,351,342,0.8860
0503100000001916,B,8.400,28.00,-0.25,3.65,48,0,90,0,0,0,0,18,0,47,0,0,0,0,48,54,380,366,0.6749
0503100000001917,B,8.600,26.68,-0.25,3.65,0,0,0,0,0,0,0,183,0,1,0,0,0,0,156,1,346,345,0.0054
0503100000001918,B,8.200,27.14,-0.05,3.25,17,0,88,0,0,0,0,99,0,22,0,0,0,0,106,60,374,362,0.4867
0503100000001920,B,8.100,21.82,0.05,3.65,46,0,74,0,0,0,0,11,0,33,0,0,0,0,49,50,354,345,0.6524
0503100000001921,B,8.300,25.87,-0.15,3.05,100,0,29,0,0,0,0,2,0,38,0,0,0,0,100,40,319,317,0.3964
0503100000001922,B,8.200,21.97,-0.05,3.85,20,0,77,0,0,0,0,46,0,17,0,0,0,0,55,50,346,334,0.5875
0503100000001923,B,6.300,112.65,-0.35,3.45,472,0,86,0,0,0,0,348,0,102,0,0,0,0,778,75,6598,6574,0.1865
0503100000001924,B,8.200,20.24,-0.05,4.65,13,0,69,0,0,0,0,38,0,0,0,0,0,0,42,30,345,345,0.5750
0503100000001925,B,8.300,21.21,-0.15,3.15,28,0,55,0,0,0,0,13,0,44,0,0,0,0,41,54,321,318,0.7071
0503100000001927,B,8.100,21.86,0.05,3.75,45,0,75,0,0,0,0,7,0,23,0,0,0,0,41,41,343,326,0.6533
0503100000001928,A,11.600,22.06,-0.05,7.75,217,0,96,0,0,0,0,62,0,167,0,0,0,0,230,116,1382,1377,0.4852
0503100000001930,A,8.500,28.74,0.05,6.05,357,0,111,0,0,0,0,197,0,215,0,0,0,0,482,165,1368,1368,0.3705
0503100000001931,A,8.600,28.17,-0.05,6.05,404,0,122,0,0,0,0,78,0,212,0,0,0,0,411,162,40,33,0.4093
0503100000001139,B,13.900,150.11,1.55,12.85,2234,0,114,0,0,0,0,724,0,62,0,0,0,0,2118,89,11251,11039,0.0562
0503100000001933,A,8.600,20.40,0.65,5.65,153,0,200,0,0,0,0,108,0,16,0,0,0,0,222,128,845,845,0.4528
0503100000001936,A,8.700,24.99,0.85,5.65,272,0,17,0,0,0,0,73,0,1,0,0,0,0,314,17,885,885,0.0496
0503100000001937,A,8.700,20.47,0.55,5.65,154,0,201,0,0,0,0,105,0,14,0,0,0,0,224,124,864,863,0.4536
0503100000001938,A,8.800,20.20,0.45,5.55,137,0,155,0,0,0,0,116,0,10,0,0,0,0,203,120,840,839,0.3947
0503100000000010,B,12.400,1170.11,1.55,8.45,15550,0,6551,0,0,0,0,10757,0,3043,0,0,0,0,20726,4139,1513071,1493017,0.2672
0503100000000017,B,17.500,990.71,1.65,6.65,4225,1,889,0,0,0,0,2368,385,418,0,0,0,0,5291,657,66231,63614,0.1577
0503100000000019,B,13.800,235.56,1.35,12.65,7075,0,2133,0,0,0,0,883,0,644,0,0,0,0,6470,1434,5104,4558,0.2587
0503100000000020,A,50.600,407.23,-0.15,25.65,24134,0,1806,0,0,0,0,19492,0,317,0,0,0,0,29546,1116,52386,47344,0.0464
0503100000000021,A,19.900,158.97,0.15,17.55,13015,0,0,0,0,0,0,4542,0,0,0,0,0,0,13594,0,9973,9777,0.0000
0503100000001178,B,24.900,311.54,1.85,16.25,1410,0,573,0,0,0,0,2094,0,336,0,0,0,0,2942,397,17454,16621,0.2060
0503100000000022,A,34.700,169.51,1.35,33.55,4181,0,0,0,0,0,0,13200,0,0,0,0,0,0,13384,0,3746,3559,0.0000
0503100000000023,B,10.100,195.59,1.25,8.65,2417,0,0,0,0,0,0,1045,0,0,0,0,0,0,2914,0,11265,11245,0.0000
0503100000001184,B,28.400,119.53,1.45,27.25,4420,0,715,0,0,0,0,1986,0,245,0,0,0,0,4269,551,6976,6822,0.1303
0503100000000029,B,7.700,255.22,1.65,6.75,1810,0,227,0,0,0,0,882,0,63,0,0,0,0,2081,131,35666,35238,0.0973
0503100000000030,B,8.200,617.23,1.75,7.25,1353,0,837,0,0,0,0,1391,0,575,0,0,0,0,2051,647,346347,342552,0.3397
0503100000000031,B,8.100,584.33,1.45,5.75,5804,0,3556,0,0,0,0,2827,0,1956,0,0,0,0,8303,2295,233734,232924,0.3897
0503100000002004,B,8.200,22.93,0.05,4.85,67,0,129,0,0,0,0,83,0,2,0,0,0,0,108,58,559,559,0.4662
0503100000002006,B,8.100,21.98,0.05,4.05,30,0,111,0,0,0,0,88,0,47,0,0,0,0,102,78,535,528,0.5725
0503100000002010,B,8.100,21.97,0.05,3.95,23,0,106,0,0,0,0,96,0,27,0,0,0,0,109,68,530,521,0.5278
0503100000002015,B,8.300,22.03,-0.05,3.95,31,0,86,0,0,0,0,54,0,70,0,0,0,0,67,66,518,518,0.6473
0503100000000067,B,7.900,28.03,0.05,3.75,85,0,255,0,0,0,0,54,0,17,0,0,0,0,116,114,1084,1084,0.6618
0503100000002017,B,8.100,22.00,0.05,3.45,38,0,115,0,0,0,0,20,0,60,0,0,0,0,43,84,538,514,0.7511
0503100000000068,B,7.800,32.72,0.05,3.65,94,0,281,0,0,0,0,245,0,97,0,0,0,0,306,185,1101,1100,0.5272
0503100000002018,B,8.200,27.88,0.05,4.05,146,0,128,0,0,0,0,133,0,38,0,0,0,0,254,82,540,540,0.3730
0503100000000069,B,42.400,161.24,1.35,41.15,14062,0,220,0,0,0,0,11949,0,71,0,0,0,0,22955,112,18966,18434,0.0111
0503100000002019,B,17.100,124.13,0.15,11.05,1450,0,437,0,0,0,0,952,0,20,0,0,0,0,2300,197,8026,7604,0.1598
0503100000002021,A,6.000,20.40,-0.05,3.25,68,0,0,0,0,0,0,69,0,0,0,0,0,0,110,0,825,825,0.0000
0503100000000071,B,13.800,248.42,1.35,12.65,6847,0,2294,0,0,0,0,1090,0,1407,0,0,0,0,6566,1839,7988,7519,0.3180
0503100000002023,A,8.600,25.13,-0.15,4.55,233,0,33,0,0,0,0,96,0,3,0,0,0,0,291,36,915,912,0.0986
0503100000002026,A,6.000,20.60,-0.15,3.25,178,0,0,0,0,0,0,86,0,0,0,0,0,0,202,0,1435,1435,0.0000
0503100000002031,A,8.500,20.46,-0.05,4.65,129,0,134,0,0,0,0,107,0,4,0,0,0,0,172,124,892,892,0.3690
0503100000002036,B,8.700,28.86,2.15,8.25,202,0,47,0,0,0,0,57,0,12,0,0,0,0,224,32,282,276,0.1855
0503100000002037,B,6.200,20.88,2.15,5.35,13,0,0,0,0,0,0,23,0,0,0,0,0,0,30,0,360,360,0.0000
0503100000001710,A,11.400,22.09,0.05,7.85,144,0,14,0,0,0,0,43,0,84,0,0,0,0,136,51,836,835,0.3439
0503100000001711,A,8.600,20.57,-0.05,6.05,114,0,23,0,0,0,0,66,0,54,0,0,0,0,144,35,4,4,0.2996
0503100000001712,A,8.100,21.90,-0.15,5.45,63,0,0,0,0,0,0,143,0,0,0,0,0,0,116,0,0,0,0.0000
0503100000001713,A,8.100,27.39,-0.15,5.45,81,0,13,0,0,0,0,517,0,70,0,0,0,0,545,45,93,93,0.1219
0503100000001714,A,8.100,21.88,-0.15,5.45,134,0,8,0,0,0,0,188,0,48,0,0,0,0,218,22,484,484,0.1481
0503100000001715,A,8.300,21.91,-0.15,5.55,73,0,9,0,0,0,0,122,0,24,0,0,0,0,158,14,571,562,0.1447
0503100000001716,A,8.300,21.87,-0.15,5.55,91,0,22,0,0,0,0,140,0,39,0,0,0,0,177,28,590,588,0.2089
0503100000001717,A,8.400,27.36,-0.45,5.45,271,0,0,0,0,0,0,170,0,0,0,0,0,0,358,0,10,10,0.0000
0503100000001718,A,8.100,21.88,-0.15,5.45,101,0,29,0,0,0,0,138,0,35,0,0,0,0,195,25,812,804,0.2112
0503100000001719,A,8.100,21.91,-0.15,5.45,152,0,0,0,0,0,0,254,0,4,0,0,0,0,252,0,688,688,0.0098
0503100000001720,A,11.100,27.41,-0.15,7.25,592,0,38,0,0,0,0,214,0,54,0,0,0,0,694,50,1662,1662,0.1024
0503100000001721,A,11.100,21.88,0.35,7.85,317,0,71,0,0,0,0,295,0,43,0,0,0,0,417,94,1626,1626,0.1570
0503100000001722,A,11.500,27.50,0.35,7.65,372,0,69,0,0,0,0,639,0,55,0,0,0,0,862,117,1723,1723,0.1093
0503100000001723,A,8.000,21.87,0.35,5.85,279,0,0,0,0,0,0,293,0,0,0,0,0,0,389,0,480,480,0.0000
0503100000001725,B,12.800,45.05,1.35,11.65,680,0,134,0,0,0,0,526,0,76,0,0,0,0,766,130,1562,1494,0.1483
0503100000001295,B,8.800,20.18,0.15,5.95,66,0,93,0,0,0,0,24,0,36,0,0,0,0,60,67,474,474,0.5890
0503100000001297,B,8.800,20.24,0.15,5.95,75,0,84,0,0,0,0,23,0,39,0,0,0,0,71,56,490,490,0.5566
0503100000001726,B,12.800,40.13,1.35,11.65,545,0,55,0,0,0,0,574,0,43,0,0,0,0,709,28,173,117,0.0805
0503100000001727,B,12.800,40.13,1.35,11.65,327,0,75,0,0,0,0,282,0,67,0,0,0,0,419,71,94,66,0.1891
0503100000001728,B,12.800,40.14,1.35,11.65,340,0,77,0,0,0,0,278,0,58,0,0,0,0,395,74,66,38,0.1793
0503100000001300,B,8.100,23.50,-0.05,3.55,8,0,113,0,0,0,0,69,0,37,0,0,0,0,54,76,614,609,0.6608
0503100000001302,B,7.800,17.82,0.05,3.35,46,0,10,0,0,0,0,109,0,2,0,0,0,0,115,11,629,609,0.0719
0503100000001733,B,12.800,40.11,1.35,11.65,394,0,3,0,0,0,0,346,0,3,0,0,0,0,449,3,233,207,0.0080
0503100000001305,B,8.100,21.94,-0.05,3.65,15,0,100,0,0,0,0,75,0,10,0,0,0,0,68,43,603,598,0.5500
0503100000001306,B,7.800,28.08,0.15,3.65,58,0,291,0,0,0,0,73,0,29,0,0,0,0,88,155,1104,1097,0.7095
0503100000001307,B,7.800,28.00,0.15,3.65,54,0,158,0,0,0,0,51,0,21,0,0,0,0,80,84,664,663,0.6303
0503100000001309,B,7.800,28.05,0.15,3.75,56,0,264,0,0,0,0,61,0,59,0,0,0,0,82,180,1106,1105,0.7341
0503100000001310,B,7.900,32.72,0.05,3.75,170,0,304,0,0,0,0,108,0,110,0,0,0,0,255,191,1160,1159,0.5983
0503100000001312,B,7.900,28.38,0.05,3.75,161,0,161,0,0,0,0,64,0,21,0,0,0,0,202,83,695,694,0.4472
0503100000001313,B,7.800,28.05,0.15,3.65,56,0,154,0,0,0,0,57,0,26,0,0,0,0,82,93,649,649,0.6143
0503100000001314,B,7.800,32.73,0.05,3.75,193,0,260,0,0,0,0,57,0,36,0,0,0,0,239,159,1141,1140,0.5421
0503100000001315,B,7.900,27.97,0.05,3.65,52,0,272,0,0,0,0,65,0,40,0,0,0,0,95,160,1082,1082,0.7273
0503100000001316,B,7.800,28.04,0.15,3.75,55,0,147,0,0,0,0,62,0,33,0,0,0,0,78,89,659,657,0.6061
0503100000001317,B,7.800,28.04,0.15,3.75,50,0,152,0,0,0,0,48,0,10,0,0,0,0,80,79,656,654,0.6231
0503100000001319,B,7.900,27.99,0.05,3.75,57,0,268,0,0,0,0,71,0,30,0,0,0,0,111,146,1087,1083,0.6995
0503100000001320,B,7.800,27.99,0.05,3.65,96,0,251,0,0,0,0,60,0,42,0,0,0,0,128,147,1065,1065,0.6526
0503100000001321,B,7.900,27.82,0.05,3.75,73,0,257,0,0,0,0,66,0,41,0,0,0,0,99,145,1080,1078,0.6819
0503100000001322,B,8.400,24.15,-0.05,5.05,16,0,104,0,0,0,0,29,0,26,0,0,0,0,37,72,628,628,0.7429
0503100000001324,B,8.400,19.67,0.05,5.35,23,0,0,0,0,0,0,16,0,0,0,0,0,0,23,0,512,512,0.0000
0503100000001325,B,8.400,26.58,-0.05,5.25,244,0,0,0,0,0,0,113,0,0,0,0,0,0,223,0,581,581,0.0000
0503100000000129,B,8.100,36.37,0.25,2.75,87,0,171,0,0,0,0,136,0,71,0,0,0,0,190,125,706,706,0.5204
0503100000000130,B,6.600,26.38,0.25,3.15,17,0,125,0,0,0,0,27,0,64,0,0,0,0,38,92,458,458,0.8112
0503100000000131,B,8.700,134.69,1.75,6.25,639,0,570,0,0,0,0,484,0,288,0,0,0,0,793,431,15548,15510,0.4331
0503100000000134,B,6.400,24.70,0.35,2.95,5,0,120,0,0,0,0,11,0,32,0,0,0,0,10,78,470,470,0.9048
0503100000000135,B,9.100,245.86,1.15,7.05,196,0,0,0,0,0,0,3352,0,0,0,0,0,0,2991,0,39466,37801,0.0000
0503100000000146,B,8.700,19.33,1.55,4.75,11,0,39,0,0,0,0,37,0,36,0,0,0,0,31,32,330,329,0.6098
0503100000001352,B,12.900,215.34,-0.05,8.15,1370,0,1524,0,0,0,0,1451,0,548,0,0,0,0,2175,990,14818,14753,0.4235
0503100000001354,B,8.400,23.63,-0.05,3.15,26,0,128,0,0,0,0,54,0,56,0,0,0,0,69,101,744,721,0.6970
0503100000001356,B,8.400,19.29,-0.05,5.85,147,0,126,0,0,0,0,28,0,10,0,0,0,0,124,68,230,230,0.4373
0503100000001357,B,8.600,19.87,-0.15,3.25,72,0,4,0,0,0,0,87,0,8,0,0,0,0,139,8,630,606,0.0702
0503100000001368,B,8.400,23.61,-0.05,3.15,20,0,131,0,0,0,0,55,0,91,0,0,0,0,64,136,728,698,0.7475
0503100000001369,B,8.800,18.29,-0.15,4.45,92,0,87,0,0,0,0,29,0,132,0,0,0,0,106,161,612,612,0.6441
0503100000000163,B,12.900,235.75,-0.05,8.15,1733,0,1897,0,0,0,0,2183,0,710,0,0,0,0,2856,1329,20450,20372,0.3997
0503100000001373,B,8.500,19.27,-0.05,5.85,146,0,142,0,0,0,0,25,0,8,0,0,0,0,126,75,388,388,0.4673
0503100000000166,A,10.600,21.84,-0.15,7.35,135,0,88,0,0,0,0,110,0,123,0,0,0,0,192,119,839,834,0.4627
0503100000001374,B,8.600,19.82,-0.05,5.85,186,0,219,0,0,0,0,64,0,20,0,0,0,0,179,129,651,651,0.4888
0503100000000167,A,11.200,21.88,0.35,7.95,315,0,12,0,0,0,0,374,0,4,0,0,0,0,500,8,1643,1642,0.0227
0503100000001375,B,8.500,19.71,-0.15,3.35,63,0,12,0,0,0,0,78,0,37,0,0,0,0,130,42,696,661,0.2579
0503100000001376,B,8.500,28.39,-0.15,5.85,63,0,119,0,0,0,0,339,0,18,0,0,0,0,360,70,247,235,0.2542
0503100000000168,A,35.100,196.39,1.35,25.25,2836,0,1663,0,0,0,0,3895,0,2199,0,0,0,0,5586,1776,32311,31854,0.3646
0503100000001382,B,8.500,19.69,-0.15,3.15,71,0,7,0,0,0,0,79,0,3,0,0,0,0,127,10,720,690,0.0625
0503100000001383,B,8.500,29.27,0.05,4.05,143,0,158,0,0,0,0,40,0,25,0,0,0,0,155,94,856,795,0.5000
0503100000001384,B,8.500,29.24,0.05,4.05,46,0,146,0,0,0,0,66,0,37,0,0,0,0,75,100,816,772,0.6203
0503100000001385,B,8.500,21.12,0.15,6.05,48,0,118,0,0,0,0,34,0,20,0,0,0,0,35,72,509,509,0.6273
0503100000000171,B,14.300,297.70,1.35,13.15,4175,0,0,0,0,0,0,4005,0,0,0,0,0,0,6550,0,2744,2670,0.0000
0503100000000172,B,14.000,326.58,1.65,4.15,436,0,237,0,0,0,0,844,0,220,0,0,0,0,1187,233,36566,30954,0.2631
0503100000000173,B,10.200,218.51,1.35,8.85,1841,0,518,0,0,0,0,773,0,516,0,0,0,0,2165,537,12335,12325,0.2834
0503100000000174,B,12.800,40.11,1.35,11.65,454,0,31,0,0,0,0,610,0,95,0,0,0,0,691,77,390,389,0.1059
0503100000000188,B,19.600,166.99,-0.05,16.95,3168,0,853,0,0,0,0,2535,0,468,0,0,0,0,5278,817,16189,15724,0.1881
0503100000000192,B,9.500,27.79,0.75,7.75,202,0,94,0,0,0,0,148,0,0,0,0,0,0,284,30,819,819,0.2117
0503100000000193,A,22.800,368.56,1.05,18.55,16645,0,1965,0,0,0,0,2850,0,320,0,0,0,0,13784,1085,46513,45175,0.1049
0503100000000194,B,9.600,27.79,0.75,7.75,195,0,90,0,0,0,0,144,0,0,0,0,0,0,286,33,1471,1409,0.2098
0503100000002172,B,8.200,19.93,0.05,4.85,35,0,111,0,0,0,0,63,0,2,0,0,0,0,89,49,481,481,0.5355
0503100000002225,B,8.100,42.03,0.25,3.75,202,0,156,0,0,0,0,123,0,34,0,0,0,0,316,101,1531,1523,0.3689
0503100000002230,B,7.400,28.38,0.35,2.85,28,0,170,0,0,0,0,52,0,32,0,0,0,0,58,94,647,645,0.7163
0503100000002237,B,11.100,116.07,0.35,6.75,806,0,327,0,0,0,0,472,0,484,0,0,0,0,1177,364,6892,6550,0.3882
0503100000002241,B,7.500,28.32,0.35,2.85,26,0,170,0,0,0,0,47,0,25,0,0,0,0,57,96,648,626,0.7276
0503100000001911,B,7.900,28.84,0.15,2.95,84,0,226,0,0,0,0,77,0,4,0,0,0,0,131,90,938,933,0.5882
0503100000004485,B,18.400,350.36,2.25,16.15,6661,0,2643,0,0,0,0,11958,0,1793,0,0,0,0,14860,1925,253823,247494,0.1924
0503100000005496,B,7.900,28.00,0.05,3.65,75,0,265,0,0,0,0,40,0,77,0,0,0,0,93,185,1100,1098,0.7484
0503100000005509,B,8.300,23.07,0.05,5.05,4,0,112,0,0,0,0,23,0,15,0,0,0,0,13,50,654,654,0.8247
0503100000005511,B,8.300,24.47,0.05,5.05,17,0,116,0,0,0,0,20,0,18,0,0,0,0,28,75,610,610,0.7836
0503100000005512,B,8.300,19.29,0.05,5.25,8,0,19,0,0,0,0,17,0,15,0,0,0,0,8,14,555,555,0.5763
0503100000005513,B,8.200,23.07,0.05,5.05,3,0,113,0,0,0,0,20,0,12,0,0,0,0,18,58,628,628,0.8446
0503100000005514,B,8.300,19.28,0.05,5.25,10,0,0,0,0,0,0,10,0,2,0,0,0,0,12,0,548,548,0.0909
0503100000006484,B,7.900,28.01,0.05,3.65,82,0,261,0,0,0,0,54,0,27,0,0,0,0,121,141,1077,1073,0.6792
0503100000006485,B,7.900,28.01,0.05,3.65,56,0,286,0,0,0,0,52,0,56,0,0,0,0,70,182,1112,1089,0.7600
0503100000006486,B,7.900,27.99,0.05,3.65,56,0,285,0,0,0,0,59,0,52,0,0,0,0,92,174,1110,1110,0.7456
0503100000006488,B,7.900,27.95,0.05,3.65,93,0,263,0,0,0,0,54,0,47,0,0,0,0,131,158,1097,1094,0.6783
0503100000006490,B,7.500,20.31,0.05,3.15,15,0,152,0,0,0,0,115,0,95,0,0,0,0,92,114,799,798,0.6552
0503100000006491,B,7.800,32.80,0.15,3.75,187,0,260,0,0,0,0,80,0,46,0,0,0,0,233,144,1128,1125,0.5340
0503100000006494,B,7.900,32.75,0.05,3.75,183,0,269,0,0,0,0,80,0,77,0,0,0,0,245,178,1136,1136,0.5681
0503100000006062,B,8.600,29.29,0.05,4.05,52,0,127,0,0,0,0,23,0,79,0,0,0,0,40,77,824,777,0.7331
0503100000006495,B,8.000,27.95,-0.05,3.65,96,0,260,0,0,0,0,52,0,46,0,0,0,0,131,154,1089,1088,0.6740
0503100000006064,B,8.500,21.12,0.05,5.95,44,0,111,0,0,0,0,33,0,16,0,0,0,0,51,59,548,547,0.6225
0503100000006496,B,7.800,27.98,0.05,3.65,80,0,254,0,0,0,0,64,0,44,0,0,0,0,122,154,1087,1087,0.6742
0503100000006498,B,7.900,28.02,0.05,3.75,79,0,255,0,0,0,0,76,0,38,0,0,0,0,117,150,1082,1082,0.6540
0503100000005074,B,8.500,179.30,1.85,4.45,20,0,0,0,0,0,0,796,0,0,0,0,0,0,811,0,35172,34893,0.0000
0503100000006499,B,8.000,27.98,0.05,3.75,69,0,249,0,0,0,0,51,0,32,0,0,0,0,90,135,1096,1093,0.7007
0503100000005075,B,8.800,160.30,1.85,7.75,711,0,118,0,0,0,0,2268,0,267,0,0,0,0,2786,161,30919,30863,0.1144
0503100000006500,B,8.000,28.05,0.15,3.85,59,0,149,0,0,0,0,66,0,27,0,0,0,0,94,92,669,669,0.5847
0503100000006069,B,8.400,25.92,0.15,5.95,113,0,97,0,0,0,0,140,0,60,0,0,0,0,233,88,543,543,0.3829
0503100000006501,B,8.000,32.87,-0.05,3.75,170,0,161,0,0,0,0,85,0,122,0,0,0,0,229,141,664,664,0.5260
0503100000006502,B,7.900,28.02,0.05,3.75,74,0,240,0,0,0,0,90,0,33,0,0,0,0,114,123,1025,1025,0.6247
0503100000006503,B,7.800,28.05,0.15,3.75,59,0,272,0,0,0,0,62,0,32,0,0,0,0,94,142,1104,1104,0.7153
0503100000006072,B,8.600,29.21,0.05,4.05,141,0,143,0,0,0,0,65,0,26,0,0,0,0,179,73,824,773,0.4507
0503100000006504,B,7.900,28.05,0.05,3.75,66,0,145,0,0,0,0,59,0,9,0,0,0,0,100,67,659,659,0.5520
0503100000006073,B,8.500,21.12,0.05,5.95,45,0,100,0,0,0,0,21,0,12,0,0,0,0,37,49,555,554,0.6292
0503100000006505,B,7.800,28.06,0.15,3.75,64,0,155,0,0,0,0,62,0,21,0,0,0,0,96,83,650,649,0.5828
0503100000006506,B,7.700,28.04,0.15,3.85,86,0,195,0,0,0,0,47,0,20,0,0,0,0,102,99,924,924,0.6178
0503100000006507,B,7.800,28.09,0.15,3.75,79,0,243,0,0,0,0,46,0,37,0,0,0,0,91,132,1074,1071,0.6914
0503100000006508,B,8.400,19.28,-0.05,5.25,20,0,1,0,0,0,0,9,0,0,0,0,0,0,14,1,546,546,0.0333
0503100000006077,B,8.300,20.27,0.15,5.95,34,0,88,0,0,0,0,10,0,37,0,0,0,0,30,58,500,500,0.7396
0503100000006509,B,8.400,19.47,-0.05,5.25,32,0,0,0,0,0,0,11,0,1,0,0,0,0,18,0,541,541,0.0227
0503100000006510,B,8.500,26.52,-0.05,5.25,46,0,4,0,0,0,0,315,0,1,0,0,0,0,338,3,590,590,0.0137
0503100000006078,B,8.300,20.27,0.15,5.95,25,0,97,0,0,0,0,14,0,41,0,0,0,0,23,61,503,503,0.7797
0503100000005596,B,8.300,19.48,0.05,5.25,18,0,1,0,0,0,0,12,0,0,0,0,0,0,15,1,541,541,0.0323
0503100000005597,B,8.300,24.16,0.05,5.05,42,0,54,0,0,0,0,32,0,2,0,0,0,0,66,22,627,627,0.4308
0503100000005601,B,8.300,19.55,0.05,5.25,24,0,0,0,0,0,0,12,0,0,0,0,0,0,17,0,548,548,0.0000
0503100000005603,B,8.300,19.48,0.05,5.25,12,0,0,0,0,0,0,16,0,1,0,0,0,0,17,0,556,556,0.0345
0503100000006527,B,8.400,19.50,1.35,4.65,63,0,119,0,0,0,0,13,0,67,0,0,0,0,61,101,544,544,0.7099
0503100000006528,B,8.400,19.06,1.35,4.75,73,0,130,0,0,0,0,8,0,59,0,0,0,0,80,79,553,553,0.7000
0503100000005610,B,8.100,26.06,0.25,3.45,356,0,35,0,0,0,0,141,0,108,0,0,0,0,454,71,1219,1183,0.2234
0503100000006534,B,8.400,23.52,1.35,4.05,41,0,206,0,0,0,0,27,0,87,0,0,0,0,60,177,829,773,0.8116
0503100000006536,B,8.400,19.29,1.35,4.65,48,0,128,0,0,0,0,10,0,51,0,0,0,0,48,99,570,570,0.7553
0503100000005617,B,8.200,20.25,0.55,5.45,106,0,185,0,0,0,0,54,0,11,0,0,0,0,148,118,873,873,0.5506
0503100000006537,B,8.400,19.64,1.35,4.75,63,0,108,0,0,0,0,20,0,57,0,0,0,0,81,81,590,590,0.6653
0503100000005618,B,8.000,26.04,0.55,3.55,234,0,0,0,0,0,0,102,0,0,0,0,0,0,269,0,802,793,0.0000
0503100000004383,B,7.400,28.33,0.35,2.75,26,0,167,0,0,0,0,36,0,12,0,0,0,0,47,79,639,638,0.7427
0503100000004384,B,20.100,232.94,-0.05,13.85,3454,0,182,0,0,0,0,2312,0,126,0,0,0,0,5356,199,33328,32007,0.0507
0503100000004385,B,15.000,99.37,-0.05,12.25,2869,0,0,0,0,0,0,1719,0,0,0,0,0,0,4411,0,8943,8455,0.0000
0503100000004386,B,13.100,168.19,-0.15,7.35,1641,0,870,0,0,0,0,2349,0,234,0,0,0,0,2513,590,18686,18214,0.2167
0503100000004389,B,10.700,109.86,1.55,7.95,632,0,530,0,0,0,0,161,0,229,0,0,0,0,642,393,4581,4551,0.4890
0503100000004391,B,8.600,28.12,1.95,7.85,184,0,64,0,0,0,0,12,0,29,0,0,0,0,179,55,423,422,0.3218
0503100000004392,B,8.600,21.97,1.95,7.85,66,0,59,0,0,0,0,12,0,24,0,0,0,0,60,48,434,434,0.5155
0503100000004393,B,8.500,21.95,1.95,7.85,58,0,60,0,0,0,0,24,0,14,0,0,0,0,62,36,371,370,0.4744
0503100000006593,B,8.300,21.99,-0.05,5.05,108,0,97,0,0,0,0,25,0,22,0,0,0,0,52,59,610,610,0.4722
0503100000006594,B,8.300,24.17,-0.05,5.05,23,0,57,0,0,0,0,40,0,8,0,0,0,0,37,29,639,639,0.5078
0503100000006596,B,8.300,24.87,0.05,5.15,16,0,41,0,0,0,0,14,0,29,0,0,0,0,22,44,586,586,0.7000
0503100000006162,B,8.400,20.08,0.15,6.05,46,0,104,0,0,0,0,19,0,19,0,0,0,0,49,67,315,315,0.6543
0503100000006597,B,8.400,19.67,-0.05,5.25,25,0,0,0,0,0,0,14,0,0,0,0,0,0,16,0,525,525,0.0000
0503100000006598,B,8.500,20.18,-0.15,5.25,146,0,1,0,0,0,0,24,0,1,0,0,0,0,56,1,543,543,0.0116
0503100000006168,B,8.400,20.27,0.15,5.95,40,0,69,0,0,0,0,17,0,42,0,0,0,0,37,58,498,498,0.6607
0503100000006170,B,8.500,26.01,0.15,6.05,150,0,90,0,0,0,0,14,0,40,0,0,0,0,86,58,457,457,0.4422
0503100000006174,B,8.500,21.12,0.05,5.95,56,0,107,0,0,0,0,33,0,14,0,0,0,0,52,48,520,520,0.5762
0503100000006599,B,8.400,24.35,-0.15,5.05,136,0,91,0,0,0,0,30,0,25,0,0,0,0,65,66,622,622,0.4113
0503100000006178,B,8.100,27.77,-0.05,3.65,56,0,121,0,0,0,0,89,0,2,0,0,0,0,92,44,575,575,0.4590
0503100000006179,B,8.700,20.19,0.15,5.95,66,0,81,0,0,0,0,23,0,45,0,0,0,0,69,53,482,482,0.5860
0503100000006601,B,8.400,23.43,-0.05,5.05,110,0,98,0,0,0,0,41,0,3,0,0,0,0,53,41,612,612,0.4008
0503100000006602,B,8.400,19.47,-0.05,5.25,25,0,0,0,0,0,0,10,0,0,0,0,0,0,21,0,531,531,0.0000
0503100000006606,B,8.400,19.29,-0.05,5.25,162,0,0,0,0,0,0,41,0,0,0,0,0,0,67,0,545,545,0.0000
0503100000006607,B,8.400,23.42,-0.05,5.05,120,0,83,0,0,0,0,35,0,18,0,0,0,0,53,55,612,612,0.3945
0503100000006608,B,8.500,19.24,-0.15,5.25,126,0,0,0,0,0,0,37,0,0,0,0,0,0,61,0,530,530,0.0000
0503100000006191,B,8.700,20.22,0.15,5.85,67,0,82,0,0,0,0,18,0,60,0,0,0,0,63,53,486,484,0.6256
0503100000006619,B,10.000,106.32,1.15,5.65,1565,0,186,0,0,0,0,760,0,568,0,0,0,0,2217,447,18128,17035,0.2449
0503100000005703,B,7.500,20.96,1.35,4.35,18,0,175,0,0,0,0,24,0,51,0,0,0,0,26,120,573,572,0.8433
0503100000005705,B,7.600,25.65,1.25,4.35,183,0,161,0,0,0,0,40,0,48,0,0,0,0,199,104,568,555,0.4838
0503100000006623,B,8.400,19.44,1.35,4.75,73,0,108,0,0,0,0,17,0,60,0,0,0,0,86,89,573,573,0.6512
0503100000005710,B,7.600,20.98,1.35,4.35,23,0,158,0,0,0,0,12,0,51,0,0,0,0,28,97,551,551,0.8566
0503100000005711,B,7.500,20.94,1.35,4.35,19,0,181,0,0,0,0,12,0,54,0,0,0,0,26,127,584,584,0.8835
0503100000006626,B,8.400,24.51,1.35,4.05,18,0,217,0,0,0,0,10,0,86,0,0,0,0,24,149,870,828,0.9154
0503100000006627,B,8.400,19.51,1.35,4.65,49,0,115,0,0,0,0,9,0,75,0,0,0,0,50,113,564,564,0.7661
0503100000006628,B,8.400,19.47,1.35,4.65,68,0,114,0,0,0,0,11,0,59,0,0,0,0,66,93,577,577,0.6865
0503100000005715,B,7.500,20.97,1.35,4.35,19,0,164,0,0,0,0,12,0,56,0,0,0,0,25,111,566,566,0.8765
0503100000005716,B,7.500,20.96,1.35,4.35,20,0,165,0,0,0,0,17,0,51,0,0,0,0,33,107,565,565,0.8538
0503100000005717,B,7.500,20.99,1.35,4.35,19,0,174,0,0,0,0,21,0,50,0,0,0,0,26,119,571,569,0.8485
0503100000005719,B,7.400,20.86,1.45,4.45,30,0,153,0,0,0,0,22,0,65,0,0,0,0,38,102,534,534,0.8074
0503100000006635,B,8.400,19.47,1.35,4.75,59,0,121,0,0,0,0,22,0,79,0,0,0,0,68,109,570,570,0.7117
0503100000005721,B,7.500,20.85,1.45,4.45,37,0,152,0,0,0,0,11,0,65,0,0,0,0,39,103,550,536,0.8189
0503100000006636,B,7.500,20.85,1.35,4.45,27,0,170,0,0,0,0,15,0,73,0,0,0,0,30,132,540,540,0.8526
0503100000006637,B,8.400,24.67,1.35,4.65,121,0,133,0,0,0,0,29,0,84,0,0,0,0,136,128,603,603,0.5913
0503100000005724,B,7.500,20.85,1.35,4.45,30,0,167,0,0,0,0,17,0,72,0,0,0,0,38,136,537,537,0.8357
0503100000006640,B,8.400,19.49,1.35,4.75,73,0,129,0,0,0,0,15,0,51,0,0,0,0,81,88,582,582,0.6716
0503100000006641,B,7.600,25.61,1.25,4.45,185,0,167,0,0,0,0,11,0,121,0,0,0,0,186,143,532,532,0.5950
0503100000006642,B,7.500,20.85,1.45,4.45,27,0,155,0,0,0,0,13,0,68,0,0,0,0,35,116,544,544,0.8479
0503100000006643,B,7.600,20.85,1.35,4.35,29,0,170,0,0,0,0,15,0,84,0,0,0,0,31,125,553,553,0.8523
0503100000005727,B,7.400,20.85,1.45,4.45,31,0,160,0,0,0,0,19,0,80,0,0,0,0,41,123,526,526,0.8276
0503100000006645,B,8.500,19.47,1.35,4.75,70,0,107,0,0,0,0,29,0,55,0,0,0,0,89,83,577,577,0.6207
0503100000006649,B,8.400,19.62,1.35,5.45,44,0,69,0,0,0,0,8,0,27,0,0,0,0,32,50,370,362,0.6486
0503100000006650,B,8.400,19.61,1.35,5.45,49,0,68,0,0,0,0,3,0,34,0,0,0,0,34,51,398,349,0.6623
0503100000006652,B,8.300,28.31,1.45,3.95,43,0,126,0,0,0,0,34,0,27,0,0,0,0,73,85,454,422,0.6652
0503100000006271,B,8.700,20.21,0.15,5.85,71,0,82,0,0,0,0,32,0,33,0,0,0,0,75,55,473,473,0.5275
0503100000006280,B,7.200,22.35,0.05,3.15,35,0,163,0,0,0,0,17,0,70,0,0,0,0,39,122,496,490,0.8175
0503100000006284,B,8.100,18.19,0.05,3.25,19,0,144,0,0,0,0,42,0,52,0,0,0,0,42,118,706,706,0.7626
0503100000006285,B,7.500,23.28,-0.05,3.35,73,0,3,0,0,0,0,174,0,134,0,0,0,0,232,52,540,536,0.3568
0503100000006287,B,7.500,28.84,-0.05,3.15,42,0,193,0,0,0,0,215,0,74,0,0,0,0,203,149,802,785,0.5095
0503100000006288,B,7.800,18.39,0.05,3.35,40,0,6,0,0,0,0,40,0,5,0,0,0,0,70,9,383,382,0.1209
0503100000006295,B,8.000,18.17,0.05,3.35,55,0,0,0,0,0,0,74,0,3,0,0,0,0,123,3,377,377,0.0227
0503100000006296,B,7.900,18.37,0.05,3.35,45,0,0,0,0,0,0,46,0,0,0,0,0,0,80,0,379,379,0.0000
0503100000006297,B,8.000,18.34,-0.05,3.35,35,0,0,0,0,0,0,57,0,0,0,0,0,0,84,0,376,365,0.0000
0503100000006299,B,7.900,18.37,0.05,3.35,63,0,6,0,0,0,0,68,0,10,0,0,0,0,117,16,624,624,0.1088
0503100000006300,B,7.800,18.35,0.05,3.45,43,0,4,0,0,0,0,40,0,92,0,0,0,0,64,46,574,558,0.5363
0503100000006733,B,8.200,21.46,1.45,5.75,31,0,72,0,0,0,0,53,0,44,0,0,0,0,71,74,372,364,0.5800
0503100000006736,B,8.300,19.36,1.45,5.85,14,0,71,0,0,0,0,39,0,39,0,0,0,0,49,75,350,345,0.6748
0503100000006738,B,8.400,30.76,1.35,4.05,51,0,151,0,0,0,0,42,0,36,0,0,0,0,76,93,456,418,0.6679
0503100000006739,B,8.300,19.60,1.35,5.55,42,0,74,0,0,0,0,8,0,38,0,0,0,0,33,64,386,379,0.6914
0503100000006742,B,8.300,19.63,1.35,5.65,47,0,83,0,0,0,0,7,0,28,0,0,0,0,36,70,372,366,0.6727
0503100000006744,B,8.300,19.62,1.35,6.85,46,0,108,0,0,0,0,3,0,34,0,0,0,0,32,75,382,379,0.7435
0503100000006745,B,8.300,21.47,1.35,5.65,54,0,80,0,0,0,0,31,0,26,0,0,0,0,75,63,376,368,0.5550
0503100000006746,B,8.300,21.42,1.35,6.85,30,0,118,0,0,0,0,28,0,39,0,0,0,0,49,86,382,382,0.7302
0503100000006755,B,8.200,22.63,1.45,4.45,17,0,112,0,0,0,0,11,0,20,0,0,0,0,23,68,467,453,0.8250
0503100000006756,B,8.400,27.37,1.45,4.25,60,0,127,0,0,0,0,16,0,43,0,0,0,0,66,89,474,450,0.6911
0503100000006757,B,8.300,19.60,1.35,6.85,39,0,111,0,0,0,0,4,0,33,0,0,0,0,31,72,371,370,0.7701
0503100000006376,B,7.800,18.17,0.05,3.45,24,0,76,0,0,0,0,21,0,34,0,0,0,0,35,53,369,368,0.7097
0503100000006378,B,8.000,17.96,0.05,3.35,34,0,138,0,0,0,0,30,0,62,0,0,0,0,50,106,748,748,0.7576
0503100000006379,B,7.600,23.20,0.05,3.15,163,0,4,0,0,0,0,110,0,18,0,0,0,0,239,12,388,387,0.0746
0503100000008956,B,6.400,25.26,1.55,5.35,68,0,0,0,0,0,0,21,0,1,0,0,0,0,78,1,738,738,0.0111
0503100000006381,B,7.900,22.36,0.05,3.15,49,0,190,0,0,0,0,48,0,78,0,0,0,0,81,144,1088,1088,0.7342
0503100000006387,B,7.900,32.73,0.05,3.65,202,0,248,0,0,0,0,69,0,15,0,0,0,0,248,113,1098,1092,0.4925
0503100000006388,B,7.800,27.92,0.05,3.65,80,0,265,0,0,0,0,78,0,47,0,0,0,0,131,145,1086,1084,0.6638
0503100000006389,B,7.900,23.19,-0.05,3.35,264,0,7,0,0,0,0,123,0,3,0,0,0,0,342,10,688,683,0.0252
0503100000006390,B,7.800,28.07,0.15,3.65,60,0,281,0,0,0,0,52,0,46,0,0,0,0,68,174,1096,1093,0.7449
0503100000006391,B,7.900,32.78,-0.05,3.65,221,0,263,0,0,0,0,34,0,35,0,0,0,0,240,153,1120,1119,0.5389
0503100000006392,B,7.900,28.05,0.05,3.65,77,0,264,0,0,0,0,66,0,13,0,0,0,0,119,121,1080,1076,0.6595
0503100000006395,B,7.900,27.94,0.05,3.65,103,0,257,0,0,0,0,50,0,51,0,0,0,0,133,157,1088,1085,0.6681
0503100000006396,B,7.800,27.82,0.05,3.65,99,0,248,0,0,0,0,42,0,20,0,0,0,0,127,124,1093,1089,0.6553
0503100000006397,B,7.800,28.04,0.05,3.55,89,0,274,0,0,0,0,55,0,12,0,0,0,0,121,128,1083,1082,0.6651
0503100000006398,B,7.900,28.00,0.05,3.65,99,0,259,0,0,0,0,61,0,14,0,0,0,0,137,125,1052,1044,0.6305
0503100000006399,B,7.800,27.99,0.05,3.65,88,0,254,0,0,0,0,69,0,47,0,0,0,0,124,156,1101,1101,0.6572
0503100000006400,B,8.200,28.02,0.15,3.75,56,0,281,0,0,0,0,63,0,29,0,0,0,0,88,166,1112,1108,0.7226
0503100000006401,B,7.900,18.11,0.05,3.35,51,0,2,0,0,0,0,105,0,0,0,0,0,0,113,2,634,626,0.0127
0503100000006402,B,7.800,28.02,0.05,3.65,84,0,259,0,0,0,0,59,0,23,0,0,0,0,120,142,1089,1089,0.6635
0503100000006403,B,7.600,21.31,0.05,3.25,23,0,156,0,0,0,0,128,0,102,0,0,0,0,105,114,758,753,0.6308
0503100000009001,B,8.300,21.53,-0.05,3.75,0,0,0,0,0,0,0,34,0,0,0,0,0,0,2,0,356,356,0.0000
0503100000010462,B,8.400,24.66,-0.05,3.25,69,0,159,0,0,0,0,56,0,27,0,0,0,0,95,90,840,803,0.5981
0503100000010463,B,8.400,19.68,-0.05,3.55,77,0,0,0,0,0,0,83,0,2,0,0,0,0,140,0,648,626,0.0123
0503100000009003,A,8.500,20.76,0.05,6.05,235,0,45,0,0,0,0,55,0,137,0,0,0,0,243,86,782,782,0.3856
0503100000009005,A,11.600,20.77,0.05,7.95,248,0,67,0,0,0,0,90,0,141,0,0,0,0,294,125,697,693,0.3810
0503100000009006,A,8.600,20.77,0.05,6.05,206,0,54,0,0,0,0,57,0,136,0,0,0,0,213,93,1021,1021,0.4194
0503100000006841,B,8.300,21.50,1.35,5.55,53,0,86,0,0,0,0,5,0,37,0,0,0,0,54,75,387,384,0.6796
0503100000009007,A,8.500,20.57,0.05,6.05,207,0,64,0,0,0,0,40,0,138,0,0,0,0,203,97,1117,1117,0.4499
0503100000010468,B,8.500,19.28,-0.05,5.85,115,0,153,0,0,0,0,77,0,84,0,0,0,0,160,163,404,402,0.5524
0503100000009009,A,11.500,31.01,-0.15,7.55,317,0,99,0,0,0,0,183,0,135,0,0,0,0,449,130,875,874,0.3188
0503100000010472,B,8.400,21.89,-0.05,5.75,227,0,117,0,0,0,0,30,0,10,0,0,0,0,185,66,515,515,0.3307
0503100000009010,A,11.500,20.65,-0.05,7.85,119,0,37,0,0,0,0,40,0,85,0,0,0,0,132,58,713,713,0.4342
0503100000006846,B,8.300,19.39,1.35,5.75,42,0,79,0,0,0,0,4,0,28,0,0,0,0,37,69,369,365,0.6993
0503100000009011,A,11.400,20.73,0.05,7.75,131,0,35,0,0,0,0,71,0,83,0,0,0,0,188,55,722,722,0.3688
0503100000009012,A,11.700,26.15,-0.25,7.75,112,0,25,0,0,0,0,66,0,86,0,0,0,0,149,50,745,745,0.3841
0503100000009013,A,8.700,20.79,-0.05,6.05,115,0,34,0,0,0,0,43,0,84,0,0,0,0,141,53,606,606,0.4275
0503100000006849,B,8.400,24.45,1.35,5.75,103,0,85,0,0,0,0,39,0,31,0,0,0,0,108,78,382,377,0.4496
0503100000009014,A,11.500,20.58,-0.05,7.75,91,0,38,0,0,0,0,44,0,92,0,0,0,0,123,56,717,716,0.4906
0503100000009015,A,8.600,20.71,-0.05,6.05,117,0,25,0,0,0,0,27,0,92,0,0,0,0,129,59,53,53,0.4483
0503100000009016,A,11.500,20.75,0.05,7.95,151,0,27,0,0,0,0,55,0,80,0,0,0,0,170,54,741,741,0.3419
0503100000010479,B,8.400,21.79,-0.05,3.15,100,0,62,0,0,0,0,36,0,9,0,0,0,0,111,40,538,502,0.3430
0503100000009017,A,8.800,26.08,-0.15,6.05,395,0,41,0,0,0,0,83,0,82,0,0,0,0,433,67,536,534,0.2047
0503100000010480,B,8.400,23.13,-0.05,5.85,218,0,114,0,0,0,0,32,0,13,0,0,0,0,188,62,216,216,0.3369
0503100000009018,A,8.500,20.60,-0.05,5.95,98,0,50,0,0,0,0,12,0,91,0,0,0,0,95,63,620,620,0.5618
0503100000006854,B,8.300,19.40,1.45,5.75,38,0,85,0,0,0,0,9,0,22,0,0,0,0,36,71,368,361,0.6948
0503100000010482,B,8.400,19.10,-0.05,3.25,71,0,0,0,0,0,0,23,0,0,0,0,0,0,84,0,355,325,0.0000
0503100000010484,B,8.600,21.76,-0.15,5.85,182,0,130,0,0,0,0,44,0,3,0,0,0,0,153,41,496,496,0.3705
0503100000010485,B,8.500,19.04,-0.05,5.85,134,0,132,0,0,0,0,71,0,66,0,0,0,0,181,138,376,375,0.4913
0503100000009023,B,12.800,45.03,1.35,11.65,480,0,55,0,0,0,0,1079,0,119,0,0,0,0,1258,107,305,299,0.1004
0503100000010486,B,8.600,29.57,-0.15,2.65,59,0,153,0,0,0,0,96,0,50,0,0,0,0,141,99,600,540,0.5670
0503100000010487,B,8.400,23.02,-0.05,3.15,95,0,53,0,0,0,0,27,0,14,0,0,0,0,107,34,438,401,0.3545
0503100000010488,B,8.600,19.08,-0.15,5.85,172,0,111,0,0,0,0,34,0,1,0,0,0,0,148,45,496,496,0.3522
0503100000006862,B,19.200,308.67,1.65,7.55,1617,0,178,0,0,0,0,806,0,159,0,0,0,0,2068,176,16741,16133,0.1221
0503100000010490,B,8.500,21.78,-0.15,3.05,89,0,80,0,0,0,0,33,0,18,0,0,0,0,95,56,605,579,0.4455
0503100000010003,B,8.000,34.19,-0.05,2.85,89,0,305,0,0,0,0,89,0,27,0,0,0,0,150,154,984,981,0.6510
0503100000010011,B,8.100,28.81,-0.05,2.45,77,0,235,0,0,0,0,164,0,10,0,0,0,0,160,98,919,916,0.5041
0503100000010012,B,8.100,28.88,-0.05,2.55,74,0,269,0,0,0,0,68,0,28,0,0,0,0,122,141,936,931,0.6765
0503100000010013,B,8.100,28.88,-0.05,2.45,58,0,267,0,0,0,0,100,0,19,0,0,0,0,122,128,934,930,0.6441
0503100000010021,B,8.200,21.92,-0.05,3.25,7,0,84,0,0,0,0,13,0,19,0,0,0,0,8,56,350,341,0.8374
0503100000010025,B,8.200,20.24,-0.05,4.65,66,0,80,0,0,0,0,22,0,2,0,0,0,0,80,38,351,351,0.4824
0503100000010028,B,8.300,29.65,-0.15,3.05,126,0,23,0,0,0,0,111,0,17,0,0,0,0,185,21,332,329,0.1444
0503100000010030,B,8.200,22.08,-0.05,3.25,6,0,82,0,0,0,0,15,0,23,0,0,0,0,11,57,349,337,0.8333
0503100000010031,B,8.200,21.21,-0.05,3.45,30,0,20,0,0,0,0,30,0,18,0,0,0,0,46,26,339,337,0.3878
0503100000011440,B,8.600,29.29,0.05,4.05,140,0,156,0,0,0,0,77,0,18,0,0,0,0,170,82,839,796,0.4450
0503100000011443,B,8.200,19.42,-0.05,5.15,64,0,215,0,0,0,0,69,0,127,0,0,0,0,116,177,705,704,0.7200
0503100000011444,B,8.300,19.47,-0.15,4.35,53,0,76,0,0,0,0,88,0,168,0,0,0,0,116,159,886,885,0.6338
0503100000011446,B,8.200,22.62,-0.05,4.25,80,0,142,0,0,0,0,138,0,188,0,0,0,0,162,200,1114,1104,0.6022
0503100000011447,B,7.900,27.99,-0.05,3.55,95,0,274,0,0,0,0,77,0,40,0,0,0,0,122,155,1089,1083,0.6461
0503100000011448,B,7.800,32.84,0.05,3.55,79,0,280,0,0,0,0,143,0,169,0,0,0,0,198,237,1147,1145,0.6692
0503100000011449,B,7.800,27.77,0.05,3.65,99,0,247,0,0,0,0,39,0,5,0,0,0,0,112,108,1062,1062,0.6462
0503100000011450,B,7.800,27.81,0.05,3.65,76,0,256,0,0,0,0,55,0,15,0,0,0,0,107,115,1085,1074,0.6741
0503100000011451,B,7.900,38.62,-0.05,3.55,125,0,270,0,0,0,0,273,0,77,0,0,0,0,339,176,1217,1215,0.4658
0503100000011452,B,8.000,27.98,-0.15,3.65,100,0,250,0,0,0,0,92,0,24,0,0,0,0,142,125,1078,1078,0.5880
0503100000011453,B,7.900,27.82,-0.05,3.65,124,0,253,0,0,0,0,43,0,7,0,0,0,0,145,100,1072,1070,0.6089
0503100000010976,B,14.400,52.48,1.45,13.35,689,0,0,0,0,0,0,201,0,0,0,0,0,0,781,0,710,626,0.0000
0503100000010977,B,14.300,52.55,1.55,13.35,1015,0,0,0,0,0,0,84,0,0,0,0,0,0,967,0,696,605,0.0000
0503100000010978,B,13.600,41.70,0.85,11.85,438,0,44,0,0,0,0,309,0,39,0,0,0,0,357,31,2022,1990,0.1000
0503100000010980,B,13.500,46.69,0.95,11.85,589,0,0,0,0,0,0,392,0,0,0,0,0,0,600,0,2019,1991,0.0000
0503100000010984,B,10.300,44.66,1.15,8.75,248,0,34,0,0,0,0,162,0,52,0,0,0,0,308,44,2081,2081,0.1734
0503100000010985,B,10.300,44.66,1.15,8.75,239,0,23,0,0,0,0,165,0,67,0,0,0,0,314,30,2100,2099,0.1822
0503100000011956,B,8.400,19.69,-0.05,5.75,147,0,178,0,0,0,0,62,0,14,0,0,0,0,142,83,740,740,0.4788
0503100000011963,B,8.400,19.71,-0.05,5.75,149,0,4,0,0,0,0,138,0,19,0,0,0,0,251,15,859,859,0.0742
0503100000011964,B,8.500,19.78,-0.05,5.85,122,0,215,0,0,0,0,51,0,22,0,0,0,0,117,112,608,608,0.5780
0503100000011965,B,8.500,19.48,-0.05,5.85,150,0,205,0,0,0,0,27,0,53,0,0,0,0,105,139,492,492,0.5931
0503100000010571,B,8.400,20.07,0.15,5.95,48,0,80,0,0,0,0,10,0,66,0,0,0,0,44,68,528,528,0.7157
0503100000011966,B,8.500,19.88,-0.05,3.25,78,0,0,0,0,0,0,88,0,0,0,0,0,0,146,0,699,646,0.0000
0503100000010112,B,8.200,21.19,-0.05,3.35,32,0,58,0,0,0,0,27,0,35,0,0,0,0,50,52,315,310,0.6118
0503100000010572,B,8.500,28.46,-0.15,3.05,59,0,112,0,0,0,0,91,0,38,0,0,0,0,93,47,1121,1075,0.5000
0503100000011969,B,8.400,21.52,-0.05,3.25,70,0,138,0,0,0,0,31,0,50,0,0,0,0,76,91,810,768,0.6505
0503100000010573,B,8.400,24.71,-0.15,5.75,115,0,117,0,0,0,0,78,0,47,0,0,0,0,135,57,620,620,0.4594
0503100000011972,B,8.400,19.87,-0.05,3.45,70,0,0,0,0,0,0,79,0,27,0,0,0,0,130,17,671,653,0.1534
0503100000010574,B,8.600,24.52,-0.25,5.75,121,0,110,0,0,0,0,117,0,49,0,0,0,0,138,64,725,725,0.4005
0503100000010575,B,8.600,24.71,-0.25,5.75,108,0,123,0,0,0,0,101,0,34,0,0,0,0,152,62,835,835,0.4290
0503100000010121,B,8.200,20.25,0.05,4.65,63,0,85,0,0,0,0,15,0,1,0,0,0,0,76,40,331,331,0.5244
0503100000010577,B,8.500,30.09,-0.15,5.75,233,0,127,0,0,0,0,213,0,62,0,0,0,0,381,88,959,959,0.2976
0503100000010125,B,8.300,27.96,-0.15,3.25,82,0,85,0,0,0,0,19,0,25,0,0,0,0,84,57,364,359,0.5213
0503100000010126,B,8.600,115.42,-0.05,4.65,514,0,413,0,0,0,0,346,0,158,0,0,0,0,804,343,3919,3875,0.3990
0503100000010578,B,8.600,24.71,-0.25,5.75,116,0,123,0,0,0,0,84,0,51,0,0,0,0,140,74,900,898,0.4652
0503100000010127,B,8.200,25.83,-0.05,3.15,83,0,59,0,0,0,0,26,0,42,0,0,0,0,96,52,317,314,0.4810
0503100000010581,B,8.600,28.37,-0.25,3.05,73,0,95,0,0,0,0,64,0,23,0,0,0,0,61,24,1113,1053,0.4627
0503100000010134,B,7.500,20.82,0.05,3.95,65,0,4,0,0,0,0,25,0,1,0,0,0,0,81,4,433,430,0.0526
0503100000010582,B,8.700,24.71,-0.25,5.75,119,0,120,0,0,0,0,79,0,60,0,0,0,0,145,68,932,924,0.4762
0503100000010136,B,8.300,20.26,-0.05,4.95,65,0,83,0,0,0,0,42,0,0,0,0,0,0,89,34,372,372,0.4368
0503100000010585,B,8.800,20.16,0.15,5.95,71,0,87,0,0,0,0,22,0,16,0,0,0,0,57,51,453,452,0.5255
0503100000010587,B,8.700,20.03,0.25,5.95,80,0,64,0,0,0,0,15,0,30,0,0,0,0,71,42,474,472,0.4974
0503100000010145,B,7.600,36.48,-0.15,2.65,182,0,230,0,0,0,0,22,0,47,0,0,0,0,192,150,920,897,0.5759
0503100000010593,B,8.700,20.01,0.25,5.95,68,0,91,0,0,0,0,31,0,26,0,0,0,0,67,66,478,476,0.5417
0503100000010148,B,7.600,28.41,-0.05,2.85,94,0,250,0,0,0,0,40,0,49,0,0,0,0,102,133,824,817,0.6905
0503100000008848,A,8.600,21.45,-0.05,6.05,244,0,106,0,0,0,0,28,0,90,0,0,0,0,215,102,1366,1366,0.4188
0503100000010150,B,8.400,30.69,-0.25,3.15,141,0,219,0,0,0,0,16,0,86,0,0,0,0,143,155,995,986,0.6602
0503100000010152,B,7.500,28.36,-0.05,2.65,83,0,231,0,0,0,0,59,0,64,0,0,0,0,105,142,860,849,0.6751
0503100000010155,B,8.300,20.80,-0.05,3.85,48,0,111,0,0,0,0,4,0,58,0,0,0,0,37,71,755,755,0.7647
0503100000010159,B,8.400,20.80,-0.05,3.55,50,0,102,0,0,0,0,8,0,51,0,0,0,0,40,84,721,714,0.7251
0503100000010162,B,8.400,26.84,-0.05,3.75,85,0,106,0,0,0,0,145,0,65,0,0,0,0,213,109,800,800,0.4264
0503100000010164,B,8.400,20.79,-0.05,3.85,41,0,105,0,0,0,0,7,0,86,0,0,0,0,41,104,747,744,0.7992
0503100000010167,B,8.300,20.78,-0.05,3.65,40,0,98,0,0,0,0,2,0,81,0,0,0,0,33,95,724,724,0.8100
0503100000011549,A,8.300,19.29,1.25,4.35,22,0,180,0,0,0,0,54,0,0,0,0,0,0,27,61,917,872,0.7031
0503100000011550,A,8.300,19.30,1.25,4.45,31,0,183,0,0,0,0,85,0,3,0,0,0,0,50,57,809,776,0.6159
0503100000012024,B,13.100,52.48,1.25,11.65,375,0,82,0,0,0,0,206,0,97,0,0,0,0,414,80,1897,1896,0.2355
0503100000011552,A,14.200,143.07,1.45,13.15,6755,0,0,0,0,0,0,2802,0,0,0,0,0,0,6247,0,17892,17878,0.0000
0503100000011553,A,8.300,19.28,1.25,4.35,24,0,175,0,0,0,0,68,0,0,0,0,0,0,28,59,882,860,0.6554
0503100000011554,A,8.300,19.11,1.25,4.35,26,0,173,0,0,0,0,74,0,3,0,0,0,0,35,43,895,846,0.6377
0503100000008876,B,6.400,24.96,1.55,5.35,50,0,0,0,0,0,0,13,0,0,0,0,0,0,60,0,663,636,0.0000
0503100000008877,B,6.400,25.30,1.55,5.35,48,0,0,0,0,0,0,27,0,0,0,0,0,0,54,0,692,692,0.0000
0503100000008882,B,12.900,45.06,1.25,11.65,368,0,53,0,0,0,0,230,0,57,0,0,0,0,425,57,85,56,0.1554
0503100000008884,B,12.800,40.11,1.35,11.65,774,0,10,0,0,0,0,700,0,6,0,0,0,0,886,14,242,172,0.0107
0503100000008885,B,12.800,40.11,1.35,11.65,726,0,16,0,0,0,0,509,0,8,0,0,0,0,771,10,115,67,0.0191
0503100000008886,B,12.800,45.02,1.35,11.65,528,0,9,0,0,0,0,983,0,44,0,0,0,0,1208,24,77,44,0.0339
0503100000008887,B,12.800,45.02,1.35,11.65,1450,0,124,0,0,0,0,596,0,76,0,0,0,0,1602,102,226,166,0.0890
0503100000008888,B,12.800,40.13,1.35,11.65,347,0,91,0,0,0,0,379,0,67,0,0,0,0,434,86,149,107,0.1787
0503100000008893,B,10.400,37.91,1.55,7.45,406,0,164,0,0,0,0,174,0,184,0,0,0,0,456,184,1438,1404,0.3750
0503100000012058,B,8.500,19.68,-0.05,3.35,77,0,3,0,0,0,0,65,0,18,0,0,0,0,117,19,656,639,0.1288
0503100000012059,B,8.400,20.00,-0.05,3.35,38,0,27,0,0,0,0,67,0,66,0,0,0,0,85,60,692,668,0.4697
0503100000012064,B,8.500,19.49,-0.05,5.85,140,0,196,0,0,0,0,42,0,24,0,0,0,0,107,110,560,560,0.5473
0503100000012071,B,8.600,29.09,-0.15,5.85,64,0,152,0,0,0,0,336,0,12,0,0,0,0,372,75,955,955,0.2908
0503100000008904,B,8.100,28.37,0.05,2.75,83,0,239,0,0,0,0,30,0,50,0,0,0,0,101,139,859,859,0.7189
0503100000012072,B,8.500,25.34,-0.15,5.85,383,0,4,0,0,0,0,136,0,37,0,0,0,0,490,26,144,144,0.0732
0503100000008905,B,7.500,28.40,0.05,2.75,84,0,242,0,0,0,0,44,0,82,0,0,0,0,106,135,864,850,0.7168
0503100000012075,B,8.500,22.70,-0.05,3.35,73,0,90,0,0,0,0,54,0,42,0,0,0,0,83,82,798,757,0.5097
0503100000008910,B,8.400,21.46,-0.05,3.75,0,0,0,0,0,0,0,77,0,0,0,0,0,0,20,0,538,537,0.0000
0503100000008913,B,8.500,26.67,-0.05,3.75,134,0,0,0,0,0,0,114,0,2,0,0,0,0,159,2,542,541,0.0080
0503100000012083,B,8.400,19.80,-0.05,3.25,74,0,0,0,0,0,0,73,0,17,0,0,0,0,129,9,675,648,0.1037
0503100000008915,B,8.200,21.52,-0.05,3.75,0,0,0,0,0,0,0,82,0,0,0,0,0,0,20,0,352,351,0.0000
0503100000008917,B,8.400,21.40,-0.05,3.65,0,0,0,0,0,0,0,48,0,0,0,0,0,0,6,0,340,337,0.0000
0503100000011601,B,8.400,26.00,-0.15,3.55,33,0,115,0,0,0,0,146,0,66,0,0,0,0,136,93,395,395,0.5028
0503100000008918,B,8.400,21.53,-0.05,3.85,1,0,0,0,0,0,0,75,0,0,0,0,0,0,16,0,539,539,0.0000
0503100000008919,B,8.400,21.41,-0.05,3.85,0,0,0,0,0,0,0,78,0,0,0,0,0,0,17,0,554,554,0.0000
0503100000010226,B,7.500,23.02,0.05,3.95,54,0,0,0,0,0,0,54,0,2,0,0,0,0,102,2,425,425,0.0182
0503100000008924,B,8.300,21.53,-0.05,3.75,0,0,0,0,0,0,0,75,0,0,0,0,0,0,20,0,533,533,0.0000
0503100000010227,B,8.200,21.18,-0.05,3.35,20,0,56,0,0,0,0,52,0,41,0,0,0,0,46,49,310,306,0.5740
0503100000008925,B,8.500,21.90,-0.05,4.05,0,0,1,0,0,0,0,77,0,8,0,0,0,0,20,3,559,559,0.1047
0503100000008927,B,8.300,21.46,-0.05,3.75,0,0,0,0,0,0,0,32,0,0,0,0,0,0,2,0,354,354,0.0000
0503100000010232,B,7.700,21.99,0.05,4.15,58,0,4,0,0,0,0,22,0,6,0,0,0,0,70,6,441,439,0.1111
0503100000010233,B,8.200,21.75,-0.05,3.75,14,0,78,0,0,0,0,60,0,10,0,0,0,0,64,45,352,341,0.5432
0503100000010234,B,8.400,20.24,-0.15,3.75,46,0,71,0,0,0,0,6,0,26,0,0,0,0,47,44,334,321,0.6510
0503100000010235,B,8.200,20.65,-0.05,3.65,38,0,72,0,0,0,0,15,0,33,0,0,0,0,41,45,320,308,0.6646
0503100000010240,B,7.600,22.86,-0.05,4.05,71,0,4,0,0,0,0,31,0,0,0,0,0,0,91,2,425,425,0.0377
0503100000010245,B,8.200,23.65,-0.05,3.75,39,0,71,0,0,0,0,54,0,18,0,0,0,0,87,34,352,342,0.4890
0503100000011135,B,8.500,19.70,-0.05,5.85,156,0,181,0,0,0,0,73,0,13,0,0,0,0,166,85,668,668,0.4586
0503100000011137,B,8.900,18.17,-0.15,4.55,109,0,94,0,0,0,0,23,0,139,0,0,0,0,122,161,605,605,0.6384
0503100000010251,B,8.200,20.20,-0.05,3.95,12,0,67,0,0,0,0,52,0,23,0,0,0,0,52,43,328,320,0.5844
0503100000010253,B,8.300,20.79,-0.05,3.65,44,0,95,0,0,0,0,5,0,53,0,0,0,0,37,72,748,747,0.7513
0503100000010668,B,8.900,26.32,-0.05,5.95,195,0,89,0,0,0,0,190,0,56,0,0,0,0,346,67,500,500,0.2736
0503100000010265,A,8.500,20.47,-0.05,5.95,140,0,36,0,0,0,0,410,0,140,0,0,0,0,264,76,1794,1794,0.2424
0503100000010674,B,8.800,20.17,0.15,5.95,68,0,75,0,0,0,0,24,0,47,0,0,0,0,59,60,504,502,0.5701
0503100000010266,A,11.600,23.63,-0.05,7.85,186,0,161,0,0,0,0,165,0,156,0,0,0,0,301,172,2057,2054,0.4746
0503100000010267,A,8.700,25.56,-0.15,6.05,196,0,40,0,0,0,0,376,0,181,0,0,0,0,444,84,236,236,0.2787
0503100000010268,A,11.800,20.30,-0.05,8.05,160,0,48,0,0,0,0,203,0,214,0,0,0,0,231,94,1509,1509,0.4192
0503100000010676,B,8.100,28.26,-0.05,3.65,59,0,132,0,0,0,0,85,0,6,0,0,0,0,100,65,565,561,0.4894
0503100000010270,A,8.500,25.73,-0.05,5.95,464,0,0,0,0,0,0,932,0,184,0,0,0,0,1094,28,2340,2336,0.1165
0503100000010271,A,8.700,20.75,-0.15,6.05,224,0,56,0,0,0,0,70,0,118,0,0,0,0,228,80,8,8,0.3718
0503100000010272,A,11.200,36.30,-0.05,7.15,311,0,373,0,0,0,0,79,0,267,0,0,0,0,305,299,3666,2020,0.6214
0503100000010273,A,11.500,20.76,-0.05,7.75,234,0,80,0,0,0,0,40,0,164,0,0,0,0,240,110,1446,1442,0.4710
0503100000010682,B,8.400,24.05,-0.25,4.35,134,0,51,0,0,0,0,88,0,109,0,0,0,0,191,103,537,535,0.4188
0503100000010274,A,11.400,20.62,-0.05,7.75,234,0,66,0,0,0,0,40,0,162,0,0,0,0,228,98,1432,1432,0.4542
0503100000010275,A,8.700,26.17,-0.15,6.05,350,0,62,0,0,0,0,143,0,85,0,0,0,0,427,82,297,297,0.2297
0503100000010685,B,8.300,20.15,-0.15,4.25,76,0,82,0,0,0,0,54,0,210,0,0,0,0,106,186,1074,1072,0.6919
0503100000010276,A,11.300,22.80,0.05,7.75,153,0,30,0,0,0,0,44,0,84,0,0,0,0,148,46,817,817,0.3666
0503100000012601,B,6.200,20.78,2.15,5.35,20,0,0,0,0,0,0,25,0,0,0,0,0,0,38,0,344,344,0.0000
0503100000010686,B,8.300,19.38,-0.15,4.35,54,0,92,0,0,0,0,134,0,198,0,0,0,0,138,198,1012,1010,0.6067
0503100000010277,A,8.600,25.89,-0.05,6.05,149,0,31,0,0,0,0,106,0,81,0,0,0,0,242,55,10,10,0.3052
0503100000010278,A,8.900,20.56,-0.15,6.05,212,0,44,0,0,0,0,98,0,116,0,0,0,0,252,66,1446,1446,0.3404
0503100000010279,A,8.700,20.55,-0.15,6.05,123,0,31,0,0,0,0,66,0,132,0,0,0,0,146,81,1235,1235,0.4631
0503100000012605,B,8.400,20.78,2.15,6.35,25,0,14,0,0,0,0,36,0,0,0,0,0,0,47,2,358,358,0.1867
0503100000012969,B,7.400,36.42,0.35,2.75,107,0,155,0,0,0,0,50,0,16,0,0,0,0,130,75,709,690,0.5213
0503100000010281,A,8.700,26.14,-0.25,5.95,476,0,22,0,0,0,0,628,0,26,0,0,0,0,822,20,696,644,0.0417
0503100000010692,B,8.100,22.55,-0.05,4.05,16,0,77,0,0,0,0,43,0,82,0,0,0,0,42,70,564,564,0.7294
0503100000010695,B,8.300,28.20,-0.15,3.05,47,0,308,0,0,0,0,76,0,56,0,0,0,0,79,174,798,794,0.7474
0503100000012975,B,7.500,28.35,0.45,3.05,34,0,173,0,0,0,0,30,0,42,0,0,0,0,62,106,600,589,0.7706
0503100000012977,B,6.600,26.43,0.25,3.05,29,0,127,0,0,0,0,26,0,43,0,0,0,0,44,77,487,487,0.7556
0503100000012978,B,7.600,31.38,0.25,3.45,36,0,168,0,0,0,0,87,0,57,0,0,0,0,116,120,627,627,0.6466
0503100000012979,B,6.300,21.50,0.35,3.05,10,0,137,0,0,0,0,16,0,55,0,0,0,0,20,105,588,588,0.8807
0503100000012980,B,6.400,27.15,0.25,2.95,60,0,156,0,0,0,0,63,0,73,0,0,0,0,115,145,638,638,0.6506
0503100000012981,B,7.700,24.30,0.25,3.45,36,0,155,0,0,0,0,14,0,47,0,0,0,0,42,98,567,567,0.8016
0503100000012982,B,7.400,33.89,0.45,2.75,80,0,189,0,0,0,0,43,0,57,0,0,0,0,115,123,675,666,0.6667
0503100000012621,B,6.200,20.78,2.15,5.45,16,0,0,0,0,0,0,32,0,0,0,0,0,0,44,0,299,299,0.0000
0503100000012985,B,8.000,33.53,0.25,2.75,111,0,175,0,0,0,0,19,0,83,0,0,0,0,122,123,812,810,0.6649
0503100000012986,B,8.000,24.51,0.25,3.55,37,0,133,0,0,0,0,21,0,45,0,0,0,0,47,96,594,592,0.7542
0503100000012987,B,8.100,24.58,0.25,3.55,34,0,145,0,0,0,0,22,0,50,0,0,0,0,45,98,583,582,0.7769
0503100000012988,B,8.100,24.52,0.25,3.45,23,0,149,0,0,0,0,22,0,53,0,0,0,0,37,100,603,590,0.8178
0503100000012989,B,6.700,31.35,0.15,2.95,81,0,110,0,0,0,0,31,0,25,0,0,0,0,94,65,495,495,0.5466
0503100000012990,B,6.400,24.75,0.35,3.05,15,0,133,0,0,0,0,40,0,40,0,0,0,0,20,80,463,463,0.7588
0503100000011659,B,14.300,109.76,1.35,13.15,1643,0,0,0,0,0,0,954,0,0,0,0,0,0,1549,0,395,367,0.0000
0503100000011660,B,13.000,46.44,1.35,11.85,581,0,113,0,0,0,0,377,0,50,0,0,0,0,756,99,130,99,0.1454
0503100000011661,B,12.900,43.44,1.45,11.75,368,0,39,0,0,0,0,169,0,90,0,0,0,0,324,72,2135,2106,0.1937
0503100000011662,B,12.900,46.44,1.45,11.85,347,0,83,0,0,0,0,362,0,79,0,0,0,0,506,72,95,63,0.1860
0503100000011663,B,12.900,43.44,1.45,11.75,431,0,0,0,0,0,0,226,0,22,0,0,0,0,424,2,2127,2098,0.0324
0503100000012650,B,6.200,21.15,0.45,3.05,11,0,138,0,0,0,0,22,0,50,0,0,0,0,24,97,569,569,0.8507
0503100000011664,B,12.800,48.36,1.45,11.75,656,0,40,0,0,0,0,223,0,61,0,0,0,0,691,53,2103,2077,0.1031
0503100000012652,B,7.700,28.78,0.35,3.25,48,0,164,0,0,0,0,52,0,1,0,0,0,0,84,70,620,620,0.6226
0503100000011665,B,13.000,52.20,1.35,11.65,455,0,16,0,0,0,0,152,0,2,0,0,0,0,466,9,2270,2266,0.0288
0503100000012653,B,6.300,27.14,0.45,2.95,45,0,142,0,0,0,0,21,0,57,0,0,0,0,61,118,605,605,0.7509
0503100000011667,B,13.000,44.60,1.35,11.65,425,0,0,0,0,0,0,141,0,0,0,0,0,0,442,0,2234,2234,0.0000
0503100000011668,B,13.100,44.60,1.25,11.65,403,0,0,0,0,0,0,110,0,0,0,0,0,0,389,0,2134,2134,0.0000
0503100000011200,B,8.500,19.61,-0.15,3.15,103,0,14,0,0,0,0,55,0,10,0,0,0,0,114,21,588,584,0.1319
0503100000011203,B,8.600,19.71,-0.05,5.85,161,0,164,0,0,0,0,64,0,21,0,0,0,0,158,84,734,734,0.4512
0503100000011204,B,8.600,19.74,-0.15,5.85,173,0,146,0,0,0,0,93,0,3,0,0,0,0,221,84,587,587,0.3590
0503100000011693,B,8.600,25.90,-0.25,3.85,21,0,133,0,0,0,0,188,0,65,0,0,0,0,198,102,766,764,0.4865
0503100000011694,B,8.700,26.01,-0.25,3.95,196,0,110,0,0,0,0,140,0,2,0,0,0,0,276,44,772,770,0.2500
0503100000011206,B,8.300,20.82,-0.05,3.65,43,0,146,0,0,0,0,27,0,31,0,0,0,0,52,94,765,748,0.7166
0503100000011209,B,8.400,19.82,-0.15,3.15,97,0,15,0,0,0,0,48,0,8,0,0,0,0,106,23,748,734,0.1369
0503100000010341,B,7.700,20.23,-0.05,4.05,7,0,0,0,0,0,0,36,0,0,0,0,0,0,33,0,404,404,0.0000
0503100000011699,B,8.700,23.08,-0.15,4.35,97,0,36,0,0,0,0,181,0,125,0,0,0,0,264,123,694,693,0.3667
0503100000011211,B,8.400,19.67,-0.05,5.75,161,0,182,0,0,0,0,68,0,20,0,0,0,0,154,95,717,717,0.4687
0503100000011213,B,8.500,19.73,-0.05,5.85,160,0,172,0,0,0,0,64,0,27,0,0,0,0,163,88,640,640,0.4704
0503100000011701,B,8.500,20.25,-0.05,4.35,30,0,139,0,0,0,0,50,0,64,0,0,0,0,58,100,734,734,0.7173
0503100000010345,B,8.200,20.21,-0.05,3.85,10,0,56,0,0,0,0,59,0,27,0,0,0,0,57,51,328,314,0.5461
0503100000010346,B,8.400,20.84,-0.15,3.85,11,0,61,0,0,0,0,51,0,18,0,0,0,0,54,41,345,331,0.5603
0503100000010347,B,8.300,23.10,-0.15,3.95,37,0,62,0,0,0,0,45,0,22,0,0,0,0,71,44,351,341,0.5060
0503100000010348,B,8.300,20.25,-0.15,3.75,46,0,60,0,0,0,0,10,0,38,0,0,0,0,51,49,351,340,0.6364
0503100000010349,B,8.200,23.13,-0.05,3.85,61,0,67,0,0,0,0,6,0,32,0,0,0,0,62,41,356,344,0.5964
0503100000011707,B,8.700,22.84,-0.15,5.55,264,0,220,0,0,0,0,25,0,143,0,0,0,0,284,211,472,472,0.5567
0503100000011221,B,8.400,22.03,-0.05,3.75,52,0,148,0,0,0,0,23,0,38,0,0,0,0,63,92,760,760,0.7126
0503100000011711,B,8.500,20.24,-0.05,3.75,29,0,109,0,0,0,0,47,0,4,0,0,0,0,57,57,707,695,0.5979
0503100000011224,B,8.700,28.33,-0.15,5.85,292,0,91,0,0,0,0,163,0,8,0,0,0,0,411,41,666,647,0.1787
0503100000010358,B,8.400,23.80,-0.15,3.75,54,0,84,0,0,0,0,51,0,17,0,0,0,0,83,48,365,351,0.4903
0503100000011714,B,8.300,20.23,-0.05,3.95,14,0,141,0,0,0,0,47,0,53,0,0,0,0,47,89,712,711,0.7608
0503100000011715,B,8.400,20.25,-0.05,4.05,21,0,141,0,0,0,0,54,0,73,0,0,0,0,57,95,718,718,0.7405
0503100000010364,A,11.400,22.69,0.05,7.75,239,0,96,0,0,0,0,72,0,126,0,0,0,0,260,103,1391,1387,0.4165
0503100000010365,A,11.500,26.25,-0.05,7.55,217,0,176,0,0,0,0,52,0,53,0,0,0,0,160,107,1854,1848,0.4598
0503100000010366,A,8.800,30.65,-0.25,6.05,338,0,202,0,0,0,0,305,0,313,0,0,0,0,544,239,1334,1334,0.4447
0503100000010367,A,11.500,20.53,-0.05,7.85,294,0,46,0,0,0,0,123,0,145,0,0,0,0,352,88,1236,1236,0.3141
0503100000010368,A,8.700,26.13,-0.05,6.05,469,0,19,0,0,0,0,128,0,107,0,0,0,0,489,54,1214,1214,0.1743
0503100000010369,A,11.500,28.11,-0.05,7.65,343,0,165,0,0,0,0,183,0,210,0,0,0,0,483,210,1462,1456,0.4162
0503100000010370,A,11.500,23.35,-0.05,7.85,354,0,61,0,0,0,0,129,0,144,0,0,0,0,338,117,1641,1633,0.2980
0503100000010371,A,8.800,20.77,-0.15,6.05,252,0,14,0,0,0,0,264,0,10,0,0,0,0,358,12,1330,1330,0.0444
0503100000010372,A,8.700,26.16,-0.25,5.95,216,0,0,0,0,0,0,786,0,0,0,0,0,0,738,0,1520,1520,0.0000
0503100000010373,A,8.600,20.70,-0.05,6.05,124,0,14,0,0,0,0,70,0,67,0,0,0,0,150,44,101,85,0.2945
0503100000010374,A,8.700,20.76,-0.15,6.05,192,0,0,0,0,0,0,234,0,10,0,0,0,0,264,0,834,834,0.0229
0503100000010375,A,8.500,20.52,-0.05,5.95,133,0,23,0,0,0,0,154,0,25,0,0,0,0,200,24,563,563,0.1433
0503100000010376,A,8.700,20.72,-0.15,6.05,166,0,54,0,0,0,0,112,0,128,0,0,0,0,200,100,1142,1142,0.3957
0503100000010377,A,8.800,20.65,-0.15,6.05,178,0,22,0,0,0,0,176,0,44,0,0,0,0,255,26,986,986,0.1571
0503100000010379,A,11.500,24.04,-0.15,7.45,135,0,109,0,0,0,0,146,0,9,0,0,0,0,165,43,655,650,0.2957
0503100000010380,A,8.300,21.92,-0.15,5.55,53,0,63,0,0,0,0,110,0,65,0,0,0,0,130,73,617,612,0.4399
0503100000010381,A,8.300,21.88,-0.25,5.55,102,0,0,0,0,0,0,203,0,0,0,0,0,0,182,0,230,230,0.0000
0503100000010382,A,8.100,21.84,-0.15,5.45,50,0,14,0,0,0,0,49,0,75,0,0,0,0,75,50,376,376,0.4734
0503100000010384,A,8.200,21.86,-0.15,5.45,76,0,5,0,0,0,0,88,0,39,0,0,0,0,106,30,636,636,0.2115
0503100000010385,A,8.400,28.40,-0.25,5.55,107,0,27,0,0,0,0,195,0,41,0,0,0,0,244,41,414,405,0.1838
0503100000010386,A,8.200,21.69,-0.25,5.45,112,0,0,0,0,0,0,185,0,0,0,0,0,0,221,0,165,165,0.0000
0503100000010387,A,11.500,21.88,-0.15,7.65,146,0,52,0,0,0,0,153,0,70,0,0,0,0,233,82,840,840,0.2898
0503100000010388,A,8.300,21.89,-0.25,5.55,127,0,0,0,0,0,0,187,0,0,0,0,0,0,216,0,154,154,0.0000
0503100000010389,A,8.200,21.91,-0.25,5.45,100,0,0,0,0,0,0,178,0,0,0,0,0,0,200,0,48,48,0.0000
0503100000010390,A,8.300,21.89,-0.15,5.45,96,0,10,0,0,0,0,134,0,53,0,0,0,0,152,36,845,845,0.2150
0503100000012742,B,7.900,36.38,0.35,3.15,139,0,181,0,0,0,0,35,0,8,0,0,0,0,160,77,675,675,0.5207
0503100000010391,A,8.400,27.37,-0.45,5.35,144,0,0,0,0,0,0,368,0,0,0,0,0,0,408,0,774,774,0.0000
0503100000012743,B,7.600,37.13,0.35,3.15,135,0,170,0,0,0,0,120,0,17,0,0,0,0,243,88,687,686,0.4231
0503100000012744,B,6.300,21.37,0.45,3.05,10,0,140,0,0,0,0,16,0,51,0,0,0,0,17,106,573,573,0.8802
0503100000010392,A,8.200,21.85,-0.15,5.45,146,0,21,0,0,0,0,80,0,68,0,0,0,0,190,61,785,785,0.2825
0503100000010393,A,8.300,21.90,-0.35,5.35,172,0,0,0,0,0,0,245,0,0,0,0,0,0,253,0,1590,1590,0.0000
0503100000010394,A,8.200,27.42,-0.25,5.45,127,0,24,0,0,0,0,175,0,143,0,0,0,0,261,84,812,812,0.3561
0503100000010395,A,8.200,21.88,-0.25,5.35,112,0,0,0,0,0,0,144,0,0,0,0,0,0,155,0,931,931,0.0000
0503100000010396,A,8.000,21.89,0.05,5.55,211,0,0,0,0,0,0,495,0,0,0,0,0,0,486,0,1363,1363,0.0000
0503100000010781,B,7.900,32.73,-0.05,3.65,117,0,270,0,0,0,0,238,0,61,0,0,0,0,332,162,1130,1127,0.4825
0503100000012750,B,7.300,28.31,0.35,3.15,34,0,168,0,0,0,0,42,0,13,0,0,0,0,62,82,596,594,0.7043
0503100000010398,A,8.000,21.89,0.05,5.55,239,0,0,0,0,0,0,504,0,0,0,0,0,0,502,0,2300,2300,0.0000
0503100000010782,B,8.100,28.01,-0.05,3.75,95,0,267,0,0,0,0,72,0,50,0,0,0,0,146,158,1113,1112,0.6550
0503100000010399,A,8.100,27.40,-0.05,5.55,270,0,0,0,0,0,0,1296,0,0,0,0,0,0,1326,0,618,618,0.0000
0503100000010783,B,7.800,28.02,-0.05,3.65,95,0,274,0,0,0,0,30,0,43,0,0,0,0,96,156,1068,1063,0.7172
0503100000012752,B,7.600,28.82,0.35,3.15,34,0,154,0,0,0,0,40,0,10,0,0,0,0,63,77,619,619,0.6891
0503100000010400,A,10.900,21.89,0.05,7.45,214,0,30,0,0,0,0,579,0,37,0,0,0,0,571,53,1853,1850,0.0779
0503100000010784,B,7.800,28.05,0.05,3.55,117,0,244,0,0,0,0,50,0,2,0,0,0,0,136,94,1063,1063,0.5956
0503100000010401,A,7.900,27.43,0.15,5.45,439,0,0,0,0,0,0,415,0,0,0,0,0,0,613,0,1651,1651,0.0000
0503100000010785,B,7.900,28.00,-0.05,3.55,102,0,262,0,0,0,0,58,0,49,0,0,0,0,126,159,1073,1071,0.6603
0503100000010786,B,7.900,27.98,-0.05,3.65,84,0,245,0,0,0,0,100,0,35,0,0,0,0,140,133,1086,1080,0.6034
0503100000010402,A,11.100,21.89,0.05,7.45,252,0,21,0,0,0,0,601,0,15,0,0,0,0,603,28,1635,1633,0.0405
0503100000010787,B,8.000,27.97,-0.15,3.65,92,0,248,0,0,0,0,68,0,45,0,0,0,0,130,148,1090,1089,0.6468
0503100000012757,B,7.300,28.31,0.35,3.15,37,0,167,0,0,0,0,42,0,2,0,0,0,0,53,70,591,583,0.6815
0503100000010788,B,7.900,28.01,-0.05,3.55,58,0,281,0,0,0,0,27,0,86,0,0,0,0,59,213,1073,1064,0.8119
0503100000010789,B,7.900,28.00,-0.05,3.65,92,0,240,0,0,0,0,79,0,3,0,0,0,0,139,97,1089,1089,0.5870
0503100000010790,B,7.900,32.74,-0.05,3.65,208,0,271,0,0,0,0,55,0,10,0,0,0,0,228,135,1123,1123,0.5165
0503100000010791,B,7.900,28.02,-0.05,3.65,110,0,245,0,0,0,0,28,0,30,0,0,0,0,118,124,1079,1078,0.6659
0503100000010792,B,8.000,32.82,-0.15,3.65,229,0,246,0,0,0,0,37,0,3,0,0,0,0,239,110,1141,1141,0.4835
0503100000010793,B,7.900,28.04,0.15,3.75,59,0,158,0,0,0,0,45,0,20,0,0,0,0,79,85,659,659,0.6312
0503100000010794,B,8.100,32.80,-0.05,3.75,199,0,151,0,0,0,0,60,0,22,0,0,0,0,240,82,696,695,0.4005
0503100000010795,B,8.000,32.72,0.05,3.85,215,0,149,0,0,0,0,75,0,11,0,0,0,0,253,74,689,688,0.3556
0503100000012766,B,7.900,28.81,0.35,3.15,41,0,166,0,0,0,0,60,0,2,0,0,0,0,86,73,625,625,0.6245
0503100000010796,B,7.900,28.07,-0.05,3.65,61,0,157,0,0,0,0,44,0,31,0,0,0,0,72,97,664,663,0.6416
0503100000010797,B,7.800,27.98,0.15,3.75,74,0,149,0,0,0,0,61,0,12,0,0,0,0,109,71,668,667,0.5439
0503100000010798,B,8.000,28.06,-0.05,3.75,35,0,154,0,0,0,0,45,0,19,0,0,0,0,64,82,649,649,0.6838
0503100000010799,B,7.900,32.79,0.05,3.75,64,0,159,0,0,0,0,95,0,29,0,0,0,0,143,94,698,698,0.5418
0503100000010422,B,7.900,28.66,0.05,3.15,97,0,234,0,0,0,0,50,0,35,0,0,0,0,110,134,927,914,0.6466
0503100000010424,B,7.800,28.87,0.05,2.55,116,0,261,0,0,0,0,43,0,32,0,0,0,0,124,122,915,906,0.6482
0503100000010427,B,7.600,36.43,-0.05,2.65,194,0,222,0,0,0,0,52,0,59,0,0,0,0,224,141,951,935,0.5332
0503100000010428,B,7.900,31.92,-0.05,2.45,35,0,340,0,0,0,0,43,0,24,0,0,0,0,55,168,1132,1096,0.8235
0503100000010429,B,7.900,28.33,0.05,2.75,68,0,250,0,0,0,0,31,0,69,0,0,0,0,91,165,864,858,0.7632
0503100000010430,B,7.800,28.66,0.05,2.65,85,0,290,0,0,0,0,44,0,24,0,0,0,0,105,138,929,914,0.7088
0503100000011311,B,8.500,19.32,-0.05,5.85,188,0,105,0,0,0,0,16,0,4,0,0,0,0,136,51,486,486,0.3482
0503100000011313,B,8.500,24.42,-0.15,5.85,187,0,116,0,0,0,0,218,0,15,0,0,0,0,297,63,269,269,0.2444
0503100000011805,B,7.800,103.18,-0.05,3.85,731,0,21,0,0,0,0,361,0,0,0,0,0,0,1041,8,8802,8771,0.0189
0503100000011317,B,8.500,21.86,-0.15,3.25,41,0,85,0,0,0,0,92,0,9,0,0,0,0,99,49,520,507,0.4141
0503100000011808,A,12.100,110.94,-0.15,7.25,766,0,976,0,0,0,0,613,0,185,0,0,0,0,1201,599,9975,9897,0.4571
0503100000011809,A,8.100,21.91,-0.15,5.45,80,0,0,0,0,0,0,117,0,0,0,0,0,0,132,0,14,14,0.0000
0503100000011811,A,8.300,27.40,-0.25,5.45,221,0,31,0,0,0,0,146,0,29,0,0,0,0,318,35,835,827,0.1405
0503100000011812,A,11.000,29.37,-0.05,7.15,121,0,39,0,0,0,0,158,0,119,0,0,0,0,214,65,962,959,0.3616
0503100000011324,B,8.500,21.90,-0.15,3.15,10,0,81,0,0,0,0,33,0,1,0,0,0,0,15,39,556,551,0.6560
0503100000011813,A,8.100,21.88,-0.15,5.45,77,0,20,0,0,0,0,112,0,79,0,0,0,0,152,45,11,11,0.3438
0503100000011325,B,8.500,19.27,-0.15,5.85,178,0,109,0,0,0,0,25,0,6,0,0,0,0,138,50,142,142,0.3616
0503100000011814,A,8.100,21.68,-0.15,5.45,88,0,33,0,0,0,0,101,0,91,0,0,0,0,162,57,55,55,0.3962
0503100000011815,A,8.200,27.40,0.15,5.75,130,0,0,0,0,0,0,566,0,0,0,0,0,0,529,0,1423,1421,0.0000
0503100000011327,B,8.500,19.29,-0.05,5.85,164,0,114,0,0,0,0,20,0,6,0,0,0,0,123,47,438,438,0.3947
0503100000011816,A,11.300,21.91,-0.05,7.45,217,0,83,0,0,0,0,66,0,111,0,0,0,0,209,126,765,765,0.4067
0503100000011328,B,8.500,19.30,-0.05,5.85,173,0,120,0,0,0,0,17,0,3,0,0,0,0,143,54,430,430,0.3930
0503100000011817,A,11.200,21.88,0.25,7.85,183,0,111,0,0,0,0,304,0,76,0,0,0,0,321,158,1361,1361,0.2774
0503100000011818,A,8.000,21.73,0.35,5.85,87,0,0,0,0,0,0,320,0,0,0,0,0,0,278,0,108,108,0.0000
0503100000011330,B,8.600,19.29,-0.15,5.85,164,0,136,0,0,0,0,27,0,7,0,0,0,0,135,65,464,464,0.4281
0503100000011819,A,11.100,27.46,-0.15,7.35,114,0,8,0,0,0,0,138,0,118,0,0,0,0,149,41,770,770,0.3333
0503100000011820,A,8.000,21.78,0.35,5.75,109,0,0,0,0,0,0,318,0,0,0,0,0,0,300,0,1384,1384,0.0000
0503100000011821,A,8.200,21.91,-0.15,5.55,72,0,47,0,0,0,0,58,0,116,0,0,0,0,101,104,31,31,0.5563
0503100000013976,B,8.700,84.79,1.65,7.85,152,0,54,0,0,0,0,160,0,25,0,0,0,0,213,42,1890,1836,0.2020
0503100000011333,B,8.500,19.31,-0.05,5.85,159,0,108,0,0,0,0,10,0,6,0,0,0,0,162,46,348,348,0.4028
0503100000011822,A,8.200,21.91,-0.15,5.45,187,0,59,0,0,0,0,58,0,137,0,0,0,0,150,128,995,995,0.4444
0503100000011334,B,8.500,21.85,-0.15,5.75,80,0,105,0,0,0,0,157,0,16,0,0,0,0,198,61,664,648,0.3380
0503100000011823,A,8.000,21.80,0.35,5.75,98,0,0,0,0,0,0,313,0,0,0,0,0,0,293,0,1383,1383,0.0000
0503100000013979,B,8.400,21.96,2.05,7.85,52,0,66,0,0,0,0,14,0,21,0,0,0,0,49,50,387,383,0.5686
0503100000011824,A,8.100,21.88,0.25,5.75,143,0,0,0,0,0,0,288,0,0,0,0,0,0,270,0,1268,1268,0.0000
0503100000011336,B,8.500,28.41,-0.15,3.15,23,0,104,0,0,0,0,128,0,48,0,0,0,0,87,62,600,600,0.5017
0503100000013980,B,8.400,19.66,1.95,7.85,95,0,0,0,0,0,0,43,0,2,0,0,0,0,109,2,1,1,0.0143
0503100000011825,A,8.000,21.90,0.35,5.85,250,0,0,0,0,0,0,280,0,0,0,0,0,0,371,0,1537,1536,0.0000
0503100000011826,A,8.300,21.89,0.35,5.95,271,0,0,0,0,0,0,280,0,0,0,0,0,0,380,0,1655,1655,0.0000
0503100000013982,B,8.400,21.97,2.05,7.85,58,0,68,0,0,0,0,15,0,26,0,0,0,0,56,56,378,374,0.5629
0503100000011340,B,8.500,21.88,-0.15,3.15,25,0,87,0,0,0,0,97,0,8,0,0,0,0,101,53,561,550,0.4378
0503100000013984,B,8.400,19.85,1.85,7.75,87,0,0,0,0,0,0,37,0,0,0,0,0,0,109,0,3,1,0.0000
0503100000013989,B,8.400,23.86,1.95,7.75,32,0,38,0,0,0,0,42,0,7,0,0,0,0,61,19,457,457,0.3782
0503100000012841,B,6.300,21.44,0.45,3.05,8,0,130,0,0,0,0,16,0,57,0,0,0,0,10,109,561,555,0.8863
0503100000012845,B,7.600,28.80,0.35,3.15,42,0,151,0,0,0,0,55,0,3,0,0,0,0,79,67,634,634,0.6135
0503100000012847,B,8.200,30.04,0.45,4.05,97,0,67,0,0,0,0,69,0,99,0,0,0,0,157,72,853,853,0.5000
0503100000012849,B,6.700,156.26,-0.25,3.55,587,0,0,0,0,0,0,1057,0,1,0,0,0,0,1551,1,28966,28850,0.0006
0503100000010880,B,7.900,28.04,-0.05,3.75,58,0,144,0,0,0,0,45,0,35,0,0,0,0,77,86,660,660,0.6348
0503100000010881,B,7.900,28.07,-0.05,3.65,55,0,161,0,0,0,0,59,0,29,0,0,0,0,84,92,663,663,0.6250
0503100000010882,B,8.000,28.05,-0.05,3.65,60,0,155,0,0,0,0,39,0,31,0,0,0,0,72,95,658,658,0.6526
0503100000010883,B,8.200,27.98,0.15,3.95,64,0,154,0,0,0,0,66,0,18,0,0,0,0,91,79,641,641,0.5695
0503100000010884,B,7.900,28.09,-0.05,3.75,58,0,161,0,0,0,0,42,0,31,0,0,0,0,72,91,667,667,0.6575
0503100000012860,B,9.100,69.22,2.15,4.65,143,0,110,0,0,0,0,78,0,50,0,0,0,0,185,99,991,984,0.4199
0503100000010885,B,7.900,27.99,0.15,3.75,59,0,173,0,0,0,0,44,0,73,0,0,0,0,80,112,662,660,0.7049
0503100000010886,B,7.800,28.03,0.15,3.75,64,0,156,0,0,0,0,62,0,9,0,0,0,0,88,74,640,639,0.5670
0503100000010890,A,12.900,159.87,1.45,7.05,1811,0,125,0,0,0,0,970,0,29,0,0,0,0,2487,83,32493,31596,0.0525
0503100000009919,B,6.200,21.43,0.15,2.75,20,0,169,0,0,0,0,32,0,69,0,0,0,0,42,135,786,778,0.8207
0503100000012875,B,7.600,28.34,0.35,3.05,46,0,186,0,0,0,0,37,0,47,0,0,0,0,77,110,579,554,0.7373
0503100000009923,B,8.100,28.93,-0.05,2.35,51,0,262,0,0,0,0,71,0,26,0,0,0,0,96,140,1003,996,0.7024
0503100000012877,B,7.400,28.32,0.35,2.95,35,0,172,0,0,0,0,27,0,22,0,0,0,0,59,89,625,620,0.7578
0503100000009925,B,8.000,28.86,0.05,3.05,78,0,223,0,0,0,0,108,0,9,0,0,0,0,127,99,930,928,0.5550
0503100000009930,B,8.000,28.81,0.05,2.95,84,0,220,0,0,0,0,73,0,26,0,0,0,0,132,117,920,919,0.6104
0503100000010900,B,14.300,46.18,1.55,13.25,657,0,0,0,0,0,0,75,0,0,0,0,0,0,623,0,2104,2027,0.0000
0503100000009931,B,8.100,37.08,-0.05,2.35,189,0,213,0,0,0,0,241,0,27,0,0,0,0,264,88,1015,1010,0.3582
0503100000012886,B,7.500,28.19,0.35,3.05,56,0,184,0,0,0,0,45,0,69,0,0,0,0,86,122,598,575,0.7147
0503100000012893,B,7.300,28.35,0.15,2.65,57,0,182,0,0,0,0,23,0,27,0,0,0,0,74,107,651,646,0.7232
0503100000012894,B,7.400,36.41,0.15,2.65,110,0,181,0,0,0,0,116,0,34,0,0,0,0,214,114,680,661,0.4875
0503100000011431,B,8.600,21.11,0.05,6.05,64,0,107,0,0,0,0,28,0,18,0,0,0,0,44,58,422,422,0.5760
0503100000011432,B,8.400,21.11,0.15,5.95,40,0,124,0,0,0,0,11,0,26,0,0,0,0,25,75,552,552,0.7463
0503100000011433,B,8.500,29.27,0.05,4.05,82,0,130,0,0,0,0,60,0,42,0,0,0,0,90,95,858,802,0.5478
0503100000011434,B,8.400,21.11,0.15,6.05,36,0,127,0,0,0,0,24,0,29,0,0,0,0,31,76,356,355,0.7222
0503100000011437,B,8.600,29.27,0.05,4.05,167,0,145,0,0,0,0,42,0,26,0,0,0,0,177,82,852,796,0.4500
0503100000014085,B,8.500,22.87,1.95,7.85,40,0,47,0,0,0,0,44,0,4,0,0,0,0,67,26,356,356,0.3778
0503100000014086,B,8.400,22.65,1.95,7.85,31,0,46,0,0,0,0,48,0,6,0,0,0,0,70,30,40,40,0.3969
0503100000014965,B,8.200,23.29,0.05,3.55,34,0,88,0,0,0,0,4,0,35,0,0,0,0,33,66,362,347,0.7640
0503100000014092,B,6.400,21.49,2.05,5.45,32,0,17,0,0,0,0,4,0,5,0,0,0,0,19,7,330,330,0.3793
0503100000014094,B,8.600,26.96,2.15,6.35,28,0,77,0,0,0,0,56,0,8,0,0,0,0,57,35,582,556,0.5030
0503100000014095,B,8.700,26.95,2.15,6.45,34,0,74,0,0,0,0,47,0,7,0,0,0,0,63,34,570,536,0.5000
0503100000014971,B,8.100,25.77,-0.05,2.75,55,0,95,0,0,0,0,22,0,42,0,0,0,0,61,74,518,492,0.6402
0503100000014972,B,8.000,22.27,0.05,2.85,17,0,88,0,0,0,0,14,0,35,0,0,0,0,20,60,514,495,0.7987
0503100000011928,B,13.700,89.82,1.45,11.15,758,0,114,0,0,0,0,310,0,383,0,0,0,0,836,338,3851,3850,0.3176
0503100000014974,B,8.100,21.87,0.05,3.55,36,0,86,0,0,0,0,6,0,36,0,0,0,0,37,60,367,354,0.7439
0503100000014104,B,8.700,29.83,2.15,7.95,59,0,110,0,0,0,0,87,0,30,0,0,0,0,81,63,536,529,0.4895
0503100000011931,B,13.800,54.46,1.35,11.05,176,0,63,0,0,0,0,199,0,211,0,0,0,0,270,128,1896,1865,0.4222
0503100000014108,B,8.700,26.96,2.15,6.05,28,0,78,0,0,0,0,44,0,12,0,0,0,0,50,47,584,543,0.5556
0503100000011932,B,13.800,54.29,1.35,11.05,427,0,71,0,0,0,0,177,0,132,0,0,0,0,471,85,1881,1863,0.2515
0503100000011933,B,13.100,52.53,1.25,11.65,537,0,66,0,0,0,0,162,0,83,0,0,0,0,511,68,1895,1890,0.1757
0503100000014982,B,7.800,24.49,0.05,3.15,10,0,110,0,0,0,0,76,0,20,0,0,0,0,81,62,532,520,0.6019
0503100000014985,B,8.200,21.75,0.05,4.05,24,0,111,0,0,0,0,64,0,39,0,0,0,0,70,72,522,522,0.6303
0503100000014986,B,8.100,21.89,0.05,3.05,36,0,114,0,0,0,0,15,0,50,0,0,0,0,41,92,375,362,0.7628
0503100000011936,B,12.900,48.52,1.25,11.65,558,0,196,0,0,0,0,317,0,109,0,0,0,0,654,170,89,60,0.2585
0503100000014521,B,8.200,21.95,-0.05,3.25,2,0,83,0,0,0,0,11,0,24,0,0,0,0,9,56,318,310,0.8917
0503100000014525,B,8.300,21.80,0.05,4.25,26,0,103,0,0,0,0,85,0,53,0,0,0,0,97,68,500,493,0.5843
0503100000014532,B,8.400,32.59,0.15,4.25,133,0,82,0,0,0,0,69,0,26,0,0,0,0,152,39,446,435,0.3484
0503100000014541,B,8.200,20.22,-0.05,4.85,15,0,83,0,0,0,0,41,0,3,0,0,0,0,39,36,347,347,0.6056
0503100000014547,B,8.600,24.20,0.05,4.85,154,0,57,0,0,0,0,37,0,22,0,0,0,0,162,53,364,364,0.2926
0503100000013292,B,11.000,112.64,1.75,5.25,1304,0,0,0,0,0,0,529,0,0,0,0,0,0,1644,0,30312,29897,0.0000
0503100000015068,B,7.700,22.88,-0.05,4.05,39,0,23,0,0,0,0,47,0,12,0,0,0,0,77,25,650,649,0.2893
0503100000015078,B,8.200,22.03,0.05,3.95,39,0,111,0,0,0,0,37,0,31,0,0,0,0,65,67,522,522,0.6514
0503100000013763,B,6.000,25.52,-0.25,3.15,828,0,0,0,0,0,0,122,0,0,0,0,0,0,584,0,40,40,0.0000
0503100000013764,B,7.300,50.03,-0.25,4.35,742,0,0,0,0,0,0,416,0,0,0,0,0,0,1040,0,5478,5444,0.0000
0503100000013765,B,6.300,53.70,-0.25,3.45,308,0,0,0,0,0,0,518,0,0,0,0,0,0,590,0,3708,3630,0.0000
0503100000015091,B,8.200,27.88,-0.05,3.25,126,0,143,0,0,0,0,32,0,49,0,0,0,0,150,94,545,525,0.5486
0503100000013780,A,6.000,25.12,-0.15,3.35,179,0,0,0,0,0,0,404,0,0,0,0,0,0,475,0,1136,1136,0.0000
0503100000014229,B,8.200,20.24,-0.05,4.25,54,0,13,0,0,0,0,15,0,2,0,0,0,0,65,10,415,413,0.1786
0503100000014628,B,8.500,25.32,-0.25,4.25,52,0,96,0,0,0,0,66,0,45,0,0,0,0,106,68,546,536,0.5444
0503100000014635,B,8.300,20.21,-0.05,3.95,38,0,77,0,0,0,0,68,0,41,0,0,0,0,92,56,505,496,0.5268
0503100000014641,B,8.300,22.54,0.05,3.85,22,0,76,0,0,0,0,87,0,76,0,0,0,0,89,75,512,492,0.5824
0503100000014643,B,6.000,102.19,-0.35,3.15,646,0,8,0,0,0,0,309,0,0,0,0,0,0,920,2,2976,2905,0.0083
0503100000014645,A,8.600,25.05,-0.15,4.75,171,0,218,0,0,0,0,171,0,41,0,0,0,0,303,177,931,931,0.4309
0503100000014648,A,8.500,20.45,-0.05,4.75,141,0,185,0,0,0,0,90,0,15,0,0,0,0,163,143,913,912,0.4640
0503100000014649,A,8.500,20.47,-0.05,4.65,151,0,139,0,0,0,0,109,0,3,0,0,0,0,196,121,927,924,0.3532
0503100000013842,A,6.000,25.39,-0.15,3.35,219,0,0,0,0,0,0,214,0,39,0,0,0,0,367,16,760,759,0.0826
0503100000015180,B,8.200,27.93,0.05,3.95,134,0,125,0,0,0,0,49,0,38,0,0,0,0,167,78,513,513,0.4711
0503100000013851,A,8.800,25.38,0.05,6.25,209,0,482,0,0,0,0,377,0,78,0,0,0,0,472,272,1306,1275,0.4887
0503100000013859,B,6.200,20.75,2.15,5.35,11,0,0,0,0,0,0,31,0,0,0,0,0,0,37,0,350,350,0.0000
0503100000015187,B,8.200,22.03,-0.05,3.55,49,0,128,0,0,0,0,24,0,52,0,0,0,0,61,81,524,508,0.7115
0503100000015188,B,8.100,22.03,0.05,3.45,46,0,136,0,0,0,0,25,0,44,0,0,0,0,55,92,530,506,0.7171
0503100000015196,B,8.200,28.04,-0.05,3.95,122,0,124,0,0,0,0,105,0,45,0,0,0,0,206,96,547,535,0.4268
0503100000013869,A,6.100,25.20,-0.15,3.35,216,0,0,0,0,0,0,391,0,0,0,0,0,0,511,0,1631,1631,0.0000
0503100000013873,A,6.100,25.16,-0.15,3.35,316,0,0,0,0,0,0,339,0,0,0,0,0,0,564,0,1124,1123,0.0000
0503100000013882,B,9.600,27.79,0.65,7.75,204,0,97,0,0,0,0,130,0,0,0,0,0,0,281,35,899,899,0.2251
0503100000013884,B,9.500,27.79,0.75,7.75,77,0,93,0,0,0,0,144,0,70,0,0,0,0,187,71,1138,1137,0.4245
0503100000013885,B,9.500,35.71,0.75,7.75,222,0,86,0,0,0,0,239,0,0,0,0,0,0,407,29,1147,1131,0.1572
0503100000013887,B,9.500,54.51,0.75,7.75,911,0,0,0,0,0,0,403,0,0,0,0,0,0,1166,0,2581,2444,0.0000
0503100000013888,B,9.500,27.79,0.75,7.75,234,0,70,0,0,0,0,118,0,0,0,0,0,0,290,28,589,589,0.1659
0503100000013890,B,9.600,27.79,0.65,7.75,85,0,83,0,0,0,0,127,0,68,0,0,0,0,192,60,663,638,0.4160
0503100000013894,B,9.500,35.82,0.75,7.75,603,0,86,0,0,0,0,133,0,0,0,0,0,0,674,29,617,617,0.1046
0503100000014719,A,8.500,20.43,-0.05,4.65,154,0,121,0,0,0,0,86,0,9,0,0,0,0,191,120,922,922,0.3514
0503100000014310,B,7.200,35.16,-0.05,4.55,57,0,73,0,0,0,0,103,0,17,0,0,0,0,154,59,809,808,0.3600
0503100000014723,A,8.500,20.42,-0.05,4.65,157,0,102,0,0,0,0,88,0,6,0,0,0,0,182,100,912,907,0.3059
0503100000014725,A,8.700,24.96,-0.15,4.65,337,0,160,0,0,0,0,176,0,85,0,0,0,0,424,112,876,875,0.3232
0503100000014726,A,8.500,20.27,-0.05,4.75,198,0,239,0,0,0,0,105,0,8,0,0,0,0,276,167,1325,1325,0.4491
0503100000014317,B,8.300,25.84,-0.25,3.25,34,0,69,0,0,0,0,109,0,47,0,0,0,0,136,65,315,311,0.4479
0503100000014729,A,8.500,20.49,-0.05,4.75,229,0,216,0,0,0,0,132,0,20,0,0,0,0,309,134,1022,1021,0.3953
0503100000014320,B,8.200,20.28,0.05,3.85,39,0,73,0,0,0,0,8,0,38,0,0,0,0,43,46,363,354,0.7025
0503100000014322,B,8.200,21.97,0.05,3.75,47,0,89,0,0,0,0,10,0,33,0,0,0,0,47,52,364,347,0.6816
0503100000014733,A,8.600,20.48,0.65,5.25,134,0,35,0,0,0,0,100,0,0,0,0,0,0,197,9,839,834,0.1301
0503100000014324,B,6.700,80.90,-0.05,3.15,338,0,290,0,0,0,0,109,0,49,0,0,0,0,326,147,2403,2209,0.4313
0503100000014325,B,8.400,27.92,-0.15,3.95,125,0,116,0,0,0,0,46,0,44,0,0,0,0,161,71,542,542,0.4834
0503100000014327,B,8.200,20.24,-0.05,4.25,48,0,34,0,0,0,0,29,0,5,0,0,0,0,59,34,408,407,0.3362
0503100000014739,A,8.300,20.43,0.35,4.85,118,0,108,0,0,0,0,47,0,11,0,0,0,0,118,104,861,861,0.4190
0503100000014329,B,8.300,22.72,0.05,3.75,46,0,91,0,0,0,0,9,0,28,0,0,0,0,46,53,369,350,0.6839
0503100000014741,A,8.300,25.09,0.35,4.55,174,0,27,0,0,0,0,155,0,9,0,0,0,0,181,14,859,849,0.0986
0503100000014744,A,8.300,20.42,0.35,4.85,129,0,111,0,0,0,0,45,0,9,0,0,0,0,107,105,845,845,0.4082
0503100000014745,A,8.400,20.47,0.25,4.85,119,0,124,0,0,0,0,44,0,7,0,0,0,0,106,105,867,867,0.4456
0503100000014747,A,8.800,20.41,0.55,5.65,146,0,200,0,0,0,0,106,0,12,0,0,0,0,211,139,857,851,0.4569
0503100000014748,A,6.100,25.04,0.45,4.05,100,0,0,0,0,0,0,130,0,1,0,0,0,0,186,0,45,45,0.0043
0503100000015289,A,8.600,26.41,-0.15,3.65,62,0,175,0,0,0,0,132,0,7,0,0,0,0,114,70,1107,1069,0.4840
0503100000015291,A,6.000,20.42,-0.15,3.25,159,0,0,0,0,0,0,113,0,1,0,0,0,0,186,1,1373,1373,0.0037
0503100000015293,A,8.500,20.26,-0.05,4.75,157,0,185,0,0,0,0,66,0,9,0,0,0,0,171,136,928,928,0.4652
0503100000015297,A,6.000,20.58,-0.15,3.25,155,0,0,0,0,0,0,115,0,0,0,0,0,0,194,0,1229,1228,0.0000
0503100000015306,A,6.000,20.60,-0.15,3.25,193,0,0,0,0,0,0,92,0,0,0,0,0,0,229,0,1417,1417,0.0000
0503100000015312,A,6.000,20.60,-0.15,3.35,212,0,0,0,0,0,0,72,0,0,0,0,0,0,202,0,742,742,0.0000
0503100000015314,A,6.100,25.07,-0.15,3.35,385,0,0,0,0,0,0,77,0,0,0,0,0,0,372,0,1270,1270,0.0000
0503100000015316,A,6.000,19.97,-0.05,3.35,155,0,0,0,0,0,0,89,0,0,0,0,0,0,177,0,1261,1260,0.0000
0503100000015318,A,6.000,25.38,-0.15,3.25,367,0,0,0,0,0,0,100,0,0,0,0,0,0,371,0,1255,1246,0.0000
0503100000014410,B,8.200,21.11,-0.05,3.15,23,0,25,0,0,0,0,28,0,45,0,0,0,0,34,46,309,307,0.5785
0503100000014411,B,8.400,20.15,-0.05,3.35,37,0,0,0,0,0,0,16,0,1,0,0,0,0,49,0,325,317,0.0185
0503100000014419,B,8.300,20.29,-0.05,3.55,47,0,46,0,0,0,0,10,0,31,0,0,0,0,46,35,354,335,0.5746
0503100000014420,B,8.200,20.05,-0.05,4.65,45,0,82,0,0,0,0,22,0,1,0,0,0,0,60,38,336,336,0.5533
0503100000014835,A,8.800,22.89,0.45,5.15,67,0,93,0,0,0,0,93,0,40,0,0,0,0,125,70,1029,1009,0.4539
0503100000014836,A,6.000,20.50,0.55,4.05,93,0,7,0,0,0,0,57,0,55,0,0,0,0,103,28,183,183,0.2925
0503100000014837,A,8.900,24.98,0.35,5.35,175,0,3,0,0,0,0,127,0,2,0,0,0,0,262,5,885,885,0.0163
0503100000014838,A,8.500,25.29,0.75,5.45,316,0,156,0,0,0,0,81,0,15,0,0,0,0,348,76,881,880,0.3011
0503100000014426,B,8.200,21.22,-0.05,3.05,37,0,24,0,0,0,0,7,0,44,0,0,0,0,40,40,311,307,0.6071
0503100000014427,B,8.200,21.27,-0.05,3.05,36,0,49,0,0,0,0,15,0,47,0,0,0,0,40,56,327,324,0.6531
0503100000014429,B,8.400,25.34,-0.15,3.75,116,0,69,0,0,0,0,14,0,36,0,0,0,0,118,50,373,354,0.4468
0503100000014847,A,8.500,20.45,0.75,5.45,123,0,91,0,0,0,0,85,0,7,0,0,0,0,176,82,841,839,0.3203
0503100000014432,B,8.200,21.98,-0.05,3.25,1,0,79,0,0,0,0,10,0,26,0,0,0,0,6,56,335,329,0.9052
0503100000014848,A,8.500,23.27,0.75,5.35,135,0,45,0,0,0,0,76,0,9,0,0,0,0,151,29,933,928,0.2038
0503100000014435,B,7.800,20.23,-0.05,4.05,11,0,0,0,0,0,0,30,0,0,0,0,0,0,39,0,428,428,0.0000
0503100000014850,A,8.600,25.26,0.95,5.05,83,0,134,0,0,0,0,65,0,26,0,0,0,0,115,83,957,946,0.5195
0503100000014852,A,8.500,24.98,1.05,5.75,102,0,99,0,0,0,0,177,0,67,0,0,0,0,260,91,879,876,0.3730
0503100000014438,B,7.900,21.48,0.05,4.25,59,0,19,0,0,0,0,60,0,3,0,0,0,0,103,20,658,657,0.1560
0503100000014439,B,7.800,20.22,0.05,4.15,37,0,0,0,0,0,0,75,0,0,0,0,0,0,86,0,648,648,0.0000
0503100000014854,A,8.500,25.03,0.75,5.45,317,0,148,0,0,0,0,89,0,14,0,0,0,0,361,100,858,858,0.2852
0503100000019011,B,8.500,19.31,1.95,7.85,75,0,4,0,0,0,0,32,0,1,0,0,0,0,98,3,260,260,0.0446
0503100000019012,B,8.500,19.15,1.95,7.85,85,0,18,0,0,0,0,18,0,15,0,0,0,0,84,24,330,330,0.2426
0503100000019013,B,8.300,23.49,2.05,7.85,70,0,72,0,0,0,0,14,0,24,0,0,0,0,70,54,40,40,0.5333
0503100000019014,B,8.500,19.31,1.95,7.85,101,0,8,0,0,0,0,16,0,12,0,0,0,0,97,15,346,346,0.1460
0503100000019015,B,8.400,24.96,2.05,7.85,64,0,69,0,0,0,0,25,0,37,0,0,0,0,66,57,362,362,0.5436
0503100000019016,B,6.400,21.68,2.05,5.45,29,0,15,0,0,0,0,8,0,3,0,0,0,0,23,9,376,376,0.3273
0503100000019017,B,6.200,24.80,2.15,5.35,34,0,0,0,0,0,0,39,0,0,0,0,0,0,65,0,528,528,0.0000
0503100000019018,B,6.400,21.81,2.05,5.45,25,0,18,0,0,0,0,11,0,8,0,0,0,0,27,17,382,382,0.4194
0503100000019019,B,6.400,21.70,2.05,5.45,21,0,17,0,0,0,0,6,0,0,0,0,0,0,19,8,390,390,0.3864
0503100000019020,B,8.300,20.76,2.15,7.75,80,0,66,0,0,0,0,39,0,1,0,0,0,0,82,40,302,301,0.3602
0503100000019024,B,6.200,24.80,2.15,5.45,40,0,1,0,0,0,0,32,0,8,0,0,0,0,66,5,475,475,0.1111
0503100000019025,B,6.200,24.68,2.15,5.45,32,0,0,0,0,0,0,62,0,0,0,0,0,0,75,0,460,459,0.0000
0503100000019026,B,6.400,21.80,2.05,5.45,27,0,15,0,0,0,0,8,0,1,0,0,0,0,16,9,380,380,0.3137
0503100000019027,B,6.400,21.70,2.05,5.45,28,0,18,0,0,0,0,14,0,1,0,0,0,0,28,9,379,378,0.3115
0503100000019030,B,8.600,32.95,2.15,8.15,81,0,89,0,0,0,0,192,0,4,0,0,0,0,232,41,536,531,0.2541
0503100000019031,B,8.300,20.76,2.15,7.65,71,0,70,0,0,0,0,30,0,3,0,0,0,0,79,34,343,342,0.4195
0503100000019033,B,8.700,25.45,2.15,8.25,93,0,38,0,0,0,0,67,0,24,0,0,0,0,131,30,287,285,0.2793
0503100000019034,B,8.700,29.85,2.15,6.35,46,0,68,0,0,0,0,62,0,4,0,0,0,0,88,24,581,553,0.4000
0503100000019035,B,8.700,25.16,2.15,8.25,110,0,24,0,0,0,0,69,0,1,0,0,0,0,140,17,252,249,0.1225
0503100000019036,B,8.700,28.47,2.15,6.15,33,0,74,0,0,0,0,46,0,9,0,0,0,0,54,35,582,544,0.5123
0503100000015402,A,6.000,25.38,-0.15,3.25,244,0,0,0,0,0,0,346,0,0,0,0,0,0,512,0,1480,1480,0.0000
0503100000015404,A,6.100,25.07,-0.15,3.35,168,0,0,0,0,0,0,216,0,0,0,0,0,0,326,0,1252,1252,0.0000
0503100000015405,A,6.100,25.16,-0.15,3.35,377,0,0,0,0,0,0,97,0,0,0,0,0,0,402,0,1284,1284,0.0000
0503100000015406,A,6.100,25.19,-0.05,3.45,382,0,0,0,0,0,0,157,0,0,0,0,0,0,421,0,1661,1661,0.0000
0503100000015408,A,6.000,19.78,-0.05,3.35,171,0,0,0,0,0,0,86,0,2,0,0,0,0,184,0,1276,1276,0.0077
0503100000015414,A,6.000,24.97,-0.05,3.35,221,0,0,0,0,0,0,156,0,3,0,0,0,0,319,2,1285,1285,0.0079
0503100000015420,A,6.100,25.97,-0.05,3.35,157,0,238,0,0,0,0,82,0,127,0,0,0,0,155,148,1430,1425,0.6043
0503100000019105,A,6.000,20.65,-0.15,3.35,31,0,0,0,0,0,0,32,0,4,0,0,0,0,43,1,46,46,0.0597
0503100000019106,A,6.000,20.65,-0.15,3.25,50,0,0,0,0,0,0,41,0,0,0,0,0,0,61,0,680,680,0.0000
0503100000019107,A,6.100,24.90,-0.25,3.35,278,0,0,0,0,0,0,38,0,0,0,0,0,0,287,0,68,68,0.0000
0503100000019517,A,6.000,20.39,0.65,4.15,122,0,1,0,0,0,0,38,0,60,0,0,0,0,137,24,34,34,0.2760
0503100000019128,B,6.200,20.78,2.15,5.35,14,0,0,0,0,0,0,22,0,0,0,0,0,0,31,0,351,351,0.0000
0503100000020027,A,8.600,27.63,-0.15,4.35,200,0,102,0,0,0,0,225,0,14,0,0,0,0,398,57,1719,1708,0.2144
0503100000019186,B,13.200,245.28,1.25,11.95,3906,0,0,0,0,0,0,1993,0,0,0,0,0,0,4447,0,3359,3256,0.0000
0503100000019187,B,14.300,21.04,0.75,12.55,359,0,0,0,0,0,0,134,0,0,0,0,0,0,414,0,37,37,0.0000
0503100000018687,A,22.700,379.21,-0.15,17.25,9647,0,10898,0,0,0,0,2308,0,881,0,0,0,0,10004,6457,40815,39557,0.4963
0503100000019188,B,10.300,44.58,1.15,8.75,445,0,0,0,0,0,0,229,0,0,0,0,0,0,526,0,2031,2031,0.0000
0503100000019191,B,10.200,52.25,1.25,8.75,507,0,0,0,0,0,0,205,0,5,0,0,0,0,557,5,2145,2143,0.0070
0503100000019192,B,10.300,44.63,1.15,8.75,456,0,2,0,0,0,0,244,0,2,0,0,0,0,533,4,2094,2094,0.0057
0503100000018690,A,50.600,385.02,-0.15,25.65,10823,0,1028,0,0,0,0,18855,0,321,0,0,0,0,14988,611,32829,28639,0.0435
0503100000019193,B,10.300,52.17,1.15,8.75,524,0,63,0,0,0,0,234,0,1,0,0,0,0,620,29,2077,2077,0.0779
0503100000018691,A,6.000,25.07,-0.05,3.35,101,0,0,0,0,0,0,130,0,0,0,0,0,0,206,0,615,615,0.0000
0503100000019197,A,6.000,24.88,-0.15,3.35,167,0,0,0,0,0,0,123,0,0,0,0,0,0,233,0,108,108,0.0000
0503100000019198,A,6.000,20.61,-0.15,3.35,173,0,0,0,0,0,0,68,0,0,0,0,0,0,193,0,125,125,0.0000
0503100000018703,B,12.100,178.44,-0.25,7.65,3134,0,24,0,0,0,0,1145,0,1,0,0,0,0,3773,10,25349,24299,0.0058
0503100000018706,A,6.100,25.18,-0.15,3.35,119,0,0,0,0,0,0,66,0,0,0,0,0,0,145,0,600,600,0.0000
0503100000018707,A,6.100,24.84,-0.25,3.35,62,0,0,0,0,0,0,218,0,0,0,0,0,0,248,0,297,297,0.0000
0503100000018708,A,19.900,165.06,-0.25,15.25,7678,0,7166,0,0,0,0,1713,0,863,0,0,0,0,8107,3508,37856,37373,0.4609
0503100000018714,B,8.400,27.82,2.15,7.75,53,0,64,0,0,0,0,146,0,6,0,0,0,0,159,35,387,387,0.2602
0503100000018715,B,8.500,21.72,2.05,7.75,54,0,48,0,0,0,0,12,0,0,0,0,0,0,48,20,381,380,0.4211
0503100000018716,B,6.200,20.75,2.15,5.35,11,0,0,0,0,0,0,31,0,0,0,0,0,0,35,0,352,352,0.0000
0503100000018719,B,6.200,20.77,2.15,5.35,19,0,0,0,0,0,0,26,0,0,0,0,0,0,39,0,346,346,0.0000
0503100000018720,B,6.300,20.76,2.15,5.55,16,0,0,0,0,0,0,35,0,0,0,0,0,0,43,0,322,322,0.0000
0503100000018721,B,6.200,20.75,2.15,5.35,12,0,0,0,0,0,0,27,0,0,0,0,0,0,30,0,345,345,0.0000
0503100000018725,B,8.500,21.71,2.05,7.75,47,0,52,0,0,0,0,10,0,1,0,0,0,0,39,20,358,357,0.4818
0503100000018726,B,8.500,21.71,2.05,7.75,50,0,51,0,0,0,0,3,0,0,0,0,0,0,39,21,368,368,0.4904
0503100000018737,B,8.500,19.49,1.85,7.75,80,0,0,0,0,0,0,34,0,9,0,0,0,0,97,5,246,245,0.0732
0503100000018738,B,8.400,19.48,1.85,7.65,75,0,1,0,0,0,0,48,0,0,0,0,0,0,97,1,389,389,0.0081
0503100000019246,B,8.500,24.97,1.85,7.75,81,0,47,0,0,0,0,17,0,11,0,0,0,0,84,32,264,264,0.3718
0503100000018739,B,8.400,19.31,1.95,7.85,80,0,5,0,0,0,0,39,0,2,0,0,0,0,99,7,0,0,0.0556
0503100000019626,A,6.000,24.95,0.25,3.75,99,0,0,0,0,0,0,125,0,0,0,0,0,0,186,0,166,166,0.0000
0503100000019630,A,6.200,24.92,0.45,4.15,73,0,0,0,0,0,0,174,0,0,0,0,0,0,230,0,26,26,0.0000
0503100000019631,A,6.000,20.66,0.65,4.15,69,0,0,0,0,0,0,69,0,0,0,0,0,0,111,0,34,34,0.0000
0503100000019632,A,6.000,20.66,0.65,4.15,77,0,0,0,0,0,0,63,0,4,0,0,0,0,109,1,35,35,0.0278
0503100000021034,B,8.600,18.46,0.05,4.55,58,0,91,0,0,0,0,63,0,128,0,0,0,0,88,146,639,639,0.6441
0503100000021035,B,8.600,18.47,0.05,4.45,57,0,75,0,0,0,0,65,0,122,0,0,0,0,98,136,633,633,0.6176
0503100000021036,B,8.700,18.47,-0.05,4.45,60,0,84,0,0,0,0,61,0,112,0,0,0,0,96,136,636,636,0.6183
0503100000021037,B,8.800,22.83,-0.15,5.35,287,0,140,0,0,0,0,65,0,81,0,0,0,0,321,121,678,678,0.3857
0503100000020129,A,22.800,388.07,-0.25,17.25,19618,0,3419,0,0,0,0,4920,0,1140,0,0,0,0,17089,2557,58105,56045,0.1567
0503100000020131,A,6.000,25.00,-0.15,3.35,124,0,0,0,0,0,0,30,0,0,0,0,0,0,137,0,251,251,0.0000
0503100000019277,B,10.300,44.64,1.15,8.75,452,0,0,0,0,0,0,234,0,2,0,0,0,0,542,2,2044,2043,0.0029
0503100000018784,A,12.000,39.85,-0.25,1.75,64,0,0,0,0,0,0,135,0,0,0,0,0,0,193,0,1337,1026,0.0000
0503100000018786,A,6.000,25.56,-0.15,3.25,216,0,0,0,0,0,0,311,0,0,0,0,0,0,468,0,1536,1536,0.0000
0503100000018787,A,6.200,25.57,-0.15,3.35,320,0,0,0,0,0,0,72,0,0,0,0,0,0,337,0,870,870,0.0000
0503100000018791,A,6.100,24.81,-0.05,3.45,106,0,0,0,0,0,0,37,0,0,0,0,0,0,106,0,458,458,0.0000
0503100000018794,A,6.000,24.94,-0.15,3.35,169,0,0,0,0,0,0,159,0,0,0,0,0,0,248,0,96,96,0.0000
0503100000018797,A,6.000,24.87,-0.15,3.35,186,0,0,0,0,0,0,90,0,0,0,0,0,0,245,0,379,379,0.0000
0503100000019292,A,36.700,68.95,0.15,34.35,2394,0,884,0,0,0,0,2699,0,425,0,0,0,0,3969,922,2817,2526,0.2045
0503100000019293,A,26.000,51.17,-0.25,22.95,2741,0,0,0,0,0,0,1785,0,63,0,0,0,0,3664,4,5364,4970,0.0137
0503100000019294,A,26.500,44.63,-0.25,22.95,323,0,0,0,0,0,0,1810,0,82,0,0,0,0,1205,7,6497,6007,0.0370
0503100000019295,A,26.700,44.64,-0.25,23.05,237,0,0,0,0,0,0,1707,0,95,0,0,0,0,1091,4,3205,2638,0.0466
0503100000019296,A,36.800,62.20,0.05,34.35,4835,0,411,0,0,0,0,1571,0,58,0,0,0,0,4955,268,1690,1501,0.0682
0503100000018803,A,6.000,24.86,-0.05,3.35,72,0,0,0,0,0,0,92,0,0,0,0,0,0,152,0,356,356,0.0000
0503100000019684,A,36.800,68.81,0.05,34.35,762,0,1003,0,0,0,0,2827,0,651,0,0,0,0,3180,1097,3177,3054,0.3155
0503100000019685,A,36.600,56.86,0.25,34.35,557,0,899,0,0,0,0,735,0,413,0,0,0,0,1023,904,2589,2420,0.5038
0503100000019686,A,25.600,51.27,0.05,23.15,1609,0,3,0,0,0,0,1467,0,84,0,0,0,0,2720,41,805,685,0.0275
0503100000018807,A,6.000,25.00,-0.15,3.35,106,0,0,0,0,0,0,104,0,0,0,0,0,0,202,0,151,151,0.0000
0503100000018811,A,6.000,20.52,-0.15,3.35,70,0,0,0,0,0,0,118,0,2,0,0,0,0,156,0,117,117,0.0105
0503100000018812,A,6.000,20.72,-0.15,3.35,60,0,0,0,0,0,0,144,0,19,0,0,0,0,175,2,113,113,0.0852
0503100000018813,A,6.000,24.93,-0.15,3.35,156,0,0,0,0,0,0,142,0,0,0,0,0,0,232,0,41,41,0.0000
0503100000018816,B,8.600,29.64,1.95,7.85,44,0,48,0,0,0,0,136,0,7,0,0,0,0,169,24,400,396,0.2340
0503100000018817,B,8.500,21.96,1.95,7.85,51,0,72,0,0,0,0,12,0,23,0,0,0,0,49,48,323,323,0.6013
0503100000018818,B,8.400,21.96,1.95,7.85,61,0,63,0,0,0,0,14,0,21,0,0,0,0,54,46,214,214,0.5283
0503100000018819,B,8.500,21.96,1.95,7.85,60,0,65,0,0,0,0,20,0,20,0,0,0,0,67,47,395,394,0.5152
0503100000019703,B,21.000,88.34,2.05,20.45,1293,0,72,0,0,0,0,715,0,50,0,0,0,0,1524,51,4110,4032,0.0573
0503100000019704,B,20.900,88.26,2.15,20.45,1295,0,74,0,0,0,0,705,0,61,0,0,0,0,1548,74,4149,4092,0.0632
0503100000019334,B,6.500,33.59,2.05,5.55,112,0,85,0,0,0,0,34,0,54,0,0,0,0,46,72,770,765,0.4877
0503100000019335,B,15.200,119.89,2.05,14.55,176,0,204,0,0,0,0,317,0,334,0,0,0,0,331,263,7198,7173,0.5218
0503100000019336,B,8.800,29.55,2.15,8.25,104,0,83,0,0,0,0,74,0,1,0,0,0,0,122,31,470,467,0.3206
0503100000019711,B,8.300,19.49,1.65,5.95,42,0,26,0,0,0,0,18,0,40,0,0,0,0,56,57,339,339,0.5238
0503100000019337,B,8.700,25.57,2.15,8.25,117,0,28,0,0,0,0,58,0,0,0,0,0,0,141,17,258,253,0.1379
0503100000019338,B,6.200,24.63,2.15,5.45,41,0,1,0,0,0,0,29,0,15,0,0,0,0,59,8,482,482,0.1860
0503100000019339,B,6.200,29.15,2.15,5.35,34,0,88,0,0,0,0,15,0,32,0,0,0,0,40,58,704,690,0.7101
0503100000019714,B,11.800,111.12,1.75,11.05,755,0,329,0,0,0,0,253,0,82,0,0,0,0,717,259,2068,2053,0.2896
0503100000019340,B,8.300,26.40,2.15,6.25,39,0,0,0,0,0,0,112,0,0,0,0,0,0,145,0,373,370,0.0000
0503100000019715,B,14.300,53.62,2.05,13.75,334,0,57,0,0,0,0,39,0,39,0,0,0,0,182,38,2618,2600,0.2047
0503100000018835,B,15.200,79.16,2.05,14.55,136,0,108,0,0,0,0,233,0,222,0,0,0,0,252,160,3570,3565,0.4721
0503100000018836,B,6.300,21.71,2.05,5.35,23,0,20,0,0,0,0,6,0,1,0,0,0,0,16,4,404,403,0.4200
0503100000019717,B,8.100,19.47,1.75,5.95,46,0,25,0,0,0,0,19,0,43,0,0,0,0,57,60,325,320,0.5113
0503100000019721,B,8.300,19.49,1.65,6.05,49,0,34,0,0,0,0,17,0,39,0,0,0,0,59,59,333,326,0.5252
0503100000019722,B,8.300,19.50,1.65,5.95,49,0,19,0,0,0,0,21,0,38,0,0,0,0,60,52,327,327,0.4488
0503100000020217,B,6.200,21.57,0.15,2.75,5,0,178,0,0,0,0,50,0,96,0,0,0,0,44,155,823,823,0.8328
0503100000020218,B,6.200,21.58,0.15,2.75,17,0,182,0,0,0,0,29,0,76,0,0,0,0,38,142,816,816,0.8487
0503100000019367,A,36.600,56.89,0.25,34.35,3142,0,517,0,0,0,0,1838,0,68,0,0,0,0,3614,334,4002,3652,0.1051
0503100000019368,A,36.800,68.84,0.05,34.35,5403,0,556,0,0,0,0,2216,0,88,0,0,0,0,5817,373,2522,2330,0.0779
0503100000019369,A,25.700,51.28,-0.25,22.95,2102,0,779,0,0,0,0,1143,0,465,0,0,0,0,2805,1009,3586,3323,0.2771
0503100000019370,A,25.800,44.71,-0.35,22.95,205,0,766,0,0,0,0,919,0,487,0,0,0,0,818,931,2283,2035,0.5271
0503100000019371,A,36.600,62.27,0.25,34.35,4945,0,1032,0,0,0,0,1120,0,370,0,0,0,0,4879,860,3487,3283,0.1878
0503100000019372,A,36.700,57.03,0.15,34.35,2152,0,621,0,0,0,0,1623,0,123,0,0,0,0,2815,405,5399,4942,0.1646
0503100000019373,A,36.700,56.79,0.15,34.35,2164,0,550,0,0,0,0,1663,0,136,0,0,0,0,2870,374,3407,3065,0.1520
0503100000019374,A,26.500,44.64,-0.25,22.95,160,0,0,0,0,0,0,1038,0,44,0,0,0,0,655,4,3359,3029,0.0354
0503100000019375,A,25.900,51.26,-0.25,22.95,1417,0,0,0,0,0,0,2196,0,100,0,0,0,0,2867,14,7190,6749,0.0269
0503100000019751,A,25.500,44.64,0.05,23.05,284,0,0,0,0,0,0,1533,0,22,0,0,0,0,1204,3,3046,2914,0.0120
0503100000019752,A,36.700,62.19,0.15,31.75,1920,0,675,0,0,0,0,715,0,812,0,0,0,0,1667,1131,5156,4956,0.3607
0503100000019377,A,36.700,56.90,0.15,34.35,3160,0,518,0,0,0,0,1757,0,72,0,0,0,0,3542,357,2591,2321,0.1071
0503100000019753,A,36.600,56.84,0.25,32.45,612,0,901,0,0,0,0,759,0,1028,0,0,0,0,480,1398,5604,5286,0.5845
0503100000019378,A,25.800,44.73,-0.35,22.85,209,0,880,0,0,0,0,937,0,363,0,0,0,0,791,880,8240,7990,0.5203
0503100000019754,A,36.800,62.07,0.05,34.35,2009,0,882,0,0,0,0,621,0,304,0,0,0,0,2290,786,2657,2419,0.3108
0503100000019379,A,25.800,51.32,-0.35,22.95,519,0,735,0,0,0,0,2353,0,252,0,0,0,0,2427,670,3099,2834,0.2558
0503100000019380,A,25.800,44.72,-0.35,22.85,195,0,829,0,0,0,0,902,0,415,0,0,0,0,768,914,8133,7718,0.5314
0503100000019755,A,25.600,44.68,0.05,23.15,372,0,0,0,0,0,0,1214,0,82,0,0,0,0,1210,41,1867,1599,0.0492
0503100000019756,A,25.600,44.68,0.05,23.15,323,0,2,0,0,0,0,1176,0,79,0,0,0,0,1184,42,908,775,0.0513
0503100000019757,A,25.600,44.68,0.05,23.05,341,0,0,0,0,0,0,1241,0,75,0,0,0,0,1296,33,3973,3848,0.0453
0503100000019758,A,25.700,44.62,-0.25,22.85,542,0,3,0,0,0,0,638,0,39,0,0,0,0,921,19,2161,1933,0.0344
0503100000019759,A,36.600,68.75,0.25,34.35,837,0,991,0,0,0,0,1015,0,1110,0,0,0,0,738,1626,1724,1597,0.5315
0503100000019760,A,36.600,56.84,0.25,32.55,641,0,884,0,0,0,0,731,0,1046,0,0,0,0,524,1427,5483,5303,0.5845
0503100000019761,A,25.600,51.20,0.05,23.05,279,0,0,0,0,0,0,1993,0,26,0,0,0,0,1553,3,3801,3680,0.0113
0503100000019762,A,25.700,51.20,-0.15,23.05,1117,0,0,0,0,0,0,1532,0,24,0,0,0,0,1986,0,3527,3378,0.0090
0503100000019763,A,25.500,44.64,0.05,23.05,417,0,0,0,0,0,0,1557,0,28,0,0,0,0,1295,0,3479,3324,0.0140
0503100000018871,A,53.500,209.07,1.25,52.15,6816,0,1653,0,0,0,0,1225,0,220,0,0,0,0,3854,878,34441,33539,0.1889
0503100000019764,A,25.500,44.64,0.05,23.05,362,0,0,0,0,0,0,1654,0,31,0,0,0,0,1288,0,3523,3383,0.0151
0503100000018872,A,15.000,279.46,1.35,13.85,2959,0,272,0,0,0,0,1745,0,1859,0,0,0,0,3221,566,10778,10326,0.3118
0503100000019765,A,25.600,44.64,0.05,23.05,353,0,0,0,0,0,0,1649,0,31,0,0,0,0,1260,2,3463,3094,0.0152
0503100000019766,A,25.600,51.26,0.05,23.15,414,0,0,0,0,0,0,1052,0,76,0,0,0,0,1221,30,1407,1256,0.0493
0503100000018875,A,11.000,186.42,1.05,9.55,2297,0,1689,0,0,0,0,1013,0,304,0,0,0,0,2803,964,14826,14623,0.3758
0503100000019767,A,25.600,44.68,0.05,23.15,430,0,3,0,0,0,0,1131,0,62,0,0,0,0,1318,24,1273,1129,0.0400
0503100000019768,A,25.600,51.47,-0.25,22.85,484,0,2,0,0,0,0,890,0,35,0,0,0,0,1080,13,1466,1344,0.0262
0503100000019769,A,25.600,44.61,-0.25,22.85,479,0,2,0,0,0,0,731,0,38,0,0,0,0,932,20,1166,1031,0.0320
0503100000019770,A,25.500,51.22,-0.15,22.85,1743,0,3,0,0,0,0,562,0,35,0,0,0,0,1978,18,2256,2141,0.0162
0503100000019771,A,25.600,44.63,-0.25,22.85,644,0,3,0,0,0,0,576,0,36,0,0,0,0,928,20,2160,2045,0.0310
0503100000020715,B,11.500,286.37,0.05,9.05,1255,0,560,0,0,0,0,682,0,2470,0,0,0,0,1618,1254,2085,2085,0.6100
0503100000020716,B,11.500,286.31,0.05,9.05,1395,0,779,0,0,0,0,950,0,1998,0,0,0,0,1320,1410,546,529,0.5422
0503100000020717,B,11.600,286.39,-0.05,8.95,1275,0,386,0,0,0,0,1163,0,905,0,0,0,0,1561,624,27790,27748,0.3462
0503100000020718,B,11.500,302.19,0.05,9.05,1490,0,713,0,0,0,0,819,0,1887,0,0,0,0,1770,1223,1130,1129,0.5296
0503100000021629,B,6.300,21.82,0.15,2.85,10,0,184,0,0,0,0,37,0,95,0,0,0,0,41,152,676,676,0.8558
0503100000020720,B,11.500,322.12,0.15,9.05,4993,0,2853,0,0,0,0,2989,0,3759,0,0,0,0,7310,3663,61002,58979,0.4531
0503100000021630,B,6.400,26.68,0.05,2.85,17,0,186,0,0,0,0,118,0,84,0,0,0,0,131,158,668,668,0.6667
0503100000020721,B,11.500,285.87,0.05,8.95,1001,0,51,0,0,0,0,2500,0,7,0,0,0,0,1966,21,27506,27505,0.0163
0503100000018903,A,6.200,24.51,-0.35,3.35,79,0,0,0,0,0,0,93,0,1,0,0,0,0,135,0,298,298,0.0058
0503100000018904,A,6.000,19.81,-0.05,3.35,46,0,5,0,0,0,0,82,0,28,0,0,0,0,109,17,523,523,0.2050
0503100000018906,A,6.000,25.58,0.05,3.35,63,0,106,0,0,0,0,74,0,16,0,0,0,0,106,60,674,672,0.4710
0503100000019414,B,6.600,26.25,2.05,5.65,136,0,0,0,0,0,0,14,0,0,0,0,0,0,93,0,332,332,0.0000
0503100000019415,B,6.700,20.76,2.05,5.55,38,0,0,0,0,0,0,24,0,0,0,0,0,0,54,0,331,331,0.0000
0503100000019416,B,10.100,20.76,2.05,9.15,162,0,33,0,0,0,0,25,0,6,0,0,0,0,128,33,331,331,0.1726
0503100000019417,B,10.100,20.77,2.05,9.15,113,0,8,0,0,0,0,25,0,23,0,0,0,0,94,17,328,328,0.1834
0503100000019418,B,6.600,20.57,2.05,5.55,41,0,0,0,0,0,0,8,0,3,0,0,0,0,45,1,315,315,0.0577
0503100000019419,B,10.200,23.34,2.05,9.05,93,0,62,0,0,0,0,10,0,39,0,0,0,0,59,44,464,456,0.4951
0503100000018912,A,6.000,24.72,-0.15,3.35,56,0,0,0,0,0,0,87,0,0,0,0,0,0,118,0,49,49,0.0000
0503100000019420,B,8.900,23.23,1.85,8.15,83,0,19,0,0,0,0,63,0,17,0,0,0,0,110,23,381,381,0.1978
0503100000019800,B,8.300,23.90,1.65,5.95,45,0,15,0,0,0,0,72,0,42,0,0,0,0,113,48,341,341,0.3276
0503100000019421,B,8.700,22.64,1.95,8.15,50,0,27,0,0,0,0,68,0,29,0,0,0,0,85,33,278,278,0.3218
0503100000019422,B,8.800,22.63,1.95,8.15,59,0,23,0,0,0,0,64,0,10,0,0,0,0,92,20,334,333,0.2115
0503100000019423,B,8.900,29.12,1.85,8.15,245,0,1,0,0,0,0,76,0,1,0,0,0,0,271,1,245,245,0.0062
0503100000018918,B,6.400,27.83,2.15,5.45,75,0,19,0,0,0,0,31,0,1,0,0,0,0,66,5,474,474,0.1587
0503100000019808,B,14.300,60.88,2.05,13.75,407,0,48,0,0,0,0,51,0,39,0,0,0,0,285,36,2621,2602,0.1596
0503100000019809,B,14.300,53.60,2.05,13.75,312,0,56,0,0,0,0,31,0,39,0,0,0,0,181,38,2605,2589,0.2169
0503100000019810,B,14.300,57.22,2.05,13.75,465,0,92,0,0,0,0,87,0,37,0,0,0,0,355,62,2476,2462,0.1894
0503100000018923,B,6.300,21.58,2.05,5.35,18,0,22,0,0,0,0,1,0,1,0,0,0,0,11,8,397,397,0.5476
0503100000018925,B,15.200,120.48,2.05,14.55,221,0,161,0,0,0,0,456,0,290,0,0,0,0,448,227,7071,7042,0.3998
0503100000018926,B,8.400,24.59,1.85,7.65,212,0,1,0,0,0,0,31,0,0,0,0,0,0,229,1,412,412,0.0041
0503100000018927,B,8.400,19.49,1.85,7.65,94,0,3,0,0,0,0,23,0,3,0,0,0,0,100,6,387,387,0.0488
0503100000018928,B,8.400,19.48,1.85,7.65,82,0,0,0,0,0,0,36,0,0,0,0,0,0,104,0,389,389,0.0000
0503100000018929,B,8.400,25.00,1.85,7.75,86,0,40,0,0,0,0,12,0,25,0,0,0,0,76,38,31,29,0.3988
0503100000019440,A,6.200,24.92,0.65,4.25,126,0,0,0,0,0,0,104,0,0,0,0,0,0,206,0,1049,844,0.0000
0503100000018931,B,8.400,28.13,1.95,7.85,183,0,55,0,0,0,0,34,0,3,0,0,0,0,199,25,31,31,0.2109
0503100000018932,B,8.400,28.15,1.95,7.85,71,0,73,0,0,0,0,125,0,31,0,0,0,0,175,59,41,32,0.3467
0503100000018933,B,8.300,28.17,2.05,7.85,166,0,64,0,0,0,0,16,0,50,0,0,0,0,157,55,266,255,0.3851
0503100000019444,A,6.100,24.93,0.85,4.45,74,0,0,0,0,0,0,198,0,0,0,0,0,0,255,0,34,34,0.0000
0503100000018934,B,8.500,24.80,1.95,7.85,87,0,3,0,0,0,0,125,0,7,0,0,0,0,196,6,292,292,0.0450
0503100000019818,B,14.100,1238.96,1.65,10.55,22675,0,5579,0,0,0,0,15468,0,4141,0,0,0,0,33010,4796,1817550,1810752,0.2031
0503100000018937,B,8.500,22.99,1.95,7.85,62,0,56,0,0,0,0,23,0,24,0,0,0,0,62,45,421,419,0.4848
0503100000018939,B,8.400,24.96,1.85,7.75,90,0,52,0,0,0,0,10,0,26,0,0,0,0,82,44,31,28,0.4382
0503100000018940,B,8.600,21.78,1.95,7.85,38,0,57,0,0,0,0,46,0,3,0,0,0,0,69,22,432,432,0.4167
0503100000018941,B,8.500,23.05,1.95,7.85,32,0,55,0,0,0,0,43,0,7,0,0,0,0,57,29,336,332,0.4526
0503100000018942,B,8.400,19.30,1.95,7.85,93,0,0,0,0,0,0,32,0,1,0,0,0,0,106,0,0,0,0.0079
0503100000021239,B,7.400,28.53,0.15,2.55,36,0,165,0,0,0,0,34,0,27,0,0,0,0,61,91,659,651,0.7328
0503100000021240,B,15.700,103.25,0.05,13.25,3979,0,0,0,0,0,0,556,0,0,0,0,0,0,3798,0,6356,6242,0.0000
0503100000021241,B,6.600,76.48,-0.15,3.05,241,0,370,0,0,0,0,112,0,44,0,0,0,0,289,187,3178,3018,0.5398
0503100000020349,B,7.900,32.79,-0.15,3.55,55,0,281,0,0,0,0,181,0,88,0,0,0,0,222,196,1123,1109,0.6099
0503100000018964,A,9.500,161.69,1.35,8.25,2326,0,0,0,0,0,0,1165,0,0,0,0,0,0,3167,0,34126,32306,0.0000
0503100000020350,B,7.800,28.02,-0.05,3.55,46,0,291,0,0,0,0,51,0,41,0,0,0,0,77,160,1106,1105,0.7739
0503100000018965,A,8.600,202.20,1.35,7.35,430,0,72,0,0,0,0,204,0,111,0,0,0,0,356,72,72624,71053,0.2240
0503100000020351,B,7.900,28.01,-0.05,3.55,54,0,263,0,0,0,0,56,0,49,0,0,0,0,83,163,1066,1055,0.7393
0503100000018966,B,6.800,207.94,1.55,5.15,1361,0,2037,0,0,0,0,359,0,845,0,0,0,0,1389,1443,59930,59539,0.6262
0503100000020352,B,7.800,28.02,-0.05,3.55,86,0,260,0,0,0,0,43,0,31,0,0,0,0,109,137,1087,1086,0.6929
0503100000020797,B,11.600,309.41,-0.05,9.05,4192,0,1781,0,0,0,0,2340,0,2256,0,0,0,0,5568,2188,20214,17552,0.3820
0503100000020353,B,7.900,28.00,-0.05,3.55,65,0,266,0,0,0,0,51,0,51,0,0,0,0,91,166,1101,1098,0.7321
0503100000020798,B,11.600,305.54,-0.05,9.05,3954,0,2285,0,0,0,0,2351,0,1810,0,0,0,0,5499,2229,16352,14868,0.3937
0503100000020354,B,7.700,28.01,0.05,3.55,36,0,277,0,0,0,0,47,0,39,0,0,0,0,60,153,1097,1094,0.7920
0503100000020799,B,11.600,305.50,-0.05,8.95,3408,0,1337,0,0,0,0,2243,0,1513,0,0,0,0,5036,1553,32023,30929,0.3353
0503100000020355,B,7.700,28.00,0.05,3.55,55,0,296,0,0,0,0,51,0,77,0,0,0,0,83,191,1110,1107,0.7787
0503100000020800,B,11.500,290.24,0.05,8.95,4529,0,3389,0,0,0,0,2842,0,3696,0,0,0,0,6800,3756,59255,58137,0.4901
0503100000020356,B,7.800,28.01,0.05,3.55,85,0,264,0,0,0,0,40,0,36,0,0,0,0,96,142,1104,1103,0.7059
0503100000020357,B,7.900,27.99,-0.05,3.55,83,0,255,0,0,0,0,45,0,59,0,0,0,0,102,158,1090,1090,0.7104
0503100000020358,B,7.900,28.00,-0.05,3.65,83,0,249,0,0,0,0,47,0,28,0,0,0,0,98,139,1082,1082,0.6806
0503100000018971,B,6.500,61.03,1.55,5.55,65,0,46,0,0,0,0,122,0,0,0,0,0,0,164,20,2599,2312,0.1974
0503100000018974,B,6.400,24.94,1.55,5.35,54,0,0,0,0,0,0,16,0,0,0,0,0,0,42,0,626,626,0.0000
0503100000018975,B,21.800,139.85,1.65,20.85,1526,0,221,0,0,0,0,1281,0,36,0,0,0,0,2448,124,10881,10713,0.0839
0503100000019839,A,36.600,56.90,0.35,31.85,662,0,873,0,0,0,0,689,0,789,0,0,0,0,669,1317,6067,5707,0.5516
0503100000019840,A,16.300,197.29,1.45,13.65,4262,0,693,0,0,0,0,3043,0,84,0,0,0,0,5668,396,33695,32692,0.0961
0503100000019841,A,51.100,200.80,-0.15,48.35,39970,0,7839,0,0,0,0,18197,0,2892,0,0,0,0,44496,5788,56437,54397,0.1558
0503100000018977,A,20.100,205.18,1.35,18.95,9837,0,0,0,0,0,0,2052,0,0,0,0,0,0,8596,0,20342,19869,0.0000
0503100000018978,A,8.800,325.53,1.35,7.65,3024,0,731,0,0,0,0,3499,0,303,0,0,0,0,5151,475,31881,31297,0.1368
0503100000018979,A,6.000,24.57,-0.15,3.35,240,0,12,0,0,0,0,33,0,20,0,0,0,0,248,4,432,432,0.1049
0503100000019842,A,7.000,124.49,0.25,4.75,1665,0,1,0,0,0,0,1360,0,47,0,0,0,0,2949,24,16713,16641,0.0156
0503100000018981,A,6.200,24.90,-0.35,3.35,170,0,0,0,0,0,0,113,0,0,0,0,0,0,251,0,91,91,0.0000
0503100000019845,A,51.100,196.61,1.35,49.75,28497,0,104,0,0,0,0,11460,0,220,0,0,0,0,29017,135,32200,31729,0.0080
0503100000019846,A,25.800,44.65,-0.35,22.85,1144,0,3,0,0,0,0,909,0,68,0,0,0,0,1679,32,5333,5134,0.0334
0503100000019847,A,25.700,51.18,-0.25,22.85,1423,0,1,0,0,0,0,2225,0,47,0,0,0,0,3128,11,5302,5107,0.0130
0503100000019848,A,36.600,68.81,0.35,32.15,1714,0,1056,0,0,0,0,1461,0,895,0,0,0,0,2212,1550,6398,6136,0.3806
0503100000019849,A,36.600,56.90,0.45,31.75,698,0,949,0,0,0,0,880,0,1238,0,0,0,0,631,1682,6405,5917,0.5809
0503100000019850,A,36.600,62.10,0.45,34.45,4109,0,1284,0,0,0,0,959,0,1272,0,0,0,0,3553,1805,8535,8310,0.3353
0503100000018989,A,6.100,24.89,-0.25,3.35,96,0,0,0,0,0,0,186,0,44,0,0,0,0,263,14,280,280,0.1350
0503100000019852,A,8.000,21.72,0.35,5.75,85,0,0,0,0,0,0,321,0,0,0,0,0,0,286,0,1294,1294,0.0000
0503100000019854,A,8.500,174.14,0.55,3.75,695,0,63,0,0,0,0,521,0,111,0,0,0,0,863,73,15626,15400,0.1252
0503100000019856,A,25.500,51.21,-0.05,22.95,3287,0,4,0,0,0,0,1087,0,92,0,0,0,0,3939,26,1920,1617,0.0215
0503100000019857,A,25.700,44.66,-0.25,22.85,1126,0,4,0,0,0,0,1011,0,90,0,0,0,0,1808,24,7938,7628,0.0421
0503100000021313,B,6.600,78.50,-0.25,3.05,259,0,409,0,0,0,0,118,0,79,0,0,0,0,297,222,3279,3109,0.5642
0503100000021314,B,7.300,36.11,0.15,2.55,94,0,153,0,0,0,0,56,0,44,0,0,0,0,139,90,665,649,0.5677
0503100000021315,B,7.300,28.52,0.15,2.65,47,0,157,0,0,0,0,27,0,31,0,0,0,0,68,93,662,640,0.7176
0503100000021316,B,6.200,21.59,0.45,3.05,5,0,141,0,0,0,0,29,0,54,0,0,0,0,26,107,605,605,0.8515
0503100000021317,B,6.200,21.59,0.45,3.05,15,0,143,0,0,0,0,22,0,49,0,0,0,0,23,107,600,600,0.8384
0503100000021318,B,6.200,21.53,0.45,2.95,15,0,137,0,0,0,0,15,0,49,0,0,0,0,23,105,601,601,0.8611
0503100000021320,B,7.500,36.10,0.05,2.65,52,0,180,0,0,0,0,120,0,48,0,0,0,0,138,109,631,631,0.5700
0503100000021321,B,7.500,28.53,0.05,2.85,45,0,194,0,0,0,0,50,0,27,0,0,0,0,88,108,606,606,0.6994
0503100000021322,B,7.400,28.53,0.15,2.75,34,0,191,0,0,0,0,44,0,37,0,0,0,0,67,129,620,618,0.7451
0503100000021323,B,7.500,36.10,0.05,2.65,160,0,177,0,0,0,0,50,0,30,0,0,0,0,199,102,626,626,0.4964
0503100000021324,B,7.500,28.53,0.05,2.85,52,0,189,0,0,0,0,57,0,27,0,0,0,0,94,105,614,614,0.6646
0503100000021325,B,7.400,36.10,0.15,2.55,74,0,165,0,0,0,0,78,0,58,0,0,0,0,128,105,661,651,0.5947
0503100000021326,B,7.400,28.53,0.15,2.75,37,0,174,0,0,0,0,35,0,36,0,0,0,0,66,108,650,638,0.7447
0503100000021327,B,7.400,28.52,0.15,2.45,20,0,174,0,0,0,0,23,0,32,0,0,0,0,35,99,664,662,0.8273
0503100000021328,B,8.100,33.11,0.35,3.55,43,0,179,0,0,0,0,31,0,138,0,0,0,0,62,146,1023,1007,0.8107
0503100000020421,B,7.900,27.99,-0.05,3.55,53,0,288,0,0,0,0,55,0,53,0,0,0,0,87,180,1109,1109,0.7595
0503100000020422,B,7.900,32.77,-0.05,3.55,241,0,274,0,0,0,0,35,0,49,0,0,0,0,256,169,1119,1117,0.5392
0503100000023052,A,8.800,119.30,0.25,6.55,3229,0,0,0,0,0,0,2252,0,0,0,0,0,0,3837,0,18523,17881,0.0000
0503100000023053,A,14.300,142.88,1.35,13.15,3826,0,2352,0,0,0,0,1859,0,1048,0,0,0,0,4499,1825,16844,16726,0.3742
0503100000023054,A,14.300,142.92,1.35,13.15,3810,0,0,0,0,0,0,2966,0,0,0,0,0,0,4774,0,10917,10813,0.0000
0503100000019926,A,7.000,59.08,1.15,5.65,864,0,0,0,0,0,0,624,0,0,0,0,0,0,1392,0,2301,2218,0.0000
0503100000019937,A,50.600,350.80,-0.25,25.45,5708,0,9294,0,0,0,0,5775,0,6074,0,0,0,0,9535,8253,68351,64402,0.5723
0503100000019960,B,7.800,550.59,1.95,7.05,2690,0,521,0,0,0,0,2168,0,759,0,0,0,0,3707,438,191320,186215,0.2085
0503100000021417,B,7.500,28.43,0.45,3.05,22,0,181,0,0,0,0,15,0,86,0,0,0,0,32,140,616,616,0.8783
0503100000021418,B,7.500,28.45,0.45,3.15,49,0,182,0,0,0,0,23,0,50,0,0,0,0,67,111,614,614,0.7632
0503100000021419,B,7.500,28.44,0.45,3.25,44,0,179,0,0,0,0,7,0,40,0,0,0,0,47,97,606,601,0.8111
0503100000021420,B,7.400,28.43,0.45,3.05,40,0,170,0,0,0,0,29,0,89,0,0,0,0,57,123,620,620,0.7896
0503100000021421,B,7.500,27.98,0.45,3.25,40,0,171,0,0,0,0,32,0,38,0,0,0,0,61,96,558,558,0.7438
0503100000021422,B,6.200,21.59,0.45,2.95,10,0,130,0,0,0,0,9,0,54,0,0,0,0,14,105,603,603,0.9064
0503100000020963,B,8.800,22.61,-0.05,4.45,70,0,68,0,0,0,0,202,0,111,0,0,0,0,252,132,620,620,0.3969
0503100000021423,B,7.600,28.53,0.05,2.65,67,0,167,0,0,0,0,47,0,23,0,0,0,0,102,100,639,627,0.6250
0503100000023160,B,10.400,221.77,1.85,5.65,1064,0,1364,0,0,0,0,687,0,359,0,0,0,0,1452,771,25757,25190,0.4960
0503100000023161,B,23.200,344.32,1.65,6.45,2679,0,454,0,0,8,0,1116,0,461,0,0,15,0,3343,474,106718,94174,0.1933
0503100000023162,B,27.700,189.08,1.55,7.45,3390,0,315,0,0,0,0,2385,0,120,0,0,0,0,5038,290,44158,35834,0.0700
0503100000023163,B,11.900,113.17,1.65,11.05,2179,0,56,0,0,0,0,1174,0,49,0,0,0,0,2621,53,2699,2619,0.0304
0503100000024118,B,7.700,193.66,-0.25,4.85,1210,0,1211,0,0,0,0,633,0,167,0,0,0,0,1609,587,13937,13917,0.4278
0503100000025527,B,8.400,19.40,-0.15,4.35,30,0,24,0,0,0,0,48,0,109,0,0,0,0,64,74,509,504,0.6303
0503100000025529,B,8.300,19.21,-0.15,4.35,87,0,47,0,0,0,0,57,0,105,0,0,0,0,111,97,519,517,0.5135
0503100000025531,B,8.200,19.24,-0.05,4.35,53,0,48,0,0,0,0,55,0,95,0,0,0,0,88,97,512,510,0.5697
0503100000025532,A,8.700,153.90,0.25,6.45,1143,0,831,0,0,0,0,258,0,669,0,0,0,0,1143,759,9224,9133,0.5171
0503100000025535,A,14.700,579.90,0.35,6.95,1232,0,3175,0,0,0,0,1788,0,2897,0,0,0,0,1848,2634,40847,38696,0.6678
0503100000025536,A,22.600,478.77,1.65,12.95,6942,0,3584,0,0,0,0,5263,0,1845,0,0,0,0,9214,2729,76374,65577,0.3079
0503100000023257,B,8.800,258.59,1.35,7.55,1206,0,568,0,0,0,0,577,0,1415,0,0,0,0,1216,958,23196,23019,0.5266
0503100000024192,B,8.700,35.01,-0.05,6.15,298,0,19,0,0,0,0,44,0,115,0,0,0,0,295,51,342,342,0.2815
0503100000024193,B,8.700,40.11,-0.05,6.15,543,0,45,0,0,0,0,110,0,120,0,0,0,0,598,81,295,295,0.2017
0503100000025076,B,8.400,19.08,-0.05,5.85,162,0,113,0,0,0,0,15,0,4,0,0,0,0,168,47,223,223,0.3980
0503100000025077,B,8.400,22.61,-0.05,5.85,147,0,118,0,0,0,0,17,0,7,0,0,0,0,155,56,271,271,0.4325
0503100000025584,A,18.200,71.26,-0.35,15.25,1118,0,750,0,0,0,0,346,0,145,0,0,0,0,1035,407,4769,4750,0.3794
0503100000023317,B,6.900,20.97,1.55,4.35,11,0,66,0,0,0,0,2,0,44,0,0,0,0,8,52,276,276,0.8943
0503100000023318,B,7.000,20.73,1.55,4.35,7,0,66,0,0,0,0,2,0,69,0,0,0,0,5,55,276,276,0.9375
0503100000023319,B,6.900,21.27,1.55,4.35,8,0,63,0,0,0,0,2,0,56,0,0,0,0,5,54,288,288,0.9225
0503100000023330,B,6.900,25.99,1.55,4.25,79,0,58,0,0,0,0,7,0,45,0,0,0,0,73,48,279,279,0.5450
0503100000023331,B,6.900,20.89,1.55,4.35,12,0,51,0,0,0,0,1,0,44,0,0,0,0,8,35,275,275,0.8796
0503100000023332,B,7.000,20.91,1.55,4.35,5,0,58,0,0,0,0,0,0,81,0,0,0,0,3,67,284,284,0.9653
0503100000023336,B,7.000,21.00,1.45,4.25,8,0,79,0,0,0,0,6,0,49,0,0,0,0,2,48,278,278,0.9014
0503100000023337,B,7.000,20.94,1.45,4.25,13,0,66,0,0,0,0,3,0,18,0,0,0,0,3,28,276,275,0.8400
0503100000023338,B,7.000,26.17,1.45,4.15,72,0,75,0,0,0,0,11,0,20,0,0,0,0,53,41,260,260,0.5337
0503100000023339,B,7.000,20.93,1.45,4.25,14,0,65,0,0,0,0,7,0,12,0,0,0,0,7,29,260,256,0.7857
0503100000023340,B,6.900,20.87,1.55,4.25,9,0,72,0,0,0,0,5,0,11,0,0,0,0,1,24,263,258,0.8557
0503100000026164,B,11.500,258.47,0.05,9.05,4122,0,2904,0,0,0,0,2301,0,3133,0,0,0,0,5852,3180,17782,16308,0.4845
0503100000023386,A,25.700,223.24,1.25,24.45,14830,0,0,0,0,0,0,1861,0,0,0,0,0,0,11252,0,12142,11247,0.0000
0503100000023404,B,9.300,33.87,1.55,8.25,66,0,11,0,0,0,0,161,0,13,0,0,0,0,208,20,885,867,0.0956
0503100000023405,B,6.400,45.64,1.55,4.55,92,0,0,0,0,0,0,54,0,0,0,0,0,0,120,0,894,877,0.0000
0503100000023420,B,6.700,19.55,1.65,4.15,3,0,76,0,0,0,0,2,0,31,0,0,0,0,1,39,312,312,0.9554
0503100000024824,B,8.400,28.42,0.15,3.35,51,0,104,0,0,0,0,145,0,36,0,0,0,0,179,65,561,551,0.4167
0503100000024825,B,8.400,22.79,0.15,3.35,82,0,88,0,0,0,0,15,0,17,0,0,0,0,81,49,531,523,0.5198
0503100000025196,B,8.500,26.62,-0.15,5.25,185,0,1,0,0,0,0,89,0,0,0,0,0,0,106,0,549,549,0.0036
0503100000023421,B,6.600,19.54,1.65,4.15,7,0,78,0,0,0,0,1,0,35,0,0,0,0,6,46,323,323,0.9339
0503100000024826,B,8.400,21.73,0.15,3.35,73,0,76,0,0,0,0,12,0,31,0,0,0,0,53,34,564,559,0.5573
0503100000025197,B,8.400,24.65,-0.15,5.05,139,0,83,0,0,0,0,117,0,43,0,0,0,0,89,62,601,601,0.3298
0503100000024827,B,8.400,22.76,0.15,3.35,87,0,75,0,0,0,0,18,0,8,0,0,0,0,84,35,538,531,0.4415
0503100000023422,B,6.800,21.07,1.55,4.15,8,0,74,0,0,0,0,1,0,37,0,0,0,0,9,43,322,322,0.9250
0503100000025198,B,8.300,23.01,-0.05,5.15,113,0,87,0,0,0,0,22,0,27,0,0,0,0,57,56,590,590,0.4578
0503100000023423,B,6.800,25.92,1.55,4.15,17,0,85,0,0,0,0,19,0,42,0,0,0,0,30,51,253,253,0.7791
0503100000024828,B,8.400,22.72,0.15,3.35,45,0,83,0,0,0,0,16,0,26,0,0,0,0,48,44,516,511,0.6412
0503100000025199,B,8.300,25.41,-0.05,5.05,185,0,47,0,0,0,0,60,0,1,0,0,0,0,93,21,618,618,0.1638
0503100000024829,B,8.400,22.74,0.15,3.35,59,0,79,0,0,0,0,12,0,20,0,0,0,0,53,45,524,519,0.5824
0503100000023426,B,6.900,19.49,1.45,4.15,8,0,83,0,0,0,0,4,0,2,0,0,0,0,2,35,316,316,0.8763
0503100000023427,B,7.000,20.82,1.45,4.25,20,0,74,0,0,0,0,5,0,10,0,0,0,0,4,33,287,264,0.7706
0503100000024830,B,8.400,22.70,0.15,3.35,25,0,114,0,0,0,0,14,0,28,0,0,0,0,34,68,508,505,0.7845
0503100000024896,B,8.400,22.70,0.15,3.35,44,0,97,0,0,0,0,11,0,31,0,0,0,0,43,62,455,453,0.6995
0503100000024897,B,8.400,22.71,0.15,3.35,43,0,93,0,0,0,0,17,0,30,0,0,0,0,46,57,492,490,0.6721
0503100000024898,B,8.400,24.87,0.15,3.45,108,0,0,0,0,0,0,32,0,0,0,0,0,0,123,0,431,427,0.0000
0503100000024899,B,8.400,23.85,0.15,3.35,45,0,90,0,0,0,0,19,0,33,0,0,0,0,52,61,475,469,0.6578
0503100000024902,B,8.500,20.31,-0.05,4.05,53,0,32,0,0,0,0,54,0,18,0,0,0,0,80,16,349,349,0.3185
0503100000024903,B,8.500,20.28,-0.05,3.95,30,0,89,0,0,0,0,41,0,5,0,0,0,0,47,52,358,358,0.5697
0503100000024906,B,8.400,28.12,0.05,5.95,159,0,92,0,0,0,0,38,0,17,0,0,0,0,180,52,707,707,0.3562
0503100000024907,B,8.400,23.68,0.15,5.95,62,0,94,0,0,0,0,27,0,28,0,0,0,0,80,63,665,665,0.5782
0503100000024908,B,8.500,33.28,0.05,3.25,101,0,91,0,0,0,0,141,0,42,0,0,0,0,211,68,992,923,0.3547
0503100000024910,B,8.500,23.68,0.05,5.95,59,0,108,0,0,0,0,21,0,61,0,0,0,0,71,83,672,672,0.6787
0503100000024911,B,8.500,23.69,0.05,5.95,80,0,97,0,0,0,0,22,0,79,0,0,0,0,81,61,677,677,0.6331
0503100000024912,B,8.500,23.66,0.05,5.95,71,0,99,0,0,0,0,25,0,82,0,0,0,0,75,66,656,656,0.6534
0503100000024913,B,8.500,23.68,0.05,5.95,78,0,89,0,0,0,0,23,0,70,0,0,0,0,84,63,671,671,0.6115
0503100000024914,B,8.500,23.65,0.15,6.05,75,0,92,0,0,0,0,47,0,48,0,0,0,0,89,58,463,463,0.5344
0503100000024915,B,8.300,23.66,0.15,5.95,52,0,93,0,0,0,0,48,0,24,0,0,0,0,81,58,638,638,0.5392
0503100000024916,B,8.500,23.71,0.05,5.95,66,0,101,0,0,0,0,31,0,57,0,0,0,0,78,63,658,658,0.6196
0503100000023500,A,6.000,98.73,1.35,4.85,629,0,529,0,0,0,0,247,0,40,0,0,0,0,728,275,1667,1642,0.3938
0503100000024942,B,8.300,21.42,1.35,5.55,57,0,83,0,0,0,0,7,0,31,0,0,0,0,48,65,387,379,0.6404
0503100000024943,B,8.300,22.61,1.35,4.65,11,0,119,0,0,0,0,3,0,53,0,0,0,0,10,91,463,453,0.9247
0503100000025817,B,8.700,22.02,-0.15,5.85,76,0,106,0,0,0,0,133,0,27,0,0,0,0,182,82,806,804,0.3889
0503100000025818,B,8.400,21.92,-0.05,5.75,65,0,110,0,0,0,0,164,0,8,0,0,0,0,189,48,877,867,0.3401
0503100000025820,B,8.500,19.69,-0.05,3.15,77,0,0,0,0,0,0,70,0,8,0,0,0,0,134,5,675,652,0.0516
0503100000025329,B,6.200,24.60,2.15,5.35,29,0,3,0,0,0,0,38,0,1,0,0,0,0,57,4,522,522,0.0563
0503100000025821,B,8.400,24.87,-0.05,3.15,30,0,150,0,0,0,0,80,0,28,0,0,0,0,97,91,736,711,0.6181
0503100000025822,B,8.500,28.82,-0.05,5.85,302,0,75,0,0,0,0,16,0,19,0,0,0,0,299,40,527,527,0.2282
0503100000025823,B,8.400,19.00,-0.05,5.85,147,0,121,0,0,0,0,10,0,4,0,0,0,0,143,52,208,208,0.4433
0503100000025829,B,8.500,20.58,-0.05,4.55,34,0,174,0,0,0,0,16,0,128,0,0,0,0,32,198,757,755,0.8580
0503100000025830,B,8.200,24.83,-0.05,3.25,17,0,210,0,0,0,0,15,0,110,0,0,0,0,19,180,850,836,0.9091
0503100000025341,B,8.400,20.03,1.35,4.85,64,0,111,0,0,0,0,31,0,50,0,0,0,0,79,94,563,563,0.6289
0503100000025342,B,8.400,20.24,1.35,4.55,61,0,113,0,0,0,0,9,0,56,0,0,0,0,67,97,555,555,0.7071
0503100000025345,B,6.200,26.74,0.45,3.05,60,0,146,0,0,0,0,12,0,46,0,0,0,0,70,111,596,596,0.7273
0503100000027562,A,22.600,214.19,0.25,20.35,15501,0,93,0,0,0,0,6431,0,71,0,0,0,0,15846,153,22031,21891,0.0074
0503100000025862,B,18.200,138.15,-0.15,15.45,2212,0,0,0,0,0,0,3223,0,0,0,0,0,0,5424,0,15629,15624,0.0000
0503100000025368,A,11.900,759.22,0.25,6.55,3799,0,5036,0,0,0,0,3238,0,3120,0,0,0,0,5355,4103,85639,80012,0.5368
0503100000025391,B,6.200,33.37,2.15,5.25,82,0,87,0,0,0,0,25,0,69,0,0,0,0,79,73,730,726,0.5932
0503100000025393,B,6.200,24.52,2.15,5.45,47,0,2,0,0,0,0,34,0,1,0,0,0,0,66,3,472,472,0.0357
0503100000025918,B,8.900,22.82,-0.25,4.45,245,0,87,0,0,0,0,72,0,122,0,0,0,0,279,159,658,658,0.3973
0503100000025919,B,8.400,22.10,-0.05,3.65,63,0,120,0,0,0,0,22,0,22,0,0,0,0,69,70,695,695,0.6256
0503100000025921,B,8.800,28.28,-0.15,4.05,73,0,150,0,0,0,0,166,0,48,0,0,0,0,230,105,861,858,0.4531
0503100000028572,A,8.400,20.48,1.15,5.85,66,0,142,0,0,0,0,110,0,13,0,0,0,0,127,96,850,845,0.4683
0503100000028573,A,8.500,20.11,0.75,5.45,147,0,104,0,0,0,0,72,0,10,0,0,0,0,187,100,859,859,0.3423
0503100000028575,A,8.400,20.45,1.15,5.95,68,0,190,0,0,0,0,104,0,18,0,0,0,0,131,132,855,855,0.5474
0503100000027668,B,8.400,19.58,1.35,4.85,78,0,118,0,0,0,0,13,0,59,0,0,0,0,81,93,560,560,0.6604
0503100000027669,B,8.500,29.43,1.25,3.25,12,0,230,0,0,0,0,11,0,189,0,0,0,0,10,179,999,934,0.9480
0503100000027671,B,8.400,19.51,1.35,4.85,78,0,128,0,0,0,0,18,0,61,0,0,0,0,89,88,548,548,0.6632
0503100000027674,B,8.300,32.29,1.35,3.45,41,0,159,0,0,0,0,9,0,71,0,0,0,0,44,120,469,469,0.8214
0503100000027676,B,8.400,19.59,1.35,5.95,45,0,82,0,0,0,0,12,0,27,0,0,0,0,53,67,365,362,0.6566
0503100000027680,B,8.200,30.69,1.45,3.85,38,0,146,0,0,0,0,45,0,20,0,0,0,0,79,79,438,438,0.6667
0503100000026720,B,38.900,107.58,1.15,35.85,4314,0,642,0,0,0,0,801,0,39,0,0,0,0,4477,456,6152,5967,0.1175
0503100000029559,B,6.300,20.74,2.05,5.35,23,0,19,0,0,0,0,12,0,24,0,0,0,0,21,19,354,354,0.5513
0503100000029560,B,6.300,21.72,2.05,5.35,27,0,26,0,0,0,0,17,0,10,0,0,0,0,32,20,374,374,0.4500
0503100000028138,B,6.300,20.88,2.15,5.55,19,0,0,0,0,0,0,31,0,0,0,0,0,0,43,0,317,317,0.0000
0503100000028143,B,8.500,21.97,1.95,7.85,55,0,66,0,0,0,0,9,0,30,0,0,0,0,48,57,394,394,0.6000
0503100000025446,B,8.100,18.82,0.05,4.35,40,0,53,0,0,0,0,67,0,88,0,0,0,0,102,109,509,508,0.5685
0503100000025451,B,8.200,19.27,-0.05,4.35,57,0,50,0,0,0,0,68,0,89,0,0,0,0,114,98,515,511,0.5265
0503100000025454,B,7.500,22.56,0.05,2.85,23,0,184,0,0,0,0,116,0,18,0,0,0,0,103,94,836,824,0.5924
0503100000025455,B,7.500,20.14,0.05,3.25,14,0,152,0,0,0,0,111,0,25,0,0,0,0,96,80,831,827,0.5861
0503100000025457,B,8.100,29.48,-0.05,3.55,46,0,148,0,0,0,0,65,0,24,0,0,0,0,92,79,555,555,0.6078
0503100000025459,B,8.400,19.03,-0.25,4.35,68,0,54,0,0,0,0,44,0,73,0,0,0,0,94,90,486,485,0.5314
0503100000029589,B,7.800,21.53,-0.15,3.95,44,0,2,0,0,0,0,21,0,0,0,0,0,0,59,2,412,412,0.0299
0503100000029590,B,7.600,20.25,-0.05,3.95,10,0,0,0,0,0,0,38,0,0,0,0,0,0,37,0,419,419,0.0000
0503100000029591,B,8.200,20.26,-0.05,4.95,10,0,60,0,0,0,0,36,0,2,0,0,0,0,34,22,330,330,0.5741
0503100000029592,B,8.200,20.08,-0.05,4.85,15,0,70,0,0,0,0,28,0,5,0,0,0,0,33,29,353,353,0.6356
0503100000026755,A,8.600,21.90,-0.05,5.95,188,0,30,0,0,0,0,584,0,168,0,0,0,0,454,90,2156,2156,0.2041
0503100000029593,B,7.800,22.27,-0.05,3.65,22,0,59,0,0,0,0,48,0,20,0,0,0,0,50,39,482,481,0.5302
0503100000025464,B,8.100,22.18,-0.05,4.15,50,0,78,0,0,0,0,53,0,66,0,0,0,0,77,67,577,571,0.5830
0503100000029594,B,7.400,24.82,-0.05,3.65,22,0,51,0,0,0,0,94,0,16,0,0,0,0,109,35,502,502,0.3661
0503100000026756,A,8.700,23.42,-0.05,6.05,165,0,176,0,0,0,0,89,0,300,0,0,0,0,211,248,944,944,0.6521
0503100000025466,B,8.400,25.23,-0.15,3.95,106,0,152,0,0,0,0,82,0,62,0,0,0,0,124,126,1238,1236,0.5323
0503100000026757,A,11.200,24.23,-0.05,7.45,286,0,139,0,0,0,0,121,0,117,0,0,0,0,316,131,1367,1361,0.3861
0503100000028160,B,13.000,44.60,1.35,11.65,416,0,0,0,0,0,0,143,0,0,0,0,0,0,418,0,2168,2168,0.0000
0503100000026758,A,8.500,21.85,-0.05,5.95,276,0,28,0,0,0,0,380,0,150,0,0,0,0,416,80,1384,1384,0.2134
0503100000026759,A,8.500,21.81,-0.05,5.95,262,0,27,0,0,0,0,206,0,143,0,0,0,0,328,74,1585,1585,0.2665
0503100000026760,A,8.700,21.63,-0.05,5.95,308,0,6,0,0,0,0,506,0,122,0,0,0,0,524,34,2296,2296,0.1359
0503100000026761,A,8.600,20.22,-0.05,6.05,212,0,0,0,0,0,0,406,0,108,0,0,0,0,342,30,260,260,0.1488
0503100000026762,A,11.500,24.17,-0.05,7.75,306,0,382,0,0,0,0,438,0,146,0,0,0,0,482,360,2576,2564,0.4151
0503100000026763,A,8.500,22.24,0.05,6.05,269,0,50,0,0,0,0,77,0,117,0,0,0,0,293,71,864,864,0.3255
0503100000026764,A,8.600,22.22,-0.05,6.05,258,0,40,0,0,0,0,101,0,156,0,0,0,0,310,90,761,761,0.3532
0503100000026765,A,11.400,27.18,-0.05,7.55,255,0,164,0,0,0,0,76,0,60,0,0,0,0,196,103,1899,1862,0.4036
0503100000026766,A,8.600,21.39,-0.05,6.05,263,0,41,0,0,0,0,121,0,127,0,0,0,0,326,74,72,72,0.3043
0503100000026767,A,11.400,23.31,0.05,7.75,94,0,48,0,0,0,0,80,0,64,0,0,0,0,108,57,833,833,0.3916
0503100000026768,A,8.100,23.27,-0.15,5.45,106,0,17,0,0,0,0,126,0,21,0,0,0,0,198,17,269,260,0.1407
0503100000026769,A,8.300,23.33,-0.15,5.55,92,0,25,0,0,0,0,154,0,24,0,0,0,0,200,25,659,641,0.1661
0503100000026770,A,11.300,23.29,-0.15,7.45,188,0,14,0,0,0,0,412,0,30,0,0,0,0,408,42,1594,1594,0.0683
0503100000026771,A,10.600,23.33,-0.15,7.35,96,0,118,0,0,0,0,131,0,135,0,0,0,0,181,159,851,847,0.5271
0503100000026772,A,8.100,23.29,-0.15,5.35,166,0,26,0,0,0,0,94,0,61,0,0,0,0,213,55,835,835,0.2507
0503100000026773,A,10.600,23.26,-0.15,7.35,128,0,144,0,0,0,0,107,0,145,0,0,0,0,186,178,856,856,0.5515
0503100000026774,A,11.100,23.39,0.35,7.85,320,0,103,0,0,0,0,322,0,51,0,0,0,0,486,113,1663,1663,0.1935
0503100000026775,A,8.000,23.29,0.05,5.55,215,0,0,0,0,0,0,709,0,0,0,0,0,0,691,0,849,849,0.0000
0503100000026776,A,8.000,23.34,0.05,5.55,280,0,0,0,0,0,0,450,0,0,0,0,0,0,538,0,922,922,0.0000
0503100000026777,A,8.000,23.31,-0.15,5.35,99,0,23,0,0,0,0,127,0,80,0,0,0,0,185,49,840,838,0.3131
0503100000027239,B,8.400,20.78,2.15,6.35,25,0,12,0,0,0,0,33,0,1,0,0,0,0,53,3,364,363,0.1831
0503100000026013,B,8.400,21.45,-0.05,3.85,46,0,117,0,0,0,0,46,0,3,0,0,0,0,71,47,727,720,0.5660
0503100000026014,B,8.700,17.75,-0.05,4.45,31,0,74,0,0,0,0,34,0,155,0,0,0,0,58,165,622,622,0.7789
0503100000026015,B,8.400,22.39,0.05,3.65,58,0,146,0,0,0,0,44,0,30,0,0,0,0,72,91,754,753,0.6331
0503100000026016,B,8.300,19.84,0.05,3.95,49,0,117,0,0,0,0,34,0,22,0,0,0,0,66,77,704,704,0.6261
0503100000026017,B,8.400,21.02,0.05,3.95,97,0,108,0,0,0,0,53,0,54,0,0,0,0,106,108,704,704,0.5192
0503100000026018,B,8.800,17.79,-0.05,4.45,62,0,48,0,0,0,0,42,0,107,0,0,0,0,87,110,596,596,0.5985
0503100000026019,B,8.500,27.38,-0.15,3.85,67,0,97,0,0,0,0,188,0,15,0,0,0,0,224,73,800,800,0.3052
0503100000027769,B,7.500,21.04,1.35,4.25,23,0,162,0,0,0,0,14,0,56,0,0,0,0,27,110,574,574,0.8549
0503100000027770,B,7.600,20.95,1.35,4.35,19,0,167,0,0,0,0,17,0,56,0,0,0,0,27,112,552,552,0.8610
0503100000027772,B,7.500,20.96,1.35,4.35,16,0,166,0,0,0,0,32,0,51,0,0,0,0,32,111,561,561,0.8189
0503100000029635,B,8.300,21.59,1.45,4.35,6,0,123,0,0,0,0,0,0,23,0,0,0,0,5,80,467,440,0.9605
0503100000028702,B,7.000,20.86,1.45,4.25,20,0,84,0,0,0,0,9,0,17,0,0,0,0,13,42,267,267,0.7769
0503100000030061,B,8.400,19.62,1.35,4.75,52,0,129,0,0,0,0,22,0,54,0,0,0,0,63,95,588,577,0.7121
0503100000026848,A,8.100,23.33,-0.15,5.45,211,0,52,0,0,0,0,72,0,117,0,0,0,0,207,126,823,823,0.3739
0503100000026849,A,11.100,23.31,-0.15,7.25,204,0,87,0,0,0,0,197,0,103,0,0,0,0,335,128,847,847,0.3215
0503100000026850,A,11.100,23.05,0.35,7.85,158,0,22,0,0,0,0,424,0,65,0,0,0,0,400,36,1323,1323,0.1300
0503100000026851,A,8.100,23.34,0.25,5.75,204,0,0,0,0,0,0,314,0,0,0,0,0,0,375,0,1313,1313,0.0000
0503100000026852,A,8.000,23.05,0.35,5.75,59,0,0,0,0,0,0,382,0,0,0,0,0,0,318,0,1337,1337,0.0000
0503100000026853,A,10.900,23.06,0.35,7.75,184,0,47,0,0,0,0,431,0,26,0,0,0,0,409,53,1337,1337,0.1061
0503100000026854,A,8.000,23.28,0.35,5.75,306,0,0,0,0,0,0,252,0,0,0,0,0,0,416,0,1617,1617,0.0000
0503100000026855,A,11.400,24.79,-0.15,7.65,278,0,66,0,0,0,0,144,0,128,0,0,0,0,352,94,1604,1602,0.3149
0503100000026856,A,11.400,22.24,-0.05,7.75,380,0,66,0,0,0,0,136,0,142,0,0,0,0,472,108,1480,1472,0.2873
0503100000026857,A,11.600,22.23,-0.15,7.75,189,0,48,0,0,0,0,120,0,63,0,0,0,0,273,67,713,704,0.2643
0503100000026858,A,8.700,22.06,-0.15,5.95,113,0,9,0,0,0,0,82,0,18,0,0,0,0,138,18,499,489,0.1216
0503100000026859,A,11.400,22.16,-0.05,7.85,208,0,29,0,0,0,0,199,0,14,0,0,0,0,300,30,841,841,0.0956
0503100000026860,A,8.700,22.37,-0.25,5.95,136,0,28,0,0,0,0,153,0,40,0,0,0,0,227,32,306,306,0.1905
0503100000026861,A,8.700,22.25,-0.15,6.05,212,0,40,0,0,0,0,132,0,102,0,0,0,0,268,78,838,838,0.2922
0503100000026862,A,8.700,22.21,-0.15,6.05,146,0,44,0,0,0,0,198,0,188,0,0,0,0,298,116,492,492,0.4028
0503100000026863,A,8.200,23.29,-0.15,5.55,132,0,33,0,0,0,0,127,0,39,0,0,0,0,221,32,351,346,0.2175
0503100000026864,A,8.200,23.34,-0.15,5.55,108,0,31,0,0,0,0,137,0,24,0,0,0,0,196,25,399,397,0.1833
0503100000027855,B,8.900,24.12,1.25,6.35,67,0,73,0,0,0,0,79,0,21,0,0,0,0,137,50,317,317,0.3917
0503100000026865,A,8.200,23.30,-0.15,5.45,102,0,11,0,0,0,0,92,0,40,0,0,0,0,123,38,571,567,0.2082
0503100000026866,A,8.100,23.33,-0.15,5.45,59,0,2,0,0,0,0,169,0,13,0,0,0,0,169,10,10,10,0.0617
0503100000026867,A,8.200,25.00,-0.25,5.45,72,0,28,0,0,0,0,189,0,11,0,0,0,0,196,22,431,403,0.1300
0503100000026868,A,8.200,22.77,-0.25,5.45,144,0,0,0,0,0,0,165,0,0,0,0,0,0,229,0,671,671,0.0000
0503100000026869,A,8.400,23.34,-0.35,5.35,230,0,0,0,0,0,0,232,0,0,0,0,0,0,336,0,1572,1566,0.0000
0503100000026870,A,11.500,22.22,-0.05,7.85,208,0,29,0,0,0,0,51,0,79,0,0,0,0,228,53,750,750,0.2943
0503100000026871,A,11.600,22.10,-0.05,7.85,128,0,25,0,0,0,0,73,0,86,0,0,0,0,176,55,740,740,0.3558
0503100000026872,A,11.600,22.21,-0.05,7.75,192,0,39,0,0,0,0,94,0,116,0,0,0,0,219,80,751,748,0.3515
0503100000026873,A,8.600,22.32,-0.05,6.05,113,0,23,0,0,0,0,34,0,75,0,0,0,0,136,50,62,62,0.4000
0503100000028268,B,13.700,79.61,1.45,11.25,612,0,181,0,0,0,0,290,0,415,0,0,0,0,782,392,3190,3186,0.3979
0503100000030585,B,8.300,19.68,0.05,5.25,24,0,0,0,0,0,0,12,0,0,0,0,0,0,20,0,545,545,0.0000
0503100000030103,B,7.800,21.50,-0.05,3.95,14,0,4,0,0,0,0,45,0,21,0,0,0,0,57,14,417,417,0.2976
0503100000030104,B,8.400,27.99,-0.15,3.25,16,0,79,0,0,0,0,96,0,24,0,0,0,0,107,53,332,322,0.4791
0503100000030600,B,7.900,36.45,0.35,3.45,112,0,168,0,0,0,0,65,0,66,0,0,0,0,156,121,643,642,0.5693
0503100000030105,A,8.500,20.46,-0.05,4.75,144,0,173,0,0,0,0,75,0,6,0,0,0,0,181,134,913,911,0.4497
0503100000030601,B,6.500,26.40,0.35,2.95,25,0,114,0,0,0,0,17,0,42,0,0,0,0,34,83,471,471,0.7879
0503100000030106,A,8.600,20.46,-0.15,4.75,150,0,173,0,0,0,0,96,0,11,0,0,0,0,191,141,921,917,0.4279
0503100000030108,A,8.400,20.53,0.05,4.65,176,0,146,0,0,0,0,119,0,10,0,0,0,0,251,113,1179,1178,0.3459
0503100000030111,A,8.300,20.42,0.35,4.85,120,0,116,0,0,0,0,63,0,8,0,0,0,0,119,107,850,850,0.4039
0503100000030112,A,8.300,25.17,0.35,4.75,242,0,45,0,0,0,0,92,0,25,0,0,0,0,309,61,881,880,0.1733
0503100000030113,A,8.500,20.25,0.75,5.55,110,0,161,0,0,0,0,113,0,13,0,0,0,0,186,130,846,845,0.4383
0503100000030115,A,8.500,31.58,0.75,4.75,142,0,131,0,0,0,0,99,0,25,0,0,0,0,183,74,883,876,0.3929
0503100000028777,B,10.700,28.78,1.45,7.65,138,0,28,0,0,0,0,110,0,63,0,0,0,0,170,45,648,632,0.2684
0503100000028778,B,10.500,28.82,1.55,7.55,270,0,28,0,0,0,0,78,0,65,0,0,0,0,288,51,668,653,0.2109
0503100000028781,B,6.800,20.91,1.55,4.15,23,0,73,0,0,0,0,10,0,37,0,0,0,0,27,39,287,287,0.7692
0503100000028782,B,6.900,21.75,1.55,4.25,23,0,64,0,0,0,0,4,0,6,0,0,0,0,6,17,248,248,0.7216
0503100000029726,A,50.700,294.77,1.05,49.15,13685,0,1401,0,0,0,0,12927,0,245,0,0,0,0,17625,775,28429,27327,0.0582
0503100000029728,B,10.400,127.38,-0.35,3.35,204,0,77,0,0,0,0,1436,0,269,0,0,0,0,1549,126,20621,20452,0.1742
0503100000029730,B,6.500,33.77,0.15,2.35,22,0,138,0,0,0,0,40,0,83,0,0,0,0,56,118,558,558,0.7809
0503100000029239,B,8.700,20.08,0.15,5.95,42,0,112,0,0,0,0,12,0,28,0,0,0,0,42,74,501,500,0.7216
0503100000029741,B,9.700,21.60,1.45,7.65,60,0,4,0,0,0,0,43,0,55,0,0,0,0,59,27,489,477,0.3642
0503100000029742,B,9.400,26.20,1.45,7.55,60,0,4,0,0,0,0,113,0,58,0,0,0,0,105,38,541,530,0.2638
0503100000030659,B,7.600,20.86,1.35,4.45,35,0,149,0,0,0,0,22,0,79,0,0,0,0,44,112,525,525,0.8000
0503100000029758,B,6.600,24.63,2.05,5.45,31,0,69,0,0,0,0,6,0,52,0,0,0,0,29,51,463,458,0.7658
0503100000026954,A,11.500,24.41,-0.05,7.75,196,0,28,0,0,0,0,52,0,89,0,0,0,0,196,57,846,845,0.3205
0503100000026955,A,8.100,23.20,0.35,5.85,317,0,0,0,0,0,0,287,0,0,0,0,0,0,407,0,1034,1034,0.0000
0503100000026956,A,8.100,23.39,0.35,5.85,278,0,0,0,0,0,0,334,0,0,0,0,0,0,432,0,1622,1614,0.0000
0503100000027952,A,8.400,19.08,1.15,4.35,24,0,190,0,0,0,0,60,0,1,0,0,0,0,25,66,889,844,0.6945
0503100000027953,B,13.000,43.44,1.35,11.75,450,0,0,0,0,0,0,259,0,0,0,0,0,0,439,0,2122,2091,0.0000
0503100000031056,B,8.200,19.35,-0.05,4.35,51,0,51,0,0,0,0,52,0,96,0,0,0,0,83,93,514,511,0.5880
0503100000028838,B,6.900,20.58,1.55,4.45,20,0,65,0,0,0,0,0,0,39,0,0,0,0,18,47,279,279,0.8387
0503100000031064,B,8.600,25.01,-0.25,5.75,213,0,188,0,0,0,0,202,0,55,0,0,0,0,353,167,816,808,0.3693
0503100000031066,B,8.500,19.64,-0.05,5.85,162,0,157,0,0,0,0,70,0,53,0,0,0,0,154,103,664,664,0.4751
0503100000028840,B,10.600,28.44,1.45,7.65,221,0,35,0,0,0,0,100,0,60,0,0,0,0,269,42,618,598,0.2284
0503100000028841,B,10.600,24.00,1.45,7.55,93,0,0,0,0,0,0,114,0,0,0,0,0,0,140,0,628,607,0.0000
0503100000031068,B,8.500,19.27,-0.15,5.85,172,0,113,0,0,0,0,20,0,7,0,0,0,0,134,54,127,127,0.3846
0503100000028842,B,10.600,26.88,1.55,7.65,94,0,28,0,0,0,0,114,0,37,0,0,0,0,146,29,644,618,0.2381
0503100000031070,B,8.500,21.92,-0.15,3.15,10,0,97,0,0,0,0,8,0,5,0,0,0,0,6,49,543,538,0.8500
0503100000031071,B,8.400,27.76,-0.05,5.85,160,0,111,0,0,0,0,228,0,40,0,0,0,0,371,79,248,248,0.2801
0503100000031072,B,8.500,21.86,-0.15,5.75,64,0,85,0,0,0,0,145,0,30,0,0,0,0,160,75,615,606,0.3549
0503100000031074,B,8.400,19.31,-0.05,5.85,192,0,110,0,0,0,0,21,0,6,0,0,0,0,140,48,239,239,0.3526
0503100000031075,B,8.600,21.12,0.05,6.05,47,0,130,0,0,0,0,28,0,26,0,0,0,0,38,85,365,365,0.6753
0503100000031078,B,7.800,27.96,-0.05,3.65,94,0,256,0,0,0,0,59,0,6,0,0,0,0,109,108,1078,1075,0.6313
0503100000028849,B,10.600,28.82,1.45,7.65,119,0,26,0,0,0,0,130,0,52,0,0,0,0,194,37,623,606,0.2385
0503100000027977,B,10.100,193.36,1.25,8.65,2359,0,0,0,0,0,0,1132,0,0,0,0,0,0,2957,0,11117,11085,0.0000
0503100000028854,B,7.100,21.06,1.45,4.35,12,0,67,0,0,0,0,5,0,11,0,0,0,0,2,26,269,269,0.8211
0503100000031091,B,8.600,20.26,-0.05,3.95,23,0,111,0,0,0,0,57,0,3,0,0,0,0,57,44,697,697,0.5876
0503100000030711,B,6.400,24.80,2.15,5.45,43,0,0,0,0,0,0,34,0,0,0,0,0,0,68,0,483,483,0.0000
0503100000029286,B,15.900,218.39,1.15,13.85,6329,0,37,0,0,0,0,1689,0,54,0,0,0,0,7376,79,62940,60018,0.0112
0503100000028863,B,6.900,20.99,1.55,4.35,25,0,68,0,0,0,0,10,0,32,0,0,0,0,25,52,241,241,0.7407
0503100000030722,B,8.400,21.80,0.15,3.35,40,0,73,0,0,0,0,13,0,32,0,0,0,0,45,50,510,507,0.6646
0503100000030723,B,8.300,22.73,0.15,3.35,36,0,95,0,0,0,0,15,0,31,0,0,0,0,44,61,346,344,0.7119
0503100000030724,B,8.400,20.34,0.05,5.35,34,0,125,0,0,0,0,36,0,40,0,0,0,0,42,86,382,382,0.7021
0503100000030220,B,8.200,21.86,0.05,4.05,22,0,95,0,0,0,0,83,0,32,0,0,0,0,94,69,522,515,0.5474
0503100000031115,B,8.600,18.46,0.05,4.45,55,0,72,0,0,0,0,58,0,119,0,0,0,0,89,138,635,635,0.6283
0503100000030224,B,8.200,21.92,0.05,3.45,40,0,95,0,0,0,0,5,0,43,0,0,0,0,40,66,359,345,0.7541
0503100000028376,B,12.800,45.04,1.35,11.65,732,0,3,0,0,0,0,336,0,6,0,0,0,0,822,3,136,112,0.0084
0503100000030225,B,8.200,21.66,0.05,2.85,36,0,121,0,0,0,0,11,0,51,0,0,0,0,36,92,441,423,0.7854
0503100000030731,B,8.100,29.41,-0.05,3.65,46,0,135,0,0,0,0,70,0,15,0,0,0,0,87,73,598,590,0.5639
0503100000030732,B,8.100,29.51,-0.05,3.65,59,0,130,0,0,0,0,71,0,38,0,0,0,0,100,96,589,586,0.5638
0503100000030227,B,8.200,21.99,0.05,4.05,37,0,107,0,0,0,0,50,0,37,0,0,0,0,68,68,500,499,0.6234
0503100000030733,B,8.000,32.07,0.05,2.95,20,0,238,0,0,0,0,41,0,51,0,0,0,0,49,136,668,666,0.8257
0503100000030734,B,8.300,19.27,-0.05,4.45,92,0,182,0,0,0,0,152,0,184,0,0,0,0,194,214,1058,1056,0.6000
0503100000030229,B,7.600,21.28,0.05,3.95,54,0,9,0,0,0,0,78,0,26,0,0,0,0,110,16,685,685,0.2096
0503100000030735,B,8.200,19.43,-0.05,4.35,92,0,98,0,0,0,0,164,0,210,0,0,0,0,194,174,1040,1034,0.5461
0503100000030736,B,8.200,19.43,-0.05,4.35,88,0,124,0,0,0,0,162,0,194,0,0,0,0,202,184,1054,1054,0.5599
0503100000029805,B,7.600,33.14,0.35,3.15,53,0,163,0,0,0,0,43,0,9,0,0,0,0,85,80,692,684,0.6418
0503100000030737,B,8.200,19.43,-0.05,4.35,108,0,90,0,0,0,0,158,0,182,0,0,0,0,206,156,1036,1034,0.5056
0503100000029806,B,6.300,23.29,0.45,3.05,31,0,127,0,0,0,0,25,0,56,0,0,0,0,48,100,614,610,0.7657
0503100000030738,B,8.200,19.43,-0.05,4.35,78,0,90,0,0,0,0,103,0,138,0,0,0,0,147,145,762,761,0.5575
0503100000030739,B,8.300,19.23,-0.05,4.35,46,0,52,0,0,0,0,76,0,88,0,0,0,0,96,82,526,523,0.5344
0503100000030741,B,8.100,34.14,-0.05,3.65,120,0,132,0,0,0,0,68,0,19,0,0,0,0,161,59,616,610,0.4454
0503100000030237,A,6.200,25.06,-0.15,3.25,99,0,0,0,0,0,0,160,0,0,0,0,0,0,202,0,865,862,0.0000
0503100000030742,B,8.100,19.21,0.05,4.35,38,0,55,0,0,0,0,63,0,93,0,0,0,0,90,107,499,498,0.5944
0503100000030743,B,8.200,29.30,-0.15,3.65,38,0,154,0,0,0,0,69,0,30,0,0,0,0,84,84,604,600,0.6323
0503100000029810,B,6.100,39.35,0.25,3.45,167,0,180,0,0,0,0,72,0,65,0,0,0,0,202,126,1035,1033,0.5062
0503100000030744,B,8.300,24.13,-0.05,4.35,299,0,85,0,0,0,0,104,0,277,0,0,0,0,352,230,1133,931,0.4732
0503100000029811,B,6.000,39.83,0.35,3.45,117,0,220,0,0,0,0,47,0,91,0,0,0,0,145,164,1157,1152,0.6547
0503100000029312,B,11.200,228.68,0.25,6.55,833,0,1399,0,0,0,0,785,0,1202,0,0,0,0,1162,1195,11623,11310,0.6165
0503100000030246,B,8.800,39.88,-0.15,6.15,477,0,43,0,0,0,0,75,0,140,0,0,0,0,488,97,542,528,0.2490
0503100000029316,B,7.500,32.52,0.05,2.65,88,0,237,0,0,0,0,139,0,60,0,0,0,0,160,143,913,912,0.5668
0503100000030758,B,8.700,20.21,0.15,5.95,70,0,82,0,0,0,0,12,0,51,0,0,0,0,59,50,477,476,0.6186
0503100000029823,B,6.100,33.68,2.15,5.25,73,0,81,0,0,0,0,35,0,27,0,0,0,0,77,51,482,481,0.5000
0503100000029824,B,6.400,21.68,2.05,5.45,36,0,21,0,0,0,0,12,0,3,0,0,0,0,31,12,315,315,0.3333
0503100000031146,B,8.100,34.56,-0.05,3.05,34,0,238,0,0,0,0,59,0,51,0,0,0,0,68,153,660,653,0.7565
0503100000029825,B,6.300,21.70,2.05,5.35,23,0,29,0,0,0,0,15,0,5,0,0,0,0,32,20,371,371,0.4722
0503100000031147,B,8.200,35.61,-0.15,3.55,50,0,151,0,0,0,0,85,0,62,0,0,0,0,116,111,602,597,0.6121
0503100000031157,B,7.700,24.22,0.05,3.15,21,0,136,0,0,0,0,22,0,26,0,0,0,0,36,73,625,594,0.7902
0503100000028925,B,7.000,21.46,1.55,4.45,16,0,57,0,0,0,0,8,0,30,0,0,0,0,17,41,285,285,0.7838
0503100000031158,B,8.000,21.01,0.05,2.95,3,0,95,0,0,0,0,18,0,61,0,0,0,0,11,79,527,510,0.8814
0503100000031163,B,7.100,100.71,-0.15,1.85,217,0,383,0,0,0,0,57,0,39,0,0,0,0,191,217,7063,7036,0.6063
0503100000031164,A,8.200,21.89,-0.15,5.45,74,0,37,0,0,0,0,145,0,45,0,0,0,0,188,37,830,823,0.2724
0503100000031165,A,8.300,21.87,-0.15,5.55,179,0,56,0,0,0,0,77,0,105,0,0,0,0,167,104,662,662,0.3861
0503100000032062,B,11.100,103.80,0.85,6.65,1305,0,17,0,0,0,0,569,0,36,0,0,0,0,1649,48,9819,9694,0.0275
0503100000031166,A,11.700,21.88,0.35,7.95,296,0,192,0,0,0,0,309,0,69,0,0,0,0,444,209,1625,1625,0.3014
0503100000031169,B,14.400,109.55,1.25,13.15,1854,0,5,0,0,0,0,570,0,36,0,0,0,0,1774,23,4134,4111,0.0166
0503100000031170,B,10.700,33.60,1.45,7.65,259,0,38,0,0,0,0,80,0,70,0,0,0,0,260,48,671,651,0.2416
0503100000031181,B,12.800,45.05,1.35,11.65,682,0,90,0,0,0,0,312,0,86,0,0,0,0,747,92,97,71,0.1504
0503100000030826,B,6.400,28.19,2.05,5.35,54,0,84,0,0,0,0,7,0,40,0,0,0,0,37,57,738,734,0.6703
0503100000029398,B,6.400,22.74,0.05,2.85,35,0,170,0,0,0,0,42,0,69,0,0,0,0,67,125,641,641,0.7563
0503100000029399,B,6.100,43.98,-0.35,3.15,101,0,0,0,0,0,0,110,0,0,0,0,0,0,173,0,1328,1302,0.0000
0503100000029406,B,11.100,116.72,0.05,7.35,1114,0,620,0,0,0,0,286,0,198,0,0,0,0,1291,466,5988,5844,0.3688
0503100000029407,A,35.000,165.18,1.25,33.75,15223,0,582,0,0,0,0,14393,0,446,0,0,0,0,19445,506,4997,4667,0.0335
0503100000029413,A,34.900,165.24,1.25,33.65,9107,0,0,0,0,0,0,13937,0,0,0,0,0,0,15988,0,14396,14131,0.0000
0503100000028992,B,6.500,24.24,2.05,5.65,60,0,0,0,0,0,0,26,0,4,0,0,0,0,66,4,501,501,0.0444
0503100000031633,A,14.300,142.79,1.35,13.15,6647,0,0,0,0,0,0,3405,0,0,0,0,0,0,6541,0,26388,26251,0.0000
0503100000031229,B,21.100,99.76,2.05,20.45,1811,0,80,0,0,0,0,893,0,34,0,0,0,0,2178,41,4143,4073,0.0405
0503100000031634,B,13.500,46.72,0.95,11.85,769,0,0,0,0,0,0,323,0,0,0,0,0,0,693,0,2006,1979,0.0000
0503100000031643,B,8.300,20.85,-0.05,3.75,53,0,121,0,0,0,0,28,0,38,0,0,0,0,48,74,772,772,0.6625
0503100000031644,A,10.600,21.90,-0.15,7.35,134,0,80,0,0,0,0,115,0,122,0,0,0,0,189,119,838,831,0.4479
0503100000030873,B,8.400,24.88,-0.05,5.75,71,0,83,0,0,0,0,152,0,28,0,0,0,0,190,71,953,951,0.3323
0503100000030878,B,8.400,19.68,-0.05,5.85,171,0,190,0,0,0,0,59,0,10,0,0,0,0,164,89,552,552,0.4651
0503100000031248,B,9.100,178.89,-0.45,4.65,1024,0,514,0,0,0,0,748,0,340,0,0,0,0,1345,341,24555,24424,0.3252
0503100000030904,B,6.700,26.48,0.15,3.05,17,0,115,0,0,0,0,27,0,28,0,0,0,0,30,85,442,442,0.7647
0503100000031261,A,11.600,20.84,-0.05,7.95,113,0,30,0,0,0,0,34,0,92,0,0,0,0,131,52,724,724,0.4535
0503100000032592,B,8.500,22.86,1.95,7.85,35,0,61,0,0,0,0,48,0,12,0,0,0,0,70,42,257,256,0.4679
0503100000032593,B,8.400,25.06,1.95,7.85,36,0,63,0,0,0,0,41,0,39,0,0,0,0,66,41,31,29,0.5698
0503100000032594,B,8.300,21.41,2.15,7.75,61,0,68,0,0,0,0,60,0,19,0,0,0,0,76,51,318,318,0.4183
0503100000032595,B,8.500,28.12,1.95,7.85,58,0,65,0,0,0,0,124,0,26,0,0,0,0,166,52,389,389,0.3333
0503100000030922,B,7.700,23.26,-0.05,3.65,27,0,61,0,0,0,0,48,0,3,0,0,0,0,55,19,472,470,0.4604
0503100000032604,B,8.400,24.57,1.85,7.65,90,0,0,0,0,0,0,124,0,0,0,0,0,0,200,0,424,424,0.0000
0503100000032607,B,8.700,25.60,2.15,8.25,82,0,45,0,0,0,0,78,0,21,0,0,0,0,122,42,344,341,0.2920
0503100000032610,B,10.000,24.62,2.05,9.05,122,0,86,0,0,0,0,13,0,37,0,0,0,0,95,76,435,429,0.4767
0503100000032613,A,6.100,24.96,0.85,4.35,185,0,0,0,0,0,0,117,0,0,0,0,0,0,271,0,852,852,0.0000
0503100000032618,A,6.100,25.00,0.55,4.15,211,0,0,0,0,0,0,89,0,32,0,0,0,0,251,11,47,47,0.0964
0503100000030401,B,8.400,19.67,1.95,7.85,85,0,4,0,0,0,0,50,0,2,0,0,0,0,105,3,22,22,0.0426
0503100000030937,B,8.300,19.18,-0.05,4.55,37,0,66,0,0,0,0,86,0,99,0,0,0,0,110,100,509,509,0.5729
0503100000030938,B,8.200,19.41,-0.05,4.25,27,0,46,0,0,0,0,87,0,101,0,0,0,0,96,99,510,509,0.5632
0503100000030939,B,8.200,19.41,-0.05,4.25,15,0,45,0,0,0,0,87,0,133,0,0,0,0,79,98,518,516,0.6357
0503100000030940,B,8.200,26.18,-0.15,3.95,36,0,69,0,0,0,0,83,0,27,0,0,0,0,105,46,590,590,0.4465
0503100000030942,B,8.200,28.24,-0.05,3.55,28,0,156,0,0,0,0,64,0,14,0,0,0,0,73,85,571,570,0.6489
0503100000030944,B,8.300,24.08,-0.15,4.35,96,0,54,0,0,0,0,99,0,113,0,0,0,0,162,113,542,541,0.4613
0503100000030945,B,8.100,19.19,0.05,4.45,40,0,80,0,0,0,0,89,0,82,0,0,0,0,105,94,504,501,0.5567
0503100000030946,B,8.100,29.40,-0.05,3.65,54,0,143,0,0,0,0,70,0,22,0,0,0,0,90,70,590,586,0.5709
0503100000030947,B,8.200,19.41,-0.05,4.35,53,0,54,0,0,0,0,76,0,81,0,0,0,0,109,92,526,525,0.5114
0503100000030948,B,8.200,19.35,-0.05,4.35,53,0,50,0,0,0,0,83,0,89,0,0,0,0,115,92,514,511,0.5055
0503100000031730,B,7.800,28.86,0.15,2.95,64,0,246,0,0,0,0,80,0,26,0,0,0,0,112,126,934,932,0.6538
0503100000030950,B,8.100,19.22,0.05,4.35,59,0,53,0,0,0,0,62,0,84,0,0,0,0,103,101,486,485,0.5310
0503100000031731,B,7.900,20.23,-0.05,4.05,14,0,0,0,0,0,0,26,0,0,0,0,0,0,33,0,430,430,0.0000
0503100000030951,B,8.100,28.25,-0.05,3.65,65,0,139,0,0,0,0,68,0,1,0,0,0,0,106,57,567,567,0.5128
0503100000030952,B,8.200,29.67,-0.15,3.65,59,0,126,0,0,0,0,61,0,14,0,0,0,0,105,56,549,542,0.5385
0503100000031733,A,11.400,22.06,0.05,7.75,258,0,96,0,0,0,0,58,0,157,0,0,0,0,268,115,1383,1376,0.4446
0503100000030953,B,8.300,32.20,-0.35,3.25,58,0,178,0,0,0,0,35,0,93,0,0,0,0,77,144,688,682,0.7445
0503100000030954,B,8.100,19.25,0.05,5.45,45,0,131,0,0,0,0,83,0,80,0,0,0,0,112,112,501,501,0.6224
0503100000030956,B,8.400,21.78,-0.05,5.85,154,0,135,0,0,0,0,26,0,13,0,0,0,0,136,86,133,133,0.4512
0503100000033579,B,9.900,127.21,0.05,5.25,1329,0,2374,0,0,0,0,1356,0,830,0,0,0,0,2104,1464,45085,45082,0.5441
0503100000030957,B,8.400,19.08,-0.05,5.85,153,0,76,0,0,0,0,20,0,3,0,0,0,0,159,31,89,89,0.3135
0503100000030958,B,8.500,27.21,-0.15,3.05,55,0,110,0,0,0,0,60,0,40,0,0,0,0,70,59,1134,1076,0.5660
0503100000030959,B,8.400,24.71,-0.15,5.75,117,0,124,0,0,0,0,94,0,39,0,0,0,0,144,61,556,556,0.4358
0503100000030960,B,8.500,24.71,-0.25,5.75,113,0,110,0,0,0,0,86,0,50,0,0,0,0,147,60,438,438,0.4457
0503100000030961,B,8.400,24.04,-0.25,4.35,264,0,114,0,0,0,0,56,0,246,0,0,0,0,302,226,1042,1042,0.5294
0503100000030963,B,8.100,32.83,-0.15,3.65,223,0,239,0,0,0,0,66,0,6,0,0,0,0,264,102,1153,1152,0.4588
0503100000030964,B,7.900,27.98,-0.05,3.65,94,0,265,0,0,0,0,58,0,8,0,0,0,0,125,125,1076,1075,0.6424
0503100000030965,B,7.900,32.76,0.05,3.75,103,0,258,0,0,0,0,223,0,41,0,0,0,0,300,144,1116,1116,0.4784
0503100000030966,B,7.800,28.03,0.15,3.75,62,0,156,0,0,0,0,36,0,29,0,0,0,0,74,93,665,660,0.6537
0503100000030969,B,10.300,52.26,1.15,8.75,344,0,79,0,0,0,0,148,0,55,0,0,0,0,394,49,2166,2165,0.2141
0503100000031788,B,6.900,20.85,1.55,4.25,10,0,67,0,0,0,0,9,0,7,0,0,0,0,2,30,270,270,0.7957
0503100000030017,B,8.300,20.22,-0.05,4.15,25,0,88,0,0,0,0,79,0,53,0,0,0,0,86,92,495,486,0.5755
0503100000031345,B,8.100,28.76,-0.05,2.65,106,0,266,0,0,0,0,41,0,10,0,0,0,0,134,119,921,919,0.6525
0503100000030018,B,11.500,124.98,-0.15,7.55,1232,0,706,0,0,0,0,918,0,259,0,0,0,0,2024,546,7028,6929,0.3098
0503100000032701,B,8.100,19.48,1.75,5.95,53,0,22,0,0,0,0,16,0,40,0,0,0,0,62,54,323,319,0.4733
0503100000030030,B,8.200,19.49,1.75,5.95,48,0,25,0,0,0,0,15,0,38,0,0,0,0,58,53,341,337,0.5000
0503100000030031,B,8.100,19.48,1.75,5.95,45,0,21,0,0,0,0,16,0,32,0,0,0,0,54,45,331,327,0.4649
0503100000031359,A,36.600,56.90,0.25,34.35,491,0,1004,0,0,0,0,758,0,447,0,0,0,0,956,972,3482,3287,0.5374
0503100000031360,A,25.600,44.64,0.05,23.05,233,0,0,0,0,0,0,1630,0,20,0,0,0,0,1234,3,3753,3631,0.0106
0503100000031361,A,25.600,44.68,0.05,23.15,394,0,4,0,0,0,0,1147,0,85,0,0,0,0,1256,44,2203,2061,0.0546
0503100000031362,A,8.500,174.36,0.55,3.75,730,0,158,0,0,0,0,523,0,175,0,0,0,0,891,150,15572,15320,0.2100
0503100000031363,A,51.000,169.57,1.35,49.75,14538,0,222,0,0,0,0,9931,0,50,0,0,0,0,15810,115,17302,16599,0.0110
0503100000032242,B,10.700,24.00,1.45,7.55,101,0,0,0,0,0,0,113,0,0,0,0,0,0,145,0,628,607,0.0000
0503100000031364,A,53.500,164.85,1.35,52.35,15450,0,264,0,0,0,0,17489,0,143,0,0,0,0,20703,169,10765,10264,0.0122
0503100000032243,B,10.600,29.07,1.45,7.55,195,0,27,0,0,0,0,91,0,65,0,0,0,0,229,46,649,631,0.2434
0503100000031365,A,29.200,44.66,-0.25,22.85,1126,0,5,0,0,0,0,995,0,68,0,0,0,0,1713,27,7054,6515,0.0333
0503100000031380,A,9.300,26.34,1.35,8.15,269,0,9,0,0,0,0,40,0,18,0,0,10,0,268,14,177,177,0.0780
0503100000030049,A,34.800,202.44,1.45,30.95,7322,0,1711,0,0,0,0,3063,0,1704,0,0,0,0,8560,1587,23866,22948,0.2475
0503100000031822,A,8.600,25.15,-0.15,4.55,263,0,22,0,0,0,0,57,0,2,0,0,0,0,279,18,930,929,0.0698
0503100000031824,A,19.800,164.97,0.05,17.25,5591,0,3393,0,0,0,0,1893,0,917,0,0,0,0,6344,2277,20515,20468,0.3654
0503100000031036,B,8.300,19.42,-0.05,4.45,47,0,78,0,0,0,0,82,0,103,0,0,0,0,107,111,502,502,0.5839
0503100000031037,B,8.200,35.72,-0.15,3.45,112,0,170,0,0,0,0,55,0,60,0,0,0,0,154,117,648,639,0.5793
0503100000031038,B,8.200,23.90,-0.05,4.45,85,0,162,0,0,0,0,222,0,211,0,0,0,0,291,230,1070,1056,0.5485
0503100000031039,B,8.200,29.44,-0.15,3.35,39,0,195,0,0,0,0,42,0,35,0,0,0,0,53,121,576,575,0.7395
0503100000031040,B,8.200,19.21,-0.05,4.35,31,0,48,0,0,0,0,41,0,96,0,0,0,0,54,91,520,519,0.6667
0503100000031041,B,8.100,19.19,-0.05,4.05,62,0,2,0,0,0,0,35,0,72,0,0,0,0,78,32,581,580,0.4327
0503100000031043,B,8.300,35.72,-0.25,3.35,82,0,276,0,0,0,0,250,0,36,0,0,0,0,302,136,1038,1036,0.4845
0503100000030527,B,8.500,21.30,-0.05,3.75,41,0,128,0,0,0,0,53,0,26,0,0,0,0,73,82,677,677,0.6210
0503100000031044,B,8.200,27.35,-0.15,3.85,87,0,120,0,0,0,0,229,0,65,0,0,0,0,275,98,828,825,0.3693
0503100000031045,B,7.800,28.20,-0.15,3.15,73,0,248,0,0,0,0,63,0,78,0,0,0,0,116,162,714,711,0.7056
0503100000031046,B,8.200,29.37,-0.25,2.95,115,0,249,0,0,0,0,74,0,46,0,0,0,0,149,142,580,576,0.6095
0503100000031837,B,6.300,149.39,-0.25,3.45,868,0,74,0,0,0,0,1338,0,2,0,0,0,0,2100,36,33338,33318,0.0333
0503100000031047,B,8.400,19.47,-0.15,4.35,39,0,37,0,0,0,0,63,0,101,0,0,0,0,87,83,522,517,0.5750
0503100000031048,B,8.400,19.39,-0.15,4.35,35,0,35,0,0,0,0,56,0,103,0,0,0,0,65,86,508,505,0.6026
0503100000031049,B,8.100,19.21,0.05,4.35,62,0,110,0,0,0,0,32,0,232,0,0,0,0,88,220,1044,1044,0.7844
0503100000031050,B,8.300,19.41,-0.15,4.35,76,0,96,0,0,0,0,104,0,184,0,0,0,0,142,182,1020,1012,0.6087
0503100000031051,B,8.300,19.35,-0.15,4.35,72,0,82,0,0,0,0,94,0,190,0,0,0,0,124,178,1004,1004,0.6210
0503100000031052,B,8.400,35.84,-0.35,3.65,106,0,274,0,0,0,0,380,0,55,0,0,0,0,444,178,1254,1252,0.4037
0503100000031053,B,8.200,28.25,-0.15,2.85,92,0,230,0,0,0,0,60,0,61,0,0,0,0,128,122,666,657,0.6569
0503100000031054,B,8.100,35.76,-0.05,3.55,94,0,314,0,0,0,0,272,0,78,0,0,0,0,326,198,1268,1242,0.5172
0503100000031055,B,8.400,19.22,-0.05,5.55,98,0,326,0,0,0,0,126,0,186,0,0,0,0,204,248,1074,1072,0.6957
0503100000031400,B,8.400,27.09,-0.15,4.75,132,0,102,0,0,0,0,14,0,7,0,0,0,0,135,40,422,422,0.4275
0503100000031404,B,8.200,21.00,-0.05,3.25,31,0,63,0,0,0,0,23,0,43,0,0,0,0,46,57,301,297,0.6625
0503100000031405,A,11.400,20.37,0.05,7.85,252,0,34,0,0,0,0,72,0,132,0,0,0,0,278,86,1217,1211,0.3388
0503100000034102,B,8.900,75.24,2.85,8.45,774,0,0,0,0,0,0,458,0,0,0,0,0,0,1096,0,5224,5208,0.0000
0503100000030551,B,10.300,112.91,-0.25,3.35,777,0,20,0,0,0,0,420,0,58,0,0,0,0,1092,47,24394,24194,0.0612
0503100000031429,A,19.900,164.99,-0.25,17.15,7944,0,68,0,0,0,0,1658,0,2,0,0,0,0,7072,28,10425,10364,0.0072
0503100000033231,B,9.100,26.88,1.25,7.75,435,0,27,0,0,0,0,61,0,39,0,0,0,0,422,30,866,866,0.1174
0503100000033232,B,9.100,17.83,1.25,7.75,176,0,13,0,0,0,0,53,0,29,0,0,0,0,195,21,581,581,0.1550
0503100000033233,B,9.100,18.02,1.25,7.75,182,0,19,0,0,0,0,58,0,26,0,0,0,0,201,19,619,603,0.1579
0503100000031441,A,8.300,20.63,0.05,4.35,54,0,2,0,0,0,0,38,0,0,0,0,0,0,69,1,651,648,0.0213
0503100000033234,B,9.200,18.02,1.25,7.85,186,0,13,0,0,0,0,62,0,12,0,0,0,0,196,12,479,479,0.0916
0503100000033235,B,9.100,18.02,1.25,7.75,173,0,17,0,0,0,0,48,0,27,0,0,0,0,194,20,532,532,0.1660
0503100000033236,B,9.100,18.02,1.25,7.75,174,0,22,0,0,0,0,57,0,29,0,0,0,0,202,25,513,513,0.1809
0503100000033237,B,9.200,18.02,1.25,7.85,194,0,10,0,0,0,0,58,0,24,0,0,0,0,212,15,496,496,0.1189
0503100000033238,B,9.100,18.02,1.25,7.75,185,0,18,0,0,0,0,59,0,19,0,0,0,0,195,21,516,516,0.1317
0503100000033239,B,9.100,17.83,1.25,7.75,187,0,21,0,0,0,0,36,0,35,0,0,0,0,190,27,512,512,0.2007
0503100000033240,B,9.100,23.69,1.25,7.75,253,0,152,0,0,0,0,50,0,57,0,0,0,0,241,98,795,790,0.4082
0503100000033241,B,9.000,22.35,1.25,7.75,288,0,121,0,0,0,0,51,0,12,0,0,0,0,284,74,802,798,0.2818
0503100000033242,B,9.100,22.35,1.25,7.75,259,0,144,0,0,0,0,54,0,13,0,0,0,0,276,86,948,942,0.3340
0503100000033243,B,9.100,28.40,1.25,7.75,389,0,123,0,0,0,0,68,0,3,0,0,0,0,408,56,926,921,0.2161
0503100000033245,B,8.900,33.90,1.35,7.75,544,0,107,0,0,0,0,133,0,13,0,0,0,0,462,41,618,618,0.1506
0503100000033246,B,8.900,17.84,1.35,7.75,149,0,27,0,0,0,0,34,0,46,0,0,0,0,166,34,316,316,0.2852
0503100000033247,B,8.900,18.01,1.35,7.75,154,0,30,0,0,0,0,48,0,33,0,0,0,0,169,27,339,339,0.2377
0503100000033248,B,8.900,18.01,1.35,7.75,168,0,12,0,0,0,0,93,0,9,0,0,0,0,202,7,331,331,0.0745
0503100000033249,B,8.900,18.02,1.35,7.75,153,0,25,0,0,0,0,74,0,16,0,0,0,0,181,20,350,350,0.1530
0503100000033250,B,8.900,18.01,1.35,7.75,152,0,26,0,0,0,0,58,0,28,0,0,0,0,179,24,356,356,0.2045
0503100000033251,B,8.900,18.02,1.35,7.75,142,0,25,0,0,0,0,79,0,17,0,0,0,0,190,19,339,339,0.1597
0503100000033252,B,8.900,18.01,1.35,7.75,145,0,26,0,0,0,0,69,0,27,0,0,0,0,183,20,369,369,0.1985
0503100000033253,B,8.900,17.82,1.35,7.75,184,0,3,0,0,0,0,84,0,7,0,0,0,0,211,6,357,357,0.0360
0503100000033254,B,8.900,23.68,1.35,7.75,316,0,103,0,0,0,0,76,0,21,0,0,0,0,312,41,653,651,0.2403
0503100000033255,B,8.900,22.35,1.35,7.75,280,0,114,0,0,0,0,30,0,24,0,0,0,0,276,68,649,644,0.3080
0503100000031919,B,8.000,69.67,1.65,6.55,726,0,536,0,0,0,0,813,0,377,0,0,0,0,974,439,4526,4524,0.3723
0503100000033256,B,8.900,22.35,1.35,7.75,245,0,151,0,0,0,0,31,0,25,0,0,0,0,253,82,655,654,0.3894
0503100000033257,B,9.000,28.40,1.35,7.75,366,0,127,0,0,0,0,40,0,30,0,0,0,0,382,73,937,932,0.2789
0503100000033258,B,9.000,28.16,1.25,7.75,400,0,133,0,0,0,0,101,0,2,0,0,0,0,448,62,521,516,0.2123
0503100000033259,B,9.100,22.15,1.25,7.75,196,0,145,0,0,0,0,41,0,0,0,0,0,0,189,59,701,697,0.3796
0503100000033260,B,9.000,22.15,1.25,7.75,209,0,140,0,0,0,0,40,0,1,0,0,0,0,209,73,518,512,0.3615
0503100000033261,B,9.000,22.15,1.25,7.75,198,0,167,0,0,0,0,37,0,1,0,0,0,0,198,83,465,461,0.4169
0503100000033262,B,9.000,22.15,1.25,7.75,197,0,145,0,0,0,0,30,0,0,0,0,0,0,199,74,435,431,0.3898
0503100000033263,B,9.000,22.04,1.25,7.75,193,0,129,0,0,0,0,24,0,0,0,0,0,0,175,68,483,479,0.3728
0503100000033264,B,9.000,21.42,1.25,7.75,200,0,143,0,0,0,0,39,0,1,0,0,0,0,183,63,482,476,0.3760
0503100000033265,B,9.000,28.15,1.25,7.75,606,0,116,0,0,0,0,50,0,1,0,0,0,0,594,51,484,481,0.1514
0503100000032408,B,6.900,26.40,1.95,5.65,61,0,8,0,0,0,0,52,0,29,0,0,0,0,97,23,400,400,0.2467
0503100000033305,A,21.900,174.91,1.35,20.75,4383,0,575,0,0,0,0,1034,0,118,0,0,0,0,3850,502,25363,24771,0.1134
0503100000031551,B,8.400,29.90,-0.15,5.75,260,0,128,0,0,0,0,77,0,38,0,0,0,0,204,62,486,486,0.3300
0503100000031554,B,7.900,28.04,0.15,3.85,77,0,162,0,0,0,0,89,0,15,0,0,0,0,110,85,819,816,0.5160
0503100000031555,B,7.900,28.00,0.05,3.65,44,0,292,0,0,0,0,67,0,36,0,0,0,0,90,163,1105,1101,0.7472
0503100000031556,B,8.300,19.48,0.05,5.25,22,0,0,0,0,0,0,9,0,0,0,0,0,0,18,0,529,529,0.0000
0503100000032908,A,17.300,123.50,2.15,16.95,1877,0,482,0,0,0,0,1097,0,582,0,0,0,0,2133,486,3444,3224,0.2635
0503100000032937,B,8.200,28.20,-0.15,3.15,51,0,322,0,0,0,0,51,0,80,0,0,0,0,75,200,867,867,0.7976
0503100000032938,B,8.300,19.38,-0.15,4.35,76,0,90,0,0,0,0,114,0,192,0,0,0,0,148,200,1062,1058,0.5975
0503100000032487,B,14.400,313.65,1.25,13.15,3648,0,0,0,0,0,0,1207,0,0,0,0,0,0,3145,0,1835,1755,0.0000
0503100000032957,B,20.500,97.94,1.45,17.35,1587,0,1370,0,0,0,0,526,0,726,0,0,0,0,1008,847,10331,10062,0.4980
0503100000036119,B,7.100,48.85,0.85,5.45,540,0,0,0,0,0,0,263,0,0,0,0,0,0,668,0,1817,1791,0.0000
0503100000032524,B,6.400,21.70,2.05,5.45,22,0,18,0,0,0,0,9,0,3,0,0,0,0,19,11,391,391,0.4038
0503100000032553,B,10.000,257.71,-0.45,3.95,1042,0,0,0,0,0,0,1208,0,1,0,0,0,0,2066,1,14752,14624,0.0004
0503100000037115,B,9.600,17.74,1.55,8.35,57,0,12,0,0,0,0,5,0,0,0,0,0,0,42,6,300,300,0.1622
0503100000037116,B,9.500,17.74,1.55,8.35,49,0,13,0,0,0,0,8,0,0,0,0,0,0,34,4,315,315,0.1857
0503100000037117,B,9.500,17.29,1.55,8.35,49,0,9,0,0,0,0,5,0,0,0,0,0,0,37,3,296,296,0.1429
0503100000037118,B,9.500,17.29,1.55,8.35,51,0,9,0,0,0,0,6,0,0,0,0,0,0,36,3,310,310,0.1364
0503100000037119,B,9.500,17.28,1.55,8.35,47,0,12,0,0,0,0,9,0,0,0,0,0,0,38,4,283,283,0.1765
0503100000037120,B,9.600,17.28,1.55,8.35,49,0,10,0,0,0,0,8,0,0,0,0,0,0,37,4,279,279,0.1493
0503100000037121,B,9.500,18.63,1.55,8.35,62,0,14,0,0,0,0,7,0,0,0,0,0,0,43,5,393,393,0.1687
0503100000037122,B,9.500,17.73,1.55,8.35,52,0,13,0,0,0,0,8,0,0,0,0,0,0,37,4,327,327,0.1781
0503100000037123,B,9.500,17.28,1.55,8.35,49,0,9,0,0,0,0,5,0,0,0,0,0,0,35,4,268,268,0.1429
0503100000037124,B,9.500,18.62,1.55,8.35,59,0,15,0,0,0,0,6,0,0,0,0,0,0,41,5,418,416,0.1875
0503100000037125,B,9.500,17.27,1.55,8.35,47,0,10,0,0,0,0,10,0,0,0,0,0,0,39,4,307,306,0.1493
0503100000037126,B,9.500,17.27,1.55,8.35,49,0,13,0,0,0,0,6,0,0,0,0,0,0,32,6,282,282,0.1912
0503100000037127,B,9.500,17.72,1.55,8.35,51,0,11,0,0,0,0,8,0,0,0,0,0,0,41,4,320,320,0.1571
0503100000037128,B,9.500,17.26,1.55,8.35,49,0,9,0,0,0,0,7,0,0,0,0,0,0,36,4,288,286,0.1385
0503100000037592,B,12.000,20.59,1.75,11.25,4,0,0,0,0,0,0,0,0,0,0,0,0,0,3,0,306,306,0.0000
0503100000037129,B,9.500,18.61,1.55,8.35,68,0,17,0,0,0,0,6,0,0,0,0,0,0,47,6,401,399,0.1868
0503100000037593,B,12.000,20.95,1.75,11.25,5,0,0,0,0,0,0,7,0,1,0,0,0,0,5,0,233,233,0.0769
0503100000037130,B,9.500,17.71,1.55,8.35,52,0,10,0,0,0,0,7,0,0,0,0,0,0,42,5,324,324,0.1449
0503100000037131,B,9.500,17.26,1.55,8.35,48,0,10,0,0,0,0,6,0,0,0,0,0,0,40,3,276,276,0.1562
0503100000037594,B,12.700,122.50,1.85,11.95,190,0,162,0,0,0,0,132,0,176,0,0,0,0,118,150,6671,6573,0.5121
0503100000037132,B,9.500,18.60,1.55,8.45,68,0,8,0,0,0,0,8,0,0,0,0,0,0,48,3,311,311,0.0952
0503100000037133,B,9.500,17.70,1.55,8.35,59,0,11,0,0,0,0,7,0,0,0,0,0,0,47,3,305,305,0.1429
0503100000037134,B,9.600,18.60,1.55,8.35,60,0,10,0,0,0,0,6,0,0,0,0,0,0,45,3,380,380,0.1316
0503100000037135,B,9.500,17.25,1.55,8.35,58,0,10,0,0,0,0,8,0,0,0,0,0,0,48,4,278,278,0.1316
0503100000037136,B,9.500,18.60,1.55,8.35,63,0,14,0,0,0,0,6,0,0,0,0,0,0,46,4,383,383,0.1687
0503100000037137,B,9.500,19.49,1.55,8.35,63,0,21,0,0,0,0,2,0,4,0,0,0,0,43,11,460,460,0.2778
0503100000037138,B,9.500,18.26,1.55,8.35,42,0,12,0,0,0,0,1,0,0,0,0,0,0,31,4,392,391,0.2182
0503100000037139,B,9.600,20.39,1.55,8.45,317,0,16,0,0,0,0,16,0,0,0,0,0,0,299,8,642,642,0.0458
0503100000037140,B,9.500,26.40,1.55,8.35,410,0,24,0,0,0,0,92,0,0,0,0,0,0,434,12,552,552,0.0456
0503100000037141,B,9.500,17.22,1.55,8.35,96,0,24,0,0,0,0,96,0,0,0,0,0,0,130,12,632,632,0.1111
0503100000037142,B,9.500,17.22,1.55,8.45,100,0,22,0,0,0,0,100,0,0,0,0,0,0,162,10,392,390,0.0991
0503100000037143,B,9.500,17.23,1.55,8.35,110,0,18,0,0,0,0,98,0,0,0,0,0,0,158,10,556,556,0.0796
0503100000037144,B,9.500,17.23,1.55,8.35,102,0,20,0,0,0,0,80,0,0,0,0,0,0,142,10,500,498,0.0990
0503100000037145,B,9.500,17.23,1.55,8.45,124,0,18,0,0,0,0,98,0,0,0,0,0,0,186,10,472,472,0.0750
0503100000037146,B,9.500,17.24,1.55,8.45,102,0,22,0,0,0,0,86,0,0,0,0,0,0,146,8,410,410,0.1048
0503100000037147,B,12.500,17.24,1.55,11.45,194,0,18,0,0,0,0,124,0,0,0,0,0,0,256,8,442,442,0.0536
0503100000037148,B,12.500,17.24,1.55,11.45,208,0,16,0,0,0,0,110,0,0,0,0,0,0,244,6,488,488,0.0479
0503100000037149,B,12.500,17.25,1.55,11.45,142,0,6,0,0,0,0,96,0,0,0,0,0,0,178,2,436,436,0.0246
0503100000037151,B,12.500,25.63,1.55,11.25,152,0,64,0,0,0,0,105,0,0,0,0,0,0,168,23,653,650,0.1994
0503100000037152,B,12.500,22.31,1.55,11.35,119,0,29,0,0,0,0,101,0,0,0,0,0,0,142,8,445,445,0.1165
0503100000037153,B,12.500,20.81,1.55,11.35,153,0,15,0,0,0,0,99,0,0,0,0,0,0,209,7,472,472,0.0562
0503100000037154,B,12.500,19.94,1.55,11.35,128,0,17,0,0,0,0,95,0,0,0,0,0,0,177,8,414,414,0.0708
0503100000037155,B,12.500,19.03,1.55,11.35,125,0,13,0,0,0,0,93,0,0,0,0,0,0,178,7,287,287,0.0563
0503100000037156,B,12.500,19.90,1.55,11.35,137,0,17,0,0,0,0,105,0,0,0,0,0,0,186,7,414,414,0.0656
0503100000035763,A,43.100,150.85,1.35,41.75,6283,0,847,0,0,0,0,2398,0,662,0,0,0,0,6887,700,20117,20061,0.1481
0503100000037157,B,12.500,20.82,1.55,11.35,171,0,0,0,0,0,0,111,0,0,0,0,0,0,215,0,483,463,0.0000
0503100000037158,B,12.500,19.02,1.55,11.35,135,0,0,0,0,0,0,98,0,0,0,0,0,0,182,0,345,345,0.0000
0503100000036714,A,24.300,163.30,1.35,17.35,2788,0,148,0,0,0,0,2274,0,206,0,0,0,0,4465,155,21709,20984,0.0654
0503100000037159,B,12.500,18.72,1.55,11.35,123,0,0,0,0,0,0,102,0,0,0,0,0,0,175,0,306,296,0.0000
0503100000037160,B,12.500,18.33,1.55,11.35,98,0,14,0,0,0,0,99,0,0,0,0,0,0,149,7,382,382,0.0664
0503100000037161,B,12.500,17.77,1.55,11.35,95,0,14,0,0,0,0,100,0,0,0,0,0,0,145,7,301,301,0.0670
0503100000036724,B,22.100,369.15,1.35,14.75,6716,0,3098,0,0,0,0,2976,0,2725,0,0,0,0,7324,2673,54959,47272,0.3753
0503100000037162,B,9.500,17.77,1.55,8.35,56,0,14,0,0,0,0,74,0,0,0,0,0,0,97,8,282,260,0.0972
0503100000033567,A,21.000,465.01,1.45,12.05,8092,8,3997,0,0,0,0,5407,470,1782,0,0,0,0,11847,2966,71152,64930,0.2925
0503100000037163,B,9.500,18.67,1.55,8.35,64,0,14,0,0,0,0,82,0,0,0,0,0,0,109,8,377,377,0.0875
0503100000033568,A,12.500,25.03,1.25,11.05,372,0,151,0,0,0,0,179,0,22,0,0,0,0,487,102,624,622,0.2390
0503100000033569,A,12.400,20.08,1.25,8.95,87,0,0,0,0,0,0,171,0,0,0,0,0,0,223,0,614,611,0.0000
0503100000033570,A,12.300,20.08,1.25,9.05,69,0,0,0,0,0,0,192,0,0,0,0,0,0,216,0,614,608,0.0000
0503100000037164,B,9.500,17.77,1.55,8.35,49,0,11,0,0,0,0,76,0,0,0,0,0,0,97,5,233,233,0.0809
0503100000033571,A,12.300,20.08,1.25,9.15,67,0,0,0,0,0,0,187,0,0,0,0,0,0,212,0,586,584,0.0000
0503100000033572,A,12.300,20.08,1.25,9.05,79,0,3,0,0,0,0,174,0,0,0,0,0,0,213,0,601,598,0.0117
0503100000037165,B,9.500,17.77,1.55,8.35,52,0,11,0,0,0,0,77,0,0,0,0,0,0,94,5,253,253,0.0786
0503100000033573,A,12.100,25.02,1.45,11.05,352,0,151,0,0,0,0,437,0,30,0,0,0,0,710,112,567,567,0.1866
0503100000033574,A,12.200,20.08,1.35,9.05,82,0,14,0,0,0,0,177,0,3,0,0,0,0,219,7,607,606,0.0616
0503100000037166,B,9.500,17.76,1.55,8.35,48,0,14,0,0,0,0,73,0,0,0,0,0,0,92,8,236,236,0.1037
0503100000033575,A,12.300,20.08,1.25,9.05,86,0,14,0,0,0,0,177,0,0,0,0,0,0,221,2,612,611,0.0505
0503100000037167,B,9.500,17.76,1.55,8.35,48,0,13,0,0,0,0,82,0,0,0,0,0,0,97,6,236,236,0.0909
0503100000037168,B,9.600,17.76,1.55,8.35,46,0,11,0,0,0,0,76,0,0,0,0,0,0,95,5,298,298,0.0827
0503100000037169,B,9.500,17.76,1.55,8.35,57,0,16,0,0,0,0,78,0,0,0,0,0,0,98,8,246,246,0.1060
0503100000037170,B,9.600,18.66,1.55,8.45,50,0,17,0,0,0,0,87,0,0,0,0,0,0,108,10,327,327,0.1104
0503100000037171,B,12.500,17.76,1.55,11.45,84,0,14,0,0,0,0,100,0,0,0,0,0,0,143,6,272,272,0.0707
0503100000037172,B,12.500,17.31,1.55,11.35,80,0,14,0,0,0,0,111,0,0,0,0,0,0,144,6,221,221,0.0683
0503100000037173,B,12.500,18.67,1.55,11.35,87,0,16,0,0,0,0,127,0,0,0,0,0,0,166,8,359,359,0.0696
0503100000038122,B,8.000,35.71,0.35,3.75,65,0,143,0,0,0,0,40,0,30,0,0,0,0,98,87,1476,1466,0.6223
0503100000038123,B,8.000,35.85,0.35,3.75,62,0,151,0,0,0,0,36,0,32,0,0,0,0,92,98,1483,1477,0.6512
0503100000035282,A,42.900,67.74,1.35,41.75,1214,0,465,0,0,0,0,1534,0,129,0,0,0,0,2079,290,13084,12948,0.1777
0503100000038124,B,8.000,42.25,0.35,3.75,123,0,155,0,0,0,0,33,0,28,0,0,0,0,149,95,1567,1558,0.5398
0503100000038134,B,26.900,103.76,1.55,22.65,923,0,485,0,0,0,0,2720,0,526,0,0,0,0,3314,469,7398,7054,0.2172
0503100000038135,B,23.800,102.73,1.55,22.75,1017,0,1014,0,0,0,0,1851,0,670,0,0,0,0,2244,790,9919,9510,0.3699
0503100000035337,A,12.400,348.69,1.35,10.75,3189,0,1408,0,0,0,0,899,0,33,0,0,0,0,3629,601,194179,187544,0.2606
0503100000034895,A,43.000,89.28,1.35,41.65,2231,0,907,0,0,0,0,3406,0,415,0,0,0,0,4305,633,41245,41102,0.1900
0503100000035380,B,9.400,29.09,1.25,7.95,290,0,109,0,0,0,0,106,0,6,0,0,0,0,291,61,1076,1063,0.2250
0503100000034482,A,15.500,490.05,1.25,14.25,9942,0,696,0,0,0,0,7847,0,5,0,0,0,0,15185,290,50161,48072,0.0379
0503100000036892,B,8.900,25.73,1.75,6.65,40,0,30,0,0,0,0,77,0,96,0,0,0,0,109,70,386,375,0.5185
0503100000035391,B,12.100,22.21,1.35,10.05,240,0,205,0,0,0,0,12,0,20,0,0,0,0,186,107,994,985,0.4717
0503100000036893,B,8.900,20.91,1.75,6.65,29,0,34,0,0,0,0,16,0,88,0,0,0,0,39,70,394,390,0.7305
0503100000035392,B,10.400,23.65,1.35,8.05,202,0,97,0,0,0,0,38,0,18,0,0,0,0,186,72,876,812,0.3239
0503100000036894,B,8.900,20.91,1.75,6.65,34,0,37,0,0,0,0,17,0,96,0,0,0,0,42,78,399,391,0.7228
0503100000036895,B,8.900,20.91,1.75,6.65,35,0,35,0,0,0,0,15,0,87,0,0,0,0,44,68,399,392,0.7093
0503100000035393,B,10.400,30.07,1.25,8.05,431,0,124,0,0,0,0,85,0,20,0,0,0,0,414,86,1078,989,0.2182
0503100000036896,B,8.900,20.91,1.75,6.65,30,0,27,0,0,0,0,16,0,90,0,0,0,0,39,65,384,378,0.7178
0503100000035394,B,9.200,30.26,1.35,7.95,452,0,132,0,0,0,0,130,0,13,0,0,0,0,498,48,1284,1281,0.1994
0503100000036897,B,8.900,20.91,1.75,6.65,29,0,34,0,0,0,0,10,0,94,0,0,0,0,37,73,388,381,0.7665
0503100000035395,B,12.100,24.98,1.35,10.15,193,0,283,0,0,0,0,148,0,59,0,0,0,0,289,206,987,987,0.5007
0503100000036898,B,8.900,20.91,1.75,6.65,32,0,27,0,0,0,0,19,0,95,0,0,0,0,41,64,399,392,0.7052
0503100000036899,B,8.900,25.79,1.75,6.65,121,0,31,0,0,0,0,14,0,99,0,0,0,0,120,75,394,388,0.4906
0503100000035396,B,10.400,23.71,1.35,7.95,86,0,102,0,0,0,0,124,0,13,0,0,0,0,158,41,1250,1197,0.3538
0503100000035397,B,12.100,25.23,1.35,9.55,110,0,152,0,0,0,0,112,0,37,0,0,0,0,175,101,1268,1268,0.4599
0503100000037321,B,17.700,22.45,3.55,15.95,32,0,20,0,0,0,0,19,0,0,0,0,0,0,26,10,547,529,0.2817
0503100000037331,B,13.400,21.17,3.45,14.35,447,0,10,0,0,0,0,39,0,8,0,0,0,0,443,4,95,95,0.0357
0503100000037335,A,22.200,395.54,1.25,17.45,1009,0,1544,0,0,0,0,528,0,1826,0,0,0,0,693,1544,31618,28102,0.6868
0503100000037336,A,63.600,126.72,1.25,38.65,5299,0,1380,0,0,0,0,3437,0,177,0,0,0,0,7414,721,42960,32911,0.1513
0503100000037337,B,21.100,67.19,2.25,20.65,116,0,341,0,0,0,0,70,0,356,0,0,0,0,77,298,3145,3056,0.7894
0503100000037017,B,23.500,107.55,1.55,19.35,1341,0,231,0,0,0,0,1078,0,248,0,0,0,0,2155,211,6783,6615,0.1653
0503100000037362,B,14.200,22.62,3.65,15.15,201,0,21,0,0,0,0,85,0,19,0,0,0,0,255,17,532,532,0.1227
0503100000035052,B,12.700,229.04,2.05,10.85,3777,0,475,0,0,0,0,1518,0,8,0,0,0,0,5122,207,45758,44338,0.0836
0503100000036564,B,7.400,193.11,1.65,6.45,1437,0,71,0,0,0,0,1230,0,159,0,0,0,0,2202,139,14676,14623,0.0794
0503100000037558,B,13.300,49.30,3.35,11.15,322,0,0,0,0,0,0,282,0,0,0,0,0,0,552,0,958,940,0.0000
0503100000037573,B,18.900,138.95,1.75,12.95,31,0,195,0,0,0,0,58,0,413,0,0,0,0,20,320,14933,10407,0.8723
0503100000037579,B,9.300,28.09,1.85,8.55,28,0,0,0,0,0,0,67,0,0,0,0,0,0,46,0,368,348,0.0000
0503100000037580,B,9.400,21.83,1.75,8.55,5,0,0,0,0,0,0,38,0,1,0,0,0,0,10,0,368,349,0.0227
0503100000037584,B,9.400,25.91,1.75,8.55,9,0,0,0,0,0,0,6,0,0,0,0,0,0,8,0,360,358,0.0000
0503100000037585,B,9.000,24.74,1.75,8.25,7,0,0,0,0,0,0,18,0,0,0,0,0,0,16,0,397,397,0.0000
0503100000037586,B,9.000,21.65,1.75,8.25,31,0,0,0,0,0,0,69,0,0,0,0,0,0,50,0,392,377,0.0000
0503100000037587,B,9.000,20.62,1.75,8.25,29,0,0,0,0,0,0,47,0,0,0,0,0,0,36,0,334,318,0.0000
0503100000037590,B,12.000,20.51,1.75,11.25,5,0,0,0,0,0,0,3,0,0,0,0,0,0,7,0,193,193,0.0000
0503100000037591,B,12.000,20.58,1.75,11.25,5,0,0,0,0,0,0,0,0,0,0,0,0,0,4,0,271,271,0.0000
0503100000000189,B,9.500,100.47,-0.15,3.55,553,0,669,0,0,0,0,730,0,263,0,0,0,0,1104,493,19271,18547,0.4208
0503100000031244,B,9.800,123.69,0.05,5.15,609,0,2306,0,0,0,0,1015,0,960,0,0,0,0,1348,1470,44404,44404,0.6679
0503100000037556,B,12.100,22.16,3.55,12.55,70,0,3,0,0,0,0,18,0,0,0,0,0,0,48,1,107,93,0.0330
0503100000037319,B,10.200,27.32,3.35,11.05,40,0,64,0,0,0,0,19,0,72,0,0,0,0,15,55,212,201,0.6974
0503100000037320,B,12.100,21.09,3.35,11.55,117,0,59,0,0,0,0,36,0,13,0,0,0,0,121,36,359,358,0.3200
0503100000037555,B,15.200,19.09,3.55,15.15,66,0,13,0,0,0,0,8,0,4,0,0,0,0,51,12,335,319,0.1868
0503100000010280,A,8.800,31.63,-0.25,6.05,327,0,18,0,0,0,0,19,0,50,0,0,0,0,273,33,770,535,0.1643
0503100000038202,B,19.800,76.10,1.65,18.95,77,25,25,0,0,0,0,84,68,20,0,0,0,0,56,18,323,175,0.1505
0503100000012763,B,6.200,26.88,0.45,3.15,40,0,55,0,0,0,0,73,0,34,0,0,0,0,61,42,499,492,0.4406
0503100000010026,B,8.300,31.39,-0.05,3.75,22,0,41,0,0,0,0,49,0,2,0,0,0,0,61,22,362,350,0.3772
0503100000014307,B,8.200,27.46,-0.05,4.65,69,0,77,0,0,0,0,105,0,31,0,0,0,0,155,54,444,444,0.3830
0503100000001365,B,8.500,22.49,-0.15,3.25,37,0,2,0,0,0,0,91,0,12,0,0,0,0,103,11,642,624,0.0986
0503100000006497,B,7.900,38.61,0.05,3.65,240,0,159,0,0,0,0,116,0,21,0,0,0,0,246,82,856,821,0.3358
0503100000006492,B,7.800,38.29,0.05,3.55,88,0,253,0,0,0,0,244,0,46,0,0,0,0,291,146,1273,1270,0.4739
0503100000006743,B,8.300,23.26,1.45,6.75,23,0,68,0,0,0,0,6,0,15,0,0,0,0,16,42,401,398,0.7411
0503100000006732,B,8.200,23.29,1.45,6.75,26,0,71,0,0,0,0,14,0,14,0,0,0,0,25,46,406,403,0.6800
0503100000010378,A,11.800,25.92,-0.35,7.75,144,0,50,0,0,0,0,97,0,64,0,0,0,0,147,68,811,811,0.3211
0503100000006611,B,8.400,23.54,-0.05,5.25,126,0,0,0,0,0,0,67,0,0,0,0,0,0,74,0,536,536,0.0000
0503100000001548,A,11.400,37.39,-0.15,7.45,358,0,85,0,0,0,0,367,0,100,0,0,0,0,335,84,965,936,0.2033
0503100000038177,A,19.000,128.36,0.95,17.45,4432,0,1195,0,0,0,0,737,0,1563,0,0,0,0,3627,1256,21644,19846,0.3479
0503100000010671,B,8.800,25.44,0.15,5.95,38,0,151,0,0,0,0,39,0,49,0,0,0,0,55,111,546,544,0.7220
0503100000019516,A,6.200,24.93,0.45,4.15,90,0,154,0,0,0,0,29,0,23,0,0,0,0,94,75,65,65,0.5980
0503100000019515,A,6.300,28.45,0.35,4.15,144,0,4,0,0,0,0,93,0,0,0,0,0,0,173,3,51,51,0.0166
0503100000037588,B,12.000,20.60,1.75,11.25,32,0,22,0,0,0,0,54,0,28,0,0,0,0,37,26,260,244,0.3676
0503100000037581,B,9.400,21.79,1.75,8.55,14,0,1,0,0,0,0,39,0,14,0,0,0,0,23,4,382,372,0.2206
0503100000037583,B,9.400,22.79,1.75,8.55,13,0,4,0,0,0,0,42,0,20,0,0,0,0,24,13,370,352,0.3038
0503100000037589,B,12.000,24.42,1.75,11.25,29,0,14,0,0,0,0,39,0,9,0,0,0,0,32,8,238,221,0.2527
0503100000037582,B,9.400,25.28,1.75,8.55,10,0,28,0,0,0,0,10,0,18,0,0,0,0,8,20,392,372,0.6970
0503100000018810,A,6.000,30.48,-0.15,3.35,110,0,0,0,0,0,0,204,0,0,0,0,0,0,210,0,145,145,0.0000
0503100000021319,B,6.200,34.17,0.45,3.05,10,0,127,0,0,0,0,45,0,38,0,0,0,0,17,84,603,603,0.7500
0503100000005602,B,8.400,25.00,0.05,5.05,19,0,94,0,0,0,0,23,0,15,0,0,0,0,31,44,648,648,0.7219
0503100000031079,B,7.800,34.03,-0.05,3.45,100,0,276,0,0,0,0,46,0,57,0,0,0,0,107,165,1262,1262,0.6952
0503100000010569,B,8.500,24.04,0.15,3.35,33,0,121,0,0,0,0,14,0,47,0,0,0,0,34,87,580,579,0.7814
0503100000001290,B,8.400,24.02,0.15,6.05,77,0,46,0,0,0,0,17,0,17,0,0,0,0,73,43,328,328,0.4013
0503100000011599,B,8.700,20.36,-0.05,4.35,77,0,34,0,0,0,0,35,0,32,0,0,0,0,70,46,331,331,0.3708
0503100000024901,B,8.600,21.33,-0.05,4.55,39,0,54,0,0,0,0,33,0,28,0,0,0,0,54,55,308,308,0.5325
0503100000028267,B,8.300,103.84,1.35,7.15,694,0,283,0,0,0,0,173,0,107,0,0,0,0,327,182,2413,2349,0.3103
0503100000020032,A,6.000,26.14,-0.15,3.35,307,0,0,0,0,0,0,108,0,0,0,0,0,0,150,0,1001,1001,0.0000
0503100000020028,A,6.000,26.12,-0.15,3.35,347,0,0,0,0,0,0,65,0,0,0,0,0,0,43,0,1153,1153,0.0000
0503100000031457,A,6.000,26.00,-0.15,3.35,299,0,0,0,0,0,0,28,0,0,0,0,0,0,163,0,684,684,0.0000
0503100000020037,A,6.000,20.35,-0.15,3.35,112,0,0,0,0,0,0,37,0,0,0,0,0,0,53,0,1077,1077,0.0000
0503100000020038,A,6.000,20.35,-0.15,3.35,121,0,0,0,0,0,0,44,0,0,0,0,0,0,68,0,1100,1100,0.0000
0503100000030019,A,6.100,25.99,-0.15,3.35,331,0,0,0,0,0,0,157,0,0,0,0,0,0,93,0,1194,1194,0.0000
0503100000020043,A,6.000,25.98,-0.15,3.35,156,0,0,0,0,0,0,86,0,0,0,0,0,0,54,0,561,561,0.0000
0503100000020039,A,6.000,25.97,-0.15,3.35,230,0,16,0,0,0,0,20,0,53,0,0,0,0,111,23,505,505,0.2163
0503100000019950,A,6.000,25.98,-0.15,3.35,159,0,0,0,0,0,0,44,0,0,0,0,0,0,41,0,651,651,0.0000
0503100000018711,A,6.000,20.34,-0.15,3.35,57,0,0,0,0,0,0,21,0,0,0,0,0,0,40,0,285,285,0.0000
0503100000018710,A,6.000,20.34,-0.15,3.35,53,0,0,0,0,0,0,35,0,0,0,0,0,0,39,0,658,658,0.0000
0503100000030027,A,6.000,20.33,-0.15,3.35,62,0,0,0,0,0,0,36,0,0,0,0,0,0,43,0,601,601,0.0000
0503100000020165,A,6.100,25.97,-0.25,3.35,249,0,3,0,0,0,0,34,0,17,0,0,0,0,67,10,526,526,0.0660
0503100000018712,A,6.100,31.94,-0.15,3.35,280,0,0,0,0,0,0,88,0,0,0,0,0,0,148,0,772,747,0.0000
0503100000030020,A,6.000,25.86,-0.05,3.35,120,0,0,0,0,0,0,8,0,0,0,0,0,0,46,0,713,713,0.0000
0503100000025461,B,8.400,28.75,-0.25,4.35,101,0,49,0,0,0,0,44,0,102,0,0,0,0,107,98,622,619,0.5101
